Date,Open,High,Low,Close,Adj Close,Volume,Company
2012-01-02,345.1285400390625,351.542724609375,340.3488464355469,349.957763671875,323.03668212890625,8679938,Reliance
2012-01-03,352.7809753417969,360.0372009277344,351.83990478515625,358.9227600097656,331.31207275390625,9455771,Reliance
2012-01-04,360.28485107421875,362.0431823730469,353.3258361816406,354.7126770019531,327.4259338378906,8557084,Reliance
2012-01-05,354.14306640625,359.07135009765625,343.79119873046875,346.4658508300781,319.8134765625,13364666,Reliance
2012-01-06,345.2523498535156,358.600830078125,345.0542297363281,355.4060974121094,328.0659484863281,9495456,Reliance
2012-01-09,353.87066650390625,353.87066650390625,347.927001953125,349.80914306640625,322.8996276855469,8485434,Reliance
2012-01-10,352.6571655273437,366.0303955078125,352.6571655273437,364.6435546875,336.5928649902344,9100905,Reliance
2012-01-11,365.4855651855469,372.9646606445313,362.3156127929688,370.6119689941406,342.1021423339844,9776083,Reliance
2012-01-12,370.240478515625,372.9399108886719,362.8604431152344,364.9902648925781,336.9128723144531,6564892,Reliance
2012-01-13,367.5163269042969,371.94927978515625,360.6315612792969,362.4642028808594,334.58111572265625,9474828,Reliance
2012-01-16,361.5478820800781,361.5478820800781,352.161865234375,353.1277160644531,325.9628601074219,8212087,Reliance
2012-01-17,354.6383972167969,368.7050476074219,354.6383972167969,367.54107666015625,339.2674560546875,10493808,Reliance
2012-01-18,377.4224243164063,390.2508239746094,375.4659729003906,386.2140808105469,356.5040283203125,18672849,Reliance
2012-01-19,390.795654296875,394.2380065917969,387.3780517578125,389.1363830566406,359.20147705078125,11070972,Reliance
2012-01-20,391.29095458984375,396.2439880371094,382.4002380371094,392.603515625,362.4019470214844,14641208,Reliance
2012-01-23,374.1038818359375,386.2140808105469,374.0543518066406,382.152587890625,352.7549743652344,13037592,Reliance
2012-01-24,383.6632690429688,392.08343505859375,381.5829772949219,388.1952819824219,358.3327941894531,10287598,Reliance
2012-01-25,390.6470642089844,393.7674865722656,387.7247619628906,391.7615051269531,361.6247253417969,7747155,Reliance
2012-01-27,396.2439880371094,410.0630187988281,395.7486877441406,406.3482360839844,375.08929443359375,11236492,Reliance
2012-01-30,403.1287536621094,405.58050537109375,392.380615234375,393.6436462402344,363.362060546875,9749731,Reliance
2012-01-31,398.4728698730469,406.5463562011719,396.93743896484375,404.7137145996094,373.5805358886719,12647685,Reliance
2012-02-01,405.6052551269531,413.0843811035156,404.16888427734375,411.697509765625,380.0270690917969,7625212,Reliance
2012-02-02,413.5796813964844,417.3935241699219,408.2056274414063,410.7316589355469,379.1355285644531,9896889,Reliance
2012-02-03,411.1031494140625,416.0562133789063,403.9955139160156,415.2141723632813,383.273193359375,9225041,Reliance
2012-02-06,418.978515625,420.7615966796875,408.1808471679688,412.5890808105469,380.85009765625,8044360,Reliance
2012-02-07,417.04681396484375,422.3465881347656,413.2081909179688,418.3098449707031,386.1307373046875,9723255,Reliance
2012-02-08,419.5233459472656,428.2902221679688,418.53271484375,425.1697998046875,392.4629821777344,7364403,Reliance
2012-02-09,424.3525695800781,425.9127807617188,417.343994140625,422.9161682128906,390.3827209472656,8700075,Reliance
2012-02-10,421.1826171875,425.4670104980469,415.0655822753906,417.66595458984375,385.5364074707031,6900747,Reliance
2012-02-13,416.6010437011719,425.3679504394531,416.551513671875,420.6377868652344,388.2796325683594,7053631,Reliance
2012-02-14,419.4738159179688,424.17919921875,417.5421142578125,420.4644165039063,388.11956787109375,6327860,Reliance
2012-02-15,423.0895385742188,423.8572692871094,412.6138305664063,414.3969421386719,382.5188903808594,14500796,Reliance
2012-02-16,411.5984497070313,411.5984497070313,398.5719299316406,402.4105529785156,371.4544982910156,12805396,Reliance
2012-02-17,407.16546630859375,409.320068359375,401.2961120605469,405.258544921875,374.0834655761719,16578320,Reliance
2012-02-21,404.9118347167969,420.39013671875,403.7231140136719,417.8145446777344,385.673583984375,16825319,Reliance
2012-02-22,420.0186462402344,424.6744995117188,411.1526794433594,412.7872009277344,381.032958984375,11605231,Reliance
2012-02-23,412.09375,420.959716796875,409.4191284179688,415.8580932617188,383.8676452636719,8817381,Reliance
2012-02-24,412.8367309570313,416.8982238769531,403.4259338378906,406.1253356933594,374.8835754394531,8651307,Reliance
2012-02-27,407.0416564941406,408.9237976074219,379.0816955566406,387.05609130859375,357.2812194824219,12816779,Reliance
2012-02-28,390.8204040527344,396.4173583984375,390.1517639160156,394.5104370117188,364.16217041015625,10679112,Reliance
2012-02-29,398.7453002929688,410.0630187988281,398.2995300292969,406.5215759277344,375.2492980957031,12851372,Reliance
2012-03-01,402.0885925292969,405.5061950683594,396.7888488769531,401.6676025390625,370.7687683105469,5981352,Reliance
2012-03-02,404.2926940917969,405.1594848632813,399.0920104980469,403.2278137207031,372.2089538574219,5855153,Reliance
2012-03-05,402.2124328613281,403.1782836914063,393.39599609375,395.0057373046875,364.6193542480469,6033884,Reliance
2012-03-06,394.7580871582031,400.7017517089844,383.3660583496094,384.6290893554688,355.0409545898437,16212214,Reliance
2012-03-07,384.6290893554688,385.0996398925781,371.97406005859375,377.3233642578125,348.2972412109375,13015675,Reliance
2012-03-09,384.0099792480469,386.1397705078125,380.9886169433594,383.2669982910156,353.7835998535156,7960604,Reliance
2012-03-12,391.29095458984375,397.72991943359375,386.1893005371094,395.52581787109375,365.0994567871094,6941849,Reliance
2012-03-13,397.9528198242188,407.1159362792969,397.8785095214844,406.1253356933594,374.8835754394531,7437996,Reliance
2012-03-14,410.112548828125,411.1031494140625,399.56256103515625,403.4259338378906,372.3918151855469,8133390,Reliance
2012-03-15,405.1594848632813,406.7444763183594,392.9749755859375,394.584716796875,364.230712890625,9349160,Reliance
2012-03-16,386.337890625,395.1047973632813,380.0722961425781,382.548828125,353.1206970214844,11615259,Reliance
2012-03-19,386.8332214355469,387.8238220214844,372.0235900878906,374.00482177734375,345.2339782714844,7374139,Reliance
2012-03-20,374.5001220703125,379.6017456054688,371.6273498535156,376.7042236328125,347.7257385253906,4825148,Reliance
2012-03-21,376.4317932128906,383.118408203125,374.00482177734375,380.41900634765625,351.1547241210937,6558681,Reliance
2012-03-22,379.3540954589844,382.1030578613281,362.5632629394531,364.71783447265625,336.6614074707031,13496043,Reliance
2012-03-23,368.4078674316406,371.2311096191406,365.5846252441406,368.53167724609375,340.181884765625,12440488,Reliance
2012-03-26,368.4573974609375,368.4573974609375,360.08673095703125,361.6221923828125,333.80389404296875,10676952,Reliance
2012-03-27,365.53509521484375,365.9313354492188,359.1456604003906,362.09271240234375,334.2382507324219,12550349,Reliance
2012-03-28,361.5726623535156,364.4949645996094,356.86724853515625,359.4428405761719,331.7921447753906,8340545,Reliance
2012-03-29,355.6289978027344,361.424072265625,355.6289978027344,358.9227600097656,331.31207275390625,11065337,Reliance
2012-03-30,361.3250122070313,372.9646606445313,360.1362609863281,371.7759399414063,343.1765441894531,7973277,Reliance
2012-04-02,371.1567993164063,371.8997497558594,366.05517578125,366.7981262207031,338.5816345214844,5178348,Reliance
2012-04-03,368.6307373046875,377.8681945800781,368.6307373046875,372.8160705566406,344.1366577148437,8083443,Reliance
2012-04-04,369.0022277832031,374.9458923339844,368.2344970703125,369.9928283691406,341.5306091308594,5452018,Reliance
2012-04-09,366.5504760742188,370.4881286621094,363.6033935546875,367.5906066894531,339.31317138671875,5266492,Reliance
2012-04-10,369.4975280761719,369.9928283691406,365.5846252441406,367.8382568359375,339.5417785644531,3862801,Reliance
2012-04-11,366.0303955078125,366.0303955078125,359.7400207519531,361.7212524414063,333.8952941894531,7524337,Reliance
2012-04-12,363.2071533203125,369.2994079589844,363.2071533203125,368.16021728515625,339.8389892578125,5436054,Reliance
2012-04-13,369.5223083496094,377.4224243164063,365.2874450683594,372.2464599609375,343.6108703613281,6560046,Reliance
2012-04-16,370.0423583984375,373.18756103515625,364.5444946289063,370.5376586914063,342.0335388183594,4854071,Reliance
2012-04-17,373.856201171875,373.856201171875,366.6990661621094,369.6956481933594,341.2562561035156,6412063,Reliance
2012-04-18,371.478759765625,374.8468322753906,367.863037109375,370.7853393554688,342.2621459960937,6921684,Reliance
2012-04-19,373.4104309082031,373.4104309082031,365.7827453613281,367.3429565429688,339.0845642089844,8491224,Reliance
2012-04-20,366.5504760742188,367.02099609375,360.58203125,361.99365234375,334.14678955078125,6886619,Reliance
2012-04-23,359.51715087890625,369.3737182617188,358.69989013671875,364.6930847167969,336.6385803222656,10202196,Reliance
2012-04-24,366.0303955078125,366.7733459472656,358.4522399902344,364.09869384765625,336.0898742675781,7690849,Reliance
2012-04-25,363.6033935546875,367.9620971679688,360.6068115234375,364.6930847167969,336.6385803222656,6270138,Reliance
2012-04-26,365.0893249511719,370.98345947265625,363.3557434082031,369.0270080566406,340.6390991210937,7005751,Reliance
2012-04-27,367.1695861816406,370.067138671875,364.7921447753906,367.5163269042969,339.2445983886719,5769578,Reliance
2012-04-30,365.2874450683594,370.4385986328125,365.2874450683594,369.0517578125,340.66192626953125,5606182,Reliance
2012-05-02,370.4385986328125,372.1721801757813,366.5256958007813,368.2840270996094,339.9532470703125,5778059,Reliance
2012-05-03,365.7827453613281,368.7297973632813,364.12347412109375,365.95611572265625,337.80438232421875,3830290,Reliance
2012-05-04,363.2566833496094,366.5256958007813,357.6101989746094,359.8143310546875,332.1351013183594,7628568,Reliance
2012-05-07,354.14306640625,357.6101989746094,349.23956298828125,354.4897766113281,327.2201538085937,9269137,Reliance
2012-05-08,355.6289978027344,356.07476806640625,346.2182006835937,350.84930419921875,323.8597412109375,7844489,Reliance
2012-05-09,347.7041015625,350.82452392578125,342.280517578125,344.2864990234375,317.8017578125,7410908,Reliance
2012-05-10,345.3514099121094,350.8740539550781,342.0328674316406,343.81597900390625,317.367431640625,6847940,Reliance
2012-05-11,343.2463684082031,348.19940185546875,340.9184265136719,345.32666015625,318.761962890625,6142699,Reliance
2012-05-14,345.722900390625,348.100341796875,336.0892028808594,337.4512939453125,311.492431640625,8239557,Reliance
2012-05-15,336.3121032714844,340.76983642578125,333.8851013183594,337.6246643066406,311.65240478515625,7462767,Reliance
2012-05-16,334.33087158203125,338.1942443847656,333.3650207519531,334.8757019042969,309.11492919921875,6262323,Reliance
2012-05-17,336.93121337890625,341.6861572265625,335.7177429199219,339.35821533203125,313.2525634765625,7188475,Reliance
2012-05-18,335.2719421386719,344.9303894042969,334.33087158203125,341.0422668457031,314.80712890625,4772735,Reliance
2012-05-21,340.0268859863281,347.0602111816406,339.7792358398437,344.484619140625,317.984619140625,4712504,Reliance
2012-05-22,348.9919128417969,348.9919128417969,341.1413269042969,342.3052978515625,315.9730224609375,5931793,Reliance
2012-05-23,339.38299560546875,341.7356872558594,336.5845031738281,340.2002258300781,314.0298156738281,5215671,Reliance
2012-05-24,343.7416687011719,346.7135009765625,339.8287658691406,344.38555908203125,317.8931884765625,4845131,Reliance
2012-05-25,344.2369689941406,344.38555908203125,341.0422668457031,342.3548278808594,316.0187072753906,6228531,Reliance
2012-05-28,342.7510681152344,348.19940185546875,342.7510681152344,347.53076171875,320.7964782714844,5199022,Reliance
2012-05-29,347.8031616210937,351.5675048828125,345.5,347.6298217773437,320.8879089355469,6933739,Reliance
2012-05-30,346.5401306152344,350.9978942871094,344.311279296875,349.80914306640625,322.8996276855469,7108815,Reliance
2012-05-31,345.22760009765625,361.1021118164063,337.97137451171875,349.4872131347656,326.53240966796875,18221017,Reliance
2012-06-01,350.35400390625,351.3941345214844,335.841552734375,339.4077453613281,317.11492919921875,8270800,Reliance
2012-06-04,335.32147216796875,345.22760009765625,333.53839111328125,343.1225280761719,320.585693359375,6585532,Reliance
2012-06-05,344.7322692871094,349.6853332519531,344.2864990234375,347.9765319824219,325.1209411621094,6130844,Reliance
2012-06-06,348.9176025390625,355.6289978027344,345.9705505371094,354.5888671875,331.2989501953125,10731209,Reliance
2012-06-07,357.1396789550781,362.51373291015625,354.76220703125,357.2387390136719,333.7747497558594,12896530,Reliance
2012-06-08,355.6289978027344,362.51373291015625,352.8057556152344,361.424072265625,337.6851806640625,5869121,Reliance
2012-06-11,362.9099731445313,364.74261474609375,355.67852783203125,357.7340393066406,334.237548828125,4593928,Reliance
2012-06-12,354.14306640625,359.5914306640625,353.84588623046875,358.08074951171875,334.5614624023437,5520457,Reliance
2012-06-13,357.7340393066406,358.5760498046875,352.85528564453125,354.7869873046875,331.4840393066406,4591934,Reliance
2012-06-14,354.6383972167969,357.0158386230469,352.1866149902344,354.8117370605469,331.5071716308594,3451846,Reliance
2012-06-15,355.87664794921875,361.4736022949219,355.87664794921875,359.9629211425781,336.32000732421875,4585794,Reliance
2012-06-18,361.7460021972656,363.801513671875,352.6571655273437,356.07476806640625,332.68719482421875,4630879,Reliance
2012-06-19,355.1336975097656,366.228515625,355.1336975097656,365.2626647949219,341.2716369628906,3601568,Reliance
2012-06-20,365.53509521484375,367.9868469238281,363.0585632324219,365.2379150390625,341.24853515625,4759616,Reliance
2012-06-21,363.5538635253906,363.5538635253906,351.8646850585937,355.9757080078125,332.5946960449219,10434160,Reliance
2012-06-22,353.4248962402344,354.0935363769531,348.4718322753906,352.161865234375,329.0313415527344,8828628,Reliance
2012-06-25,353.746826171875,358.08074951171875,352.6571655273437,354.7374572753906,331.4377746582031,5129405,Reliance
2012-06-26,355.38134765625,359.3437805175781,353.87066650390625,358.3531799316406,334.8160705566406,7422874,Reliance
2012-06-27,359.78955078125,361.3745422363281,355.6289978027344,357.8578796386719,334.3532409667969,3557266,Reliance
2012-06-28,358.7989501953125,360.4829711914063,354.9603271484375,356.570068359375,333.1499328613281,5493413,Reliance
2012-06-29,359.1456604003906,366.9714660644531,359.1456604003906,365.4607849121094,341.45672607421875,7739826,Reliance
2012-07-02,364.2968444824219,366.92193603515625,361.6469421386719,365.2379150390625,341.24853515625,3152952,Reliance
2012-07-03,366.5009460449219,367.8382568359375,362.216552734375,364.71783447265625,340.7626342773437,4751104,Reliance
2012-07-04,366.5256958007813,366.5256958007813,361.0030517578125,363.6777038574219,339.79083251953125,4313693,Reliance
2012-07-05,364.0244140625,367.7144470214844,362.5880432128906,365.8818054199219,341.85009765625,3602261,Reliance
2012-07-06,365.53509521484375,365.53509521484375,361.3250122070313,363.9748840332031,340.0684814453125,4273284,Reliance
2012-07-09,361.0773620605469,363.4548034667969,359.6409606933594,362.4642028808594,338.65704345703125,3599143,Reliance
2012-07-10,362.2908325195313,367.5163269042969,361.9689025878906,366.3771057128906,342.3128967285156,2757163,Reliance
2012-07-11,363.2814636230469,364.8416748046875,357.6101989746094,359.4180908203125,335.8110046386719,5509003,Reliance
2012-07-12,357.5606689453125,361.4736022949219,355.1832275390625,357.2139587402344,333.75164794921875,4645678,Reliance
2012-07-13,356.6195983886719,359.8390808105469,354.14306640625,355.87664794921875,332.5021057128906,5248719,Reliance
2012-07-16,356.6195983886719,358.67510986328125,354.1678466796875,356.79296875,333.3582458496094,3372324,Reliance
2012-07-17,358.9970703125,360.5572814941406,355.28228759765625,356.29766845703125,332.8954772949219,5259656,Reliance
2012-07-18,355.6289978027344,357.5359191894531,352.7562255859375,354.539306640625,331.25262451171875,3947091,Reliance
2012-07-19,356.7186584472656,361.5231323242188,355.6289978027344,360.4829711914063,336.8058776855469,5390884,Reliance
2012-07-20,357.7587890625,361.0030517578125,355.158447265625,357.9321594238281,334.42266845703125,5725819,Reliance
2012-07-23,354.14306640625,359.49237060546875,353.3010559082031,356.1242980957031,332.7335205078125,4717004,Reliance
2012-07-24,357.1148986816406,360.012451171875,355.8023376464844,358.8484802246094,335.27880859375,3708206,Reliance
2012-07-25,356.8177185058594,358.87322998046875,352.7314453125,356.2481384277344,332.84918212890625,4037302,Reliance
2012-07-26,357.0653686523437,357.0653686523437,350.0072937011719,351.7408447265625,328.63800048828125,6468771,Reliance
2012-07-27,356.1242980957031,359.9876708984375,354.7126770019531,357.1148986816406,333.6590576171875,6214746,Reliance
2012-07-30,358.10552978515625,362.4642028808594,357.5359191894531,361.3745422363281,337.638916015625,3213827,Reliance
2012-07-31,362.3651428222656,369.5470581054688,357.1148986816406,368.3088073730469,344.1177673339844,6220930,Reliance
2012-08-01,366.6495361328125,371.9245300292969,365.832275390625,369.8690185546875,345.5754699707031,6660322,Reliance
2012-08-02,367.56585693359375,370.2900085449219,364.91595458984375,366.3028259277344,342.2435302734375,3680261,Reliance
2012-08-03,364.0491638183594,370.4881286621094,361.8450622558594,367.7887268066406,343.6318359375,5050568,Reliance
2012-08-06,370.5129089355469,390.9937744140625,370.5129089355469,389.3345031738281,363.762451171875,17253037,Reliance
2012-08-07,389.3345031738281,394.2380065917969,385.2234802246094,388.1952819824219,362.6980285644531,9077838,Reliance
2012-08-08,388.8392028808594,395.7486877441406,387.6009216308594,391.6871948242188,365.9606323242188,8478178,Reliance
2012-08-09,390.7461242675781,394.4609069824219,384.6786193847656,386.4122009277344,361.0320434570313,5884154,Reliance
2012-08-10,385.1739501953125,390.795654296875,383.44036865234375,387.3780517578125,361.9344482421875,4928009,Reliance
2012-08-13,386.0902404785156,391.29095458984375,386.0902404785156,390.3746337890625,364.7342529296875,2853712,Reliance
2012-08-14,390.2508239746094,397.234619140625,389.8050231933594,396.0211181640625,370.0098571777344,7618768,Reliance
2012-08-16,397.2593688964844,407.06640625,395.7982177734375,404.2431640625,377.6918640136719,9983216,Reliance
2012-08-17,405.1099548339844,408.57708740234375,401.023681640625,404.2184143066406,377.6687316894531,6613375,Reliance
2012-08-21,404.16888427734375,408.081787109375,402.3362426757813,403.3020935058594,376.8125915527344,5102980,Reliance
2012-08-22,400.8008117675781,403.9212341308594,399.0672302246094,400.1073913574219,373.8277587890625,4037403,Reliance
2012-08-23,401.469482421875,401.8904724121094,390.2755737304688,393.5198364257813,367.6728515625,7689064,Reliance
2012-08-24,392.1577453613281,393.5198364257813,385.6940002441406,387.3780517578125,361.9344482421875,6976771,Reliance
2012-08-27,389.3097229003906,394.3618469238281,388.0714721679688,389.9783935546875,364.364013671875,4224728,Reliance
2012-08-28,389.7307434082031,393.22265625,385.6197204589844,391.3900146484375,365.6828918457031,4049270,Reliance
2012-08-29,391.7862548828125,395.0057373046875,386.4864807128906,387.4028015136719,361.9576110839844,4080719,Reliance
2012-08-30,386.2140808105469,392.207275390625,380.6914367675781,388.0219421386719,362.5361022949219,12573890,Reliance
2012-08-31,386.337890625,388.5172424316406,377.7691345214844,379.6017456054688,354.6689453125,6821782,Reliance
2012-09-03,380.3942565917969,381.3600769042969,376.4565734863281,377.9424743652344,353.11865234375,4518147,Reliance
2012-09-04,378.3882446289063,386.9075012207031,377.521484375,386.1397705078125,360.7775268554688,4040417,Reliance
2012-09-05,383.9851989746094,386.3131408691406,378.5120849609375,381.9544677734375,356.8670959472656,6082377,Reliance
2012-09-06,379.5522155761719,383.6632690429688,378.41302490234375,380.4933166503906,355.5019836425781,2447189,Reliance
2012-09-07,385.6940002441406,394.5104370117188,385.5949401855469,392.1577453613281,366.4001770019531,6378806,Reliance
2012-09-10,396.2439880371094,397.90325927734375,390.8699340820313,392.3063354492188,366.5390625,4050167,Reliance
2012-09-11,391.0433044433594,394.1884765625,387.9228820800781,391.7862548828125,366.05316162109375,6303586,Reliance
2012-09-12,393.0245056152344,396.0953979492188,391.0185241699219,395.3029174804688,369.3388366699219,3587189,Reliance
2012-09-13,395.3029174804688,400.4541015625,393.4207763671875,395.822998046875,369.8247680664063,5389343,Reliance
2012-09-14,402.6829528808594,418.8794555664063,400.9741516113281,416.9229736328125,389.538818359375,16758304,Reliance
2012-09-17,420.0681762695313,436.660888671875,420.0681762695313,432.7727355957031,404.3475036621094,19581744,Reliance
2012-09-18,431.014404296875,432.8470458984375,421.6531372070313,423.782958984375,395.9482727050781,7982160,Reliance
2012-09-20,416.4029235839844,420.167236328125,410.2363586425781,412.3414001464844,385.2581787109375,7065616,Reliance
2012-09-21,412.5890808105469,423.3371887207031,412.09375,421.1578369140625,393.49554443359375,16584274,Reliance
2012-09-24,421.0092468261719,424.8726196289063,412.4652404785156,414.2483520507813,387.0398864746094,6878656,Reliance
2012-09-25,415.0655822753906,418.43365478515625,411.22698974609375,415.932373046875,388.6133117675781,6386343,Reliance
2012-09-26,415.0655822753906,420.8606567382813,413.0100708007813,418.4089050292969,390.9271545410156,7687608,Reliance
2012-09-27,418.63177490234375,420.0186462402344,408.2551574707031,411.0288696289063,384.0318908691406,14038996,Reliance
2012-09-28,414.5702819824219,419.9691162109375,413.2577209472656,414.6693420410156,387.4332580566406,6515276,Reliance
2012-10-01,416.0562133789063,417.1954040527344,410.7316589355469,412.8367309570313,385.7210083007813,4020692,Reliance
2012-10-03,413.3072509765625,422.7180480957031,413.2081909179688,419.07757568359375,391.5519104003906,10108193,Reliance
2012-10-04,421.28167724609375,425.41748046875,420.5634765625,422.4456481933594,394.6987915039063,5827181,Reliance
2012-10-05,425.9127807617188,426.9529113769531,337.97137451171875,424.8726196289063,396.9663391113281,7252375,Reliance
2012-10-08,423.2628784179688,423.2628784179688,404.2926940917969,405.8529052734375,379.1958618164063,9642125,Reliance
2012-10-09,408.874267578125,409.4686584472656,402.73248291015625,403.8221740722656,377.2985534667969,5354197,Reliance
2012-10-10,401.6923522949219,407.289306640625,399.9092712402344,404.16888427734375,377.6224670410156,4329302,Reliance
2012-10-11,405.65478515625,407.1407165527344,400.850341796875,406.1253356933594,379.450439453125,5472058,Reliance
2012-10-12,405.55572509765625,409.320068359375,404.1936340332031,405.6052551269531,378.9644775390625,4904139,Reliance
2012-10-15,405.65478515625,411.0536193847656,405.65478515625,407.6607971191406,380.8850402832031,5160103,Reliance
2012-10-16,415.5113525390625,416.0314331054688,401.1970520019531,402.4105529785156,375.9796447753906,10232355,Reliance
2012-10-17,404.1936340332031,404.8623046875,397.01171875,398.7948303222656,372.6014099121094,9652460,Reliance
2012-10-18,399.8349609375,404.16888427734375,394.7580871582031,401.8409423828125,375.4473876953125,12276649,Reliance
2012-10-19,400.057861328125,401.4447021484375,395.9220581054688,397.630859375,371.5138854980469,5837376,Reliance
2012-10-22,393.8665466308594,404.6394348144531,392.1329650878906,403.97076416015625,377.4373779296875,6537307,Reliance
2012-10-23,402.9306335449219,403.5745239257813,398.6214599609375,401.17230224609375,374.8227233886719,4381354,Reliance
2012-10-25,401.24658203125,405.5061950683594,399.8102111816406,401.3951721191406,375.0309143066406,8333146,Reliance
2012-10-29,397.407958984375,403.37640380859375,397.407958984375,401.7914123535156,375.401123046875,5070092,Reliance
2012-10-30,401.1970520019531,402.0885925292969,395.822998046875,397.8537292480469,371.7221374511719,4309203,Reliance
2012-10-31,397.80419921875,399.8844909667969,395.2533874511719,398.9681701660156,372.7633972167969,4348470,Reliance
2012-11-01,393.7674865722656,400.6026916503906,390.6470642089844,399.76068115234375,373.5037841796875,8481957,Reliance
2012-11-02,402.1876525878906,403.6240539550781,397.4822692871094,400.1816711425781,373.8971252441406,5329269,Reliance
2012-11-05,398.0518798828125,400.6769714355469,397.1603088378906,399.2901306152344,373.0641784667969,2338211,Reliance
2012-11-06,398.2252197265625,399.9092712402344,394.3865966796875,398.94342041015625,372.740234375,7130238,Reliance
2012-11-07,397.234619140625,398.8691101074219,395.2533874511719,396.6650085449219,370.6114501953125,4807914,Reliance
2012-11-08,392.77685546875,395.4019775390625,391.1671142578125,394.5599670410156,368.6446838378906,5729271,Reliance
2012-11-09,392.9502258300781,397.9775695800781,388.8144226074219,390.1269836425781,364.5028381347656,4889734,Reliance
2012-11-12,389.2354431152344,390.9937744140625,385.8425903320313,389.6316833496094,364.04010009765625,5843120,Reliance
2012-11-15,390.7213439941406,390.7213439941406,384.8767395019531,388.6163024902344,363.0914001464844,7038975,Reliance
2012-11-16,390.003173828125,392.603515625,381.8801574707031,383.9356689453125,358.7181701660156,6626155,Reliance
2012-11-19,383.9851989746094,385.47113037109375,377.1004638671875,383.5146789550781,358.32489013671875,9564034,Reliance
2012-11-20,386.6846008300781,386.6846008300781,377.521484375,379.0816955566406,354.1830444335937,4353800,Reliance
2012-11-21,379.6512756347656,383.3165283203125,376.97662353515625,381.9792175292969,356.8902282714844,3974851,Reliance
2012-11-22,382.8955383300781,383.2174682617188,377.125244140625,379.329345703125,354.4143981933594,4839706,Reliance
2012-11-23,379.4036254882813,384.2576293945313,379.4036254882813,383.24224853515625,358.0703125,3447158,Reliance
2012-11-26,383.8118591308594,386.06549072265625,381.8801574707031,383.1927185058594,358.0240478515625,2096510,Reliance
2012-11-27,384.85198974609375,390.3003540039063,383.3660583496094,389.7059631347656,364.1094970703125,4988158,Reliance
2012-11-29,389.3097229003906,398.2252197265625,387.65045166015625,395.4019775390625,369.4313659667969,9051975,Reliance
2012-11-30,394.28753662109375,400.2064514160156,391.29095458984375,393.1235961914063,367.3026428222656,8420025,Reliance
2012-12-03,393.7674865722656,399.7111511230469,391.1671142578125,398.2252197265625,372.0691833496094,4762756,Reliance
2012-12-04,399.2901306152344,408.9733276367188,399.2158203125,408.47802734375,381.6485900878906,7051360,Reliance
2012-12-05,410.2363586425781,414.6198120117188,406.4472961425781,412.3909606933594,385.3045043945313,6237831,Reliance
2012-12-06,414.05023193359375,418.9537353515625,407.1407165527344,417.9878845214844,390.5338134765625,5323356,Reliance
2012-12-07,416.5762634277344,420.8606567382813,411.3260498046875,413.3815612792969,386.2300720214844,6086633,Reliance
2012-12-10,413.3815612792969,415.0408325195313,406.7692260742188,410.2611389160156,383.3146057128906,3774070,Reliance
2012-12-11,412.09375,415.2389526367188,403.4259338378906,406.17486572265625,379.4967041015625,7500949,Reliance
2012-12-12,408.6266174316406,413.4806213378906,405.8281555175781,412.3909606933594,385.3045043945313,4671957,Reliance
2012-12-13,412.3909606933594,416.551513671875,411.30126953125,413.2081909179688,386.0680541992188,5354821,Reliance
2012-12-14,413.33203125,419.4242858886719,410.3601989746094,415.6847229003906,388.3819274902344,4130622,Reliance
2012-12-17,413.33203125,418.2355346679688,411.5984497070313,413.1586608886719,386.0218200683594,3344204,Reliance
2012-12-18,413.33203125,415.7837829589844,409.1219482421875,411.7965698242188,384.7491149902344,3690237,Reliance
2012-12-19,413.6787414550781,417.56689453125,413.109130859375,415.8085632324219,388.4976501464844,4023813,Reliance
2012-12-20,417.0220336914063,417.0220336914063,410.8554992675781,414.9913024902344,387.7341003417969,4420048,Reliance
2012-12-21,412.5890808105469,413.33203125,407.2397766113281,408.7504577636719,381.9031372070313,4339348,Reliance
2012-12-24,408.9237976074219,409.7905883789063,403.97076416015625,406.496826171875,379.7974853515625,2632412,Reliance
2012-12-26,407.1407165527344,414.02545166015625,407.1407165527344,410.2363586425781,383.2914733886719,2687673,Reliance
2012-12-27,411.2517395019531,412.09375,403.7231140136719,405.0108947753906,378.4091796875,7431009,Reliance
2012-12-28,407.8836669921875,419.0280456542969,406.9178161621094,416.1800231933594,388.8446960449219,6715100,Reliance
2012-12-31,416.2048034667969,420.9101867675781,414.4712219238281,415.8333129882813,388.5207214355469,4490742,Reliance
2013-01-01,418.0374145507813,419.3252258300781,415.6104431152344,416.4029235839844,389.052978515625,3152667,Reliance
2013-01-02,418.0374145507813,423.9810791015625,417.3192443847656,419.9938659667969,392.4080810546875,6203434,Reliance
2013-01-03,420.3158264160156,426.9529113769531,418.3345947265625,426.3337707519531,398.3315124511719,7968629,Reliance
2013-01-04,426.90338134765625,428.2406921386719,422.767578125,426.8786315917969,398.840576171875,6140890,Reliance
2013-01-07,428.7855529785156,431.41064453125,421.9007873535156,424.27825927734375,396.4110412597656,7064261,Reliance
2013-01-08,423.5353088378906,425.0212097167969,419.9691162109375,421.3312072753906,393.6575927734375,6448905,Reliance
2013-01-09,422.197998046875,425.8880004882813,420.340576171875,422.3465881347656,394.6061706542969,7878644,Reliance
2013-01-10,424.8478698730469,425.4422302246094,419.5233459472656,421.0340270996094,393.3798522949219,4264172,Reliance
2013-01-11,422.2475280761719,422.49517822265625,414.1988220214844,416.0066833496094,388.6827392578125,3715209,Reliance
2013-01-14,416.551513671875,422.49517822265625,415.5609130859375,419.7957458496094,392.2229614257813,3258598,Reliance
2013-01-15,419.1023254394531,421.9007873535156,415.0655822753906,419.5976257324219,392.037841796875,4793989,Reliance
2013-01-16,419.05279541015625,431.3611145019531,419.05279541015625,426.6309509277344,398.6091613769531,9022900,Reliance
2013-01-17,427.00244140625,442.5797729492188,425.8384704589844,440.8214416503906,411.8676452636719,10207239,Reliance
2013-01-18,443.2979736328125,447.2356567382813,438.6668701171875,445.8735656738281,416.5879211425781,10501297,Reliance
2013-01-21,464.6456298828125,473.0162658691406,454.7147521972656,455.6558227539063,425.7276611328125,20286308,Reliance
2013-01-22,455.68060302734375,460.9803771972656,453.47650146484375,455.7053527832031,425.7739562988281,8613623,Reliance
2013-01-23,456.7207336425781,460.0392761230469,453.7984313964844,457.1912841796875,427.1622924804688,5400448,Reliance
2013-01-24,458.1571350097656,459.81640625,449.24163818359375,453.47650146484375,423.6915283203125,6201657,Reliance
2013-01-25,453.8232116699219,454.3680419921875,448.3005676269531,451.8172302246094,422.1412048339844,6501830,Reliance
2013-01-28,451.3962097167969,452.2877502441406,443.2979736328125,444.5610046386719,415.3616027832031,6184550,Reliance
2013-01-29,443.2979736328125,446.7651062011719,435.9179382324219,437.280029296875,408.5588073730469,7125282,Reliance
2013-01-30,439.5831909179688,447.4585266113281,439.5831909179688,445.4773254394531,416.2176818847656,8141748,Reliance
2013-01-31,444.115234375,444.7839050292969,437.4038391113281,439.16217041015625,410.3173522949219,7722548,Reliance
2013-02-01,441.4901123046875,445.6754455566406,437.6514892578125,442.80267333984375,413.71875,3762524,Reliance
2013-02-04,443.8180541992188,446.2698059082031,437.8991394042969,439.18695068359375,410.3405151367188,6321183,Reliance
2013-02-05,437.849609375,438.7907104492188,432.4012756347656,433.26806640625,404.8103637695313,4480439,Reliance
2013-02-06,436.0912780761719,437.3047790527344,431.31158447265625,433.7138366699219,405.2268981933594,4558007,Reliance
2013-02-07,431.7078552246094,436.8590087890625,430.0981140136719,432.3517456054688,403.9542236328125,3942395,Reliance
2013-02-08,430.8905944824219,432.8965759277344,424.4763793945313,427.72064208984375,399.6272888183594,4423115,Reliance
2013-02-11,428.4388427734375,433.3918762207031,426.2594909667969,430.1228637695313,401.8717346191406,3844245,Reliance
2013-02-12,430.221923828125,436.041748046875,428.5379028320313,433.6147766113281,405.1343078613281,4489795,Reliance
2013-02-13,437.849609375,439.8308410644531,432.1536254882813,435.37310791015625,406.7771301269531,4861085,Reliance
2013-02-14,435.868408203125,437.57720947265625,421.5045471191406,424.005859375,396.1565246582031,5669500,Reliance
2013-02-15,423.4362487792969,424.6744995117188,413.1339111328125,418.9289855957031,391.41314697265625,6641223,Reliance
2013-02-18,420.0186462402344,423.2876586914063,417.6411743164063,419.77099609375,392.1998596191406,2450597,Reliance
2013-02-19,420.5139465332031,423.48577880859375,413.2081909179688,420.2167663574219,392.6163024902344,4465943,Reliance
2013-02-20,424.9469299316406,435.2987976074219,424.27825927734375,433.2928161621094,404.83349609375,6864000,Reliance
2013-02-21,430.4200439453125,434.2834167480469,422.8171081542969,425.5660705566406,397.6142272949219,7483003,Reliance
2013-02-22,425.2193298339844,431.9059753417969,424.9716796875,427.2500915527344,399.1876831054688,4488226,Reliance
2013-02-25,427.9435119628906,428.4140625,421.5045471191406,423.163818359375,395.3697509765625,4558920,Reliance
2013-02-26,420.8606567382813,420.8606567382813,405.5309753417969,407.8836669921875,381.0932922363281,6218671,Reliance
2013-02-27,411.1031494140625,416.5267333984375,409.6915283203125,411.7470397949219,384.7029113769531,8172768,Reliance
2013-02-28,414.6693420410156,415.8333129882813,399.0920104980469,403.1039733886719,376.6275024414063,12768708,Reliance
2013-03-01,404.16888427734375,405.4071350097656,398.9681701660156,401.3951721191406,375.0309143066406,6417934,Reliance
2013-03-04,400.6522216796875,405.2833251953125,398.6709899902344,402.4848327636719,376.0489807128906,6898502,Reliance
2013-03-05,405.7043151855469,413.3072509765625,405.7043151855469,409.2952880859375,382.4121398925781,6073047,Reliance
2013-03-06,412.0442199707031,415.2637023925781,409.4686584472656,413.7034912109375,386.5308227539063,4974092,Reliance
2013-03-07,411.7222900390625,416.7991638183594,408.1560974121094,414.3226318359375,387.1092529296875,4859539,Reliance
2013-03-08,417.5421142578125,423.3371887207031,416.0562133789063,421.6531372070313,393.9583129882813,4675892,Reliance
2013-03-11,422.0494079589844,426.2594909667969,416.0809631347656,418.2850646972656,390.8114929199219,4877596,Reliance
2013-03-12,421.25689697265625,423.2381286621094,417.8145446777344,419.9443359375,392.36175537109375,3946988,Reliance
2013-03-13,417.1458740234375,424.27825927734375,416.1552734375,418.53271484375,391.0428466796875,4338974,Reliance
2013-03-14,418.0374145507813,427.6711120605469,413.7034912109375,425.987060546875,398.0075988769531,6825747,Reliance
2013-03-15,428.3150024414063,430.6181640625,415.2141723632813,417.8640747070313,390.4181823730469,5904119,Reliance
2013-03-18,413.5796813964844,417.7897644042969,411.4993896484375,413.2329711914063,386.0911865234375,3702764,Reliance
2013-03-19,414.3721618652344,415.5609130859375,402.13812255859375,408.6266174316406,381.7874145507813,8293306,Reliance
2013-03-20,410.8059692382813,411.0040893554688,402.8563232421875,407.4874267578125,380.7230529785156,9312667,Reliance
2013-03-21,408.6266174316406,412.4900207519531,398.5967102050781,402.4848327636719,376.0489807128906,7688640,Reliance
2013-03-22,400.3550415039063,406.6454162597656,398.3985900878906,401.4942321777344,375.12347412109375,5481226,Reliance
2013-03-25,406.4472961425781,407.8093872070313,397.3584289550781,400.8255615234375,374.4987487792969,6488072,Reliance
2013-03-26,397.4822692871094,398.7205200195313,386.337890625,387.9971618652344,362.5129089355469,8983383,Reliance
2013-03-28,388.8144226074219,389.2849731445313,378.6111450195313,382.82122802734375,357.6769104003906,12236024,Reliance
2013-04-01,386.8332214355469,391.6871948242188,383.2669982910156,385.7187805175781,360.3841857910156,3842729,Reliance
2013-04-02,386.43695068359375,394.5104370117188,385.4958801269531,393.22265625,367.3952026367188,5127612,Reliance
2013-04-03,395.1543273925781,395.7486877441406,381.8801574707031,384.6290893554688,359.3661193847656,4301892,Reliance
2013-04-04,382.62310791015625,385.3225402832031,378.5120849609375,380.1713562011719,355.2011108398437,5499074,Reliance
2013-04-05,380.8895568847656,387.5266418457031,380.2456359863281,386.3874206542969,361.0089416503906,5994776,Reliance
2013-04-08,385.3968200683594,393.4455261230469,385.3472900390625,390.9937744140625,365.3127136230469,4097473,Reliance
2013-04-09,392.3310852050781,394.0646667480469,381.9296875,384.82720947265625,359.5511779785156,6037288,Reliance
2013-04-10,386.3874206542969,388.2943420410156,382.1773376464844,386.0407104492188,360.6849670410156,5625802,Reliance
2013-04-11,388.3191223144531,388.8639526367188,378.4873046875,381.9296875,356.84393310546875,5274265,Reliance
2013-04-12,379.89892578125,386.5360107421875,378.9083251953125,384.0347290039063,358.8107604980469,5237928,Reliance
2013-04-15,382.8955383300781,396.21923828125,382.8955383300781,393.0740661621094,367.2564086914063,7469100,Reliance
2013-04-16,394.7580871582031,401.1970520019531,389.0125427246094,398.6957702636719,372.50885009765625,8202977,Reliance
2013-04-17,399.14154052734375,400.9989318847656,380.9886169433594,383.2174682617188,358.04718017578125,14816785,Reliance
2013-04-18,384.6043395996094,388.9134826660156,382.6974182128906,387.1304016113281,361.703125,6365615,Reliance
2013-04-22,389.3097229003906,393.618896484375,385.4958801269531,391.1671142578125,365.47467041015625,5902995,Reliance
2013-04-23,392.0339050292969,399.1167602539063,389.3345031738281,398.0766296386719,371.930419921875,5702397,Reliance
2013-04-25,400.0083312988281,409.4191284179688,400.0083312988281,405.9767456054688,379.3115539550781,11962780,Reliance
2013-04-26,402.6829528808594,408.6266174316406,391.1423645019531,392.4796752929688,366.7010803222656,9623230,Reliance
2013-04-29,392.8263854980469,395.69915771484375,390.5232238769531,392.603515625,366.8167419433594,9676988,Reliance
2013-04-30,393.0988159179688,394.584716796875,384.92626953125,390.3994140625,364.7574157714844,8098842,Reliance
2013-05-02,390.003173828125,399.7111511230469,388.0219421386719,397.6803894042969,371.5601806640625,12569531,Reliance
2013-05-03,397.72991943359375,404.1193542480469,393.7179565429688,396.4916687011719,370.449462890625,5961256,Reliance
2013-05-06,397.3336791992188,408.6018676757813,397.3336791992188,406.9425964355469,380.2139892578125,4318845,Reliance
2013-05-07,406.89306640625,414.02545166015625,405.9767456054688,410.1868286132813,383.2451171875,7628531,Reliance
2013-05-08,411.1526794433594,412.53955078125,407.16546630859375,410.9298095703125,383.9393615722656,5472648,Reliance
2013-05-09,410.3106689453125,411.92041015625,403.673583984375,405.2090148925781,378.5942687988281,3776240,Reliance
2013-05-10,403.5249938964844,406.3977661132813,400.8008117675781,402.658203125,380.3958435058594,4191217,Reliance
2013-05-13,402.8563232421875,408.874267578125,395.6496276855469,397.72991943359375,375.7399597167969,4193755,Reliance
2013-05-14,396.5164184570313,400.7017517089844,394.0646667480469,395.3276977539063,373.4705810546875,4074156,Reliance
2013-05-15,397.234619140625,406.5463562011719,397.234619140625,405.65478515625,383.2266845703125,5194387,Reliance
2013-05-16,404.16888427734375,417.9383544921875,403.9212341308594,416.3781433105469,393.357177734375,7013660,Reliance
2013-05-17,416.3781433105469,418.3841247558594,407.78460693359375,413.8273315429688,390.9473876953125,5761817,Reliance
2013-05-20,414.7684020996094,423.48577880859375,410.4840087890625,411.6727600097656,388.9118957519531,6109263,Reliance
2013-05-21,411.6479797363281,416.0562133789063,408.7752075195313,410.4097290039063,387.71875,4889237,Reliance
2013-05-22,411.1526794433594,413.0843811035156,402.9306335449219,405.5309753417969,383.1097106933594,5805340,Reliance
2013-05-23,402.0143127441406,404.16888427734375,386.3874206542969,388.5420227050781,367.0600891113281,5906338,Reliance
2013-05-24,392.9749755859375,393.618896484375,385.941650390625,389.5326232910156,367.9959411621094,3680641,Reliance
2013-05-27,397.6060791015625,412.4900207519531,396.73931884765625,410.2611389160156,387.578369140625,8748407,Reliance
2013-05-28,411.1031494140625,419.4738159179688,409.2210083007813,417.740234375,394.6439208984375,10030494,Reliance
2013-05-29,416.3038635253906,420.9101867675781,412.81195068359375,419.9691162109375,396.7495727539063,11884723,Reliance
2013-05-30,418.53271484375,419.0280456542969,411.1031494140625,414.4712219238281,391.5556640625,8410878,Reliance
2013-05-31,413.1339111328125,413.9511413574219,397.2841491699219,399.3644104003906,377.2840576171875,7919053,Reliance
2013-06-03,398.0766296386719,398.8938903808594,388.9382629394531,390.2508239746094,368.6744079589844,6537204,Reliance
2013-06-04,391.588134765625,396.1449279785156,385.9169006347656,386.43695068359375,365.0713806152344,6808364,Reliance
2013-06-05,386.5855407714844,398.3738098144531,386.5855407714844,397.234619140625,375.2720336914063,5883588,Reliance
2013-06-06,396.2439880371094,398.1756896972656,390.3498840332031,392.2815551757813,370.59283447265625,7897828,Reliance
2013-06-07,393.3712463378906,397.234619140625,386.8332214355469,388.1210021972656,366.662353515625,4347652,Reliance
2013-06-10,390.795654296875,394.01513671875,387.3285217285156,390.968994140625,369.3528137207031,5243274,Reliance
2013-06-11,388.0714721679688,392.0339050292969,384.0099792480469,389.1116027832031,367.59814453125,6111256,Reliance
2013-06-12,387.84857177734375,395.0057373046875,387.4275817871094,391.6871948242188,370.0313720703125,5895460,Reliance
2013-06-13,387.8238220214844,392.7273254394531,386.6103210449219,391.19189453125,369.5634765625,4488674,Reliance
2013-06-14,394.3618469238281,406.0758056640625,394.3123168945313,403.5002136230469,381.1912536621094,8111143,Reliance
2013-06-17,403.9212341308594,410.0630187988281,401.7418823242188,408.8990478515625,386.2915954589844,5117870,Reliance
2013-06-18,407.9827270507813,414.8179321289063,404.8870849609375,407.8341369628906,385.2855529785156,7226327,Reliance
2013-06-19,407.1407165527344,412.712890625,403.6240539550781,411.9451599121094,389.1692504882813,7998505,Reliance
2013-06-20,405.1099548339844,405.1099548339844,393.7674865722656,395.2533874511719,373.4003601074219,8040439,Reliance
2013-06-21,396.1944580078125,401.3704223632813,388.1210021972656,392.70257568359375,370.9905700683594,9454388,Reliance
2013-06-24,391.29095458984375,394.3370666503906,385.5949401855469,392.603515625,370.89697265625,7527814,Reliance
2013-06-25,396.0953979492188,406.1005859375,393.7674865722656,398.1261596679688,376.1142883300781,8875739,Reliance
2013-06-26,400.9246215820313,403.4011535644531,396.7888488769531,398.027099609375,376.0207214355469,7689189,Reliance
2013-06-27,404.4165344238281,414.5455322265625,403.37640380859375,411.1031494140625,388.3738403320313,11884309,Reliance
2013-06-28,430.6676940917969,432.4012756347656,419.0280456542969,427.2500915527344,403.6280212402344,22213692,Reliance
2013-07-01,426.9529113769531,439.8308410644531,423.8077392578125,438.691650390625,414.43695068359375,9459617,Reliance
2013-07-02,437.4038391113281,441.7130126953125,430.2962341308594,431.8316650390625,407.9562683105469,8205323,Reliance
2013-07-03,426.2099609375,427.62158203125,420.2910461425781,421.4302673339844,398.1299743652344,5914795,Reliance
2013-07-04,422.5447082519531,431.2125244140625,419.6966857910156,426.779541015625,403.1834411621094,6107263,Reliance
2013-07-05,429.10748291015625,438.2210998535156,429.10748291015625,436.041748046875,411.9336242675781,5887182,Reliance
2013-07-08,430.9153442382813,432.6241455078125,425.0459899902344,429.4046630859375,405.6634521484375,6577799,Reliance
2013-07-09,430.4695739746094,436.7599487304688,429.4541931152344,433.2928161621094,409.3366394042969,5963620,Reliance
2013-07-10,433.0203857421875,435.7940979003906,415.5609130859375,423.9810791015625,400.5397033691406,10262583,Reliance
2013-07-11,428.4388427734375,432.54986572265625,425.5908203125,430.9401245117188,407.1140441894531,5246331,Reliance
2013-07-12,433.0203857421875,443.7932739257813,430.71722412109375,440.7966918945313,416.4256591796875,6632664,Reliance
2013-07-15,438.8402404785156,445.7249755859375,438.8402404785156,444.21429443359375,419.654296875,5959455,Reliance
2013-07-16,439.3355407714844,447.9786071777344,437.3790893554688,446.0716857910156,421.4089965820313,5987819,Reliance
2013-07-17,447.2604064941406,454.6404724121094,447.2604064941406,453.1793212890625,428.1236877441406,10675519,Reliance
2013-07-18,454.6900024414063,455.6558227539063,450.331298828125,454.3185119628906,429.1998901367188,5678091,Reliance
2013-07-19,455.2100524902344,459.593505859375,452.23822021484375,457.5132446289063,432.2179565429688,6598806,Reliance
2013-07-22,453.2040710449219,453.2040710449219,445.2544250488281,450.2570190429688,425.3629150390625,7826454,Reliance
2013-07-23,451.742919921875,458.1571350097656,449.365478515625,450.5046691894531,425.5968627929688,5736883,Reliance
2013-07-24,449.7369384765625,454.1451721191406,443.3722839355469,450.4056091308594,425.5032958984375,6363428,Reliance
2013-07-25,448.7215576171875,451.8172302246094,434.6053771972656,441.1929321289063,416.7999877929688,7306140,Reliance
2013-07-26,441.9111328125,447.6071166992188,438.56781005859375,440.895751953125,416.5192565917969,4414433,Reliance
2013-07-29,439.36029052734375,445.1058349609375,437.1314392089844,438.691650390625,414.43695068359375,4223349,Reliance
2013-07-30,439.36029052734375,441.8120727539063,422.9409484863281,424.6497497558594,401.1714477539063,5257883,Reliance
2013-07-31,425.2936401367188,435.7198181152344,417.343994140625,431.93072509765625,408.0498352050781,7289738,Reliance
2013-08-01,433.4661865234375,437.280029296875,418.45843505859375,421.0092468261719,397.7322387695313,5109421,Reliance
2013-08-02,425.9623107910156,431.8811950683594,421.0092468261719,424.6497497558594,401.1714477539063,5917313,Reliance
2013-08-05,425.9623107910156,432.3517456054688,423.8572692871094,426.7300109863281,403.1366882324219,5796036,Reliance
2013-08-06,425.194580078125,428.0425720214844,411.1774597167969,416.5762634277344,393.5443420410156,5729756,Reliance
2013-08-07,418.53271484375,436.7847290039063,411.5984497070313,432.12884521484375,408.237060546875,8673806,Reliance
2013-08-08,429.602783203125,432.12884521484375,424.5506896972656,428.7607727050781,405.05517578125,5245967,Reliance
2013-08-12,430.4200439453125,432.3269653320313,416.2790832519531,418.8546752929688,395.69677734375,4028370,Reliance
2013-08-13,417.5421142578125,425.9375305175781,413.5796813964844,422.4456481933594,399.0892028808594,5324325,Reliance
2013-08-14,423.9810791015625,429.92474365234375,419.7462158203125,428.4388427734375,404.75103759765625,5196608,Reliance
2013-08-16,428.4388427734375,429.429443359375,404.7384948730469,409.4686584472656,386.8297424316406,12609054,Reliance
2013-08-19,407.6360168457031,413.0843811035156,399.9835510253906,406.27392578125,383.8116149902344,7453286,Reliance
2013-08-20,401.7418823242188,411.4993896484375,398.7453002929688,408.7999877929688,386.1980285644531,5269817,Reliance
2013-08-21,412.5890808105469,413.43109130859375,386.43695068359375,388.1210021972656,366.662353515625,7250788,Reliance
2013-08-22,387.5513916015625,400.52838134765625,383.4651184082031,399.2653503417969,377.1905212402344,10288567,Reliance
2013-08-23,403.0296936035156,408.47802734375,400.4541015625,405.9024353027344,383.4606628417969,6614304,Reliance
2013-08-26,407.3883666992188,411.82135009765625,400.4045715332031,407.4378967285156,384.91119384765625,4576248,Reliance
2013-08-27,403.1782836914063,408.57708740234375,396.2439880371094,397.8537292480469,375.8569946289063,6043286,Reliance
2013-08-28,393.8170166015625,405.4319152832031,378.3634948730469,402.0885925292969,379.857666015625,11912762,Reliance
2013-08-29,404.16888427734375,422.69329833984375,402.435302734375,418.6565551757813,395.5096435546875,14231655,Reliance
2013-08-30,417.9383544921875,425.9623107910156,410.2611389160156,422.9161682128906,399.5337524414063,9896292,Reliance
2013-09-02,422.59423828125,440.8214416503906,422.59423828125,439.2117004394531,414.9282836914063,9715700,Reliance
2013-09-03,439.9299011230469,441.6634826660156,410.2611389160156,411.5984497070313,388.8417053222656,7996351,Reliance
2013-09-04,412.9605407714844,428.2159423828125,412.5890808105469,420.6873168945313,397.4281005859375,6148837,Reliance
2013-09-05,427.4482116699219,430.7915344238281,421.5540771484375,427.225341796875,403.6046752929688,6578286,Reliance
2013-09-06,430.9153442382813,432.64892578125,416.7991638183594,429.92474365234375,406.15478515625,6944793,Reliance
2013-09-10,432.3517456054688,442.5797729492188,429.0579528808594,440.9948120117188,416.61279296875,8534870,Reliance
2013-09-11,440.3261413574219,442.2578430175781,432.9708557128906,439.70703125,415.3962097167969,6858283,Reliance
2013-09-12,439.8308410644531,446.2698059082031,431.4849548339844,433.5899963378906,409.6174011230469,8297432,Reliance
2013-09-13,429.92474365234375,437.7010192871094,429.4541931152344,432.4012756347656,408.494384765625,4534678,Reliance
2013-09-16,438.8154602050781,439.6822509765625,422.990478515625,426.8291015625,403.2302856445313,5561268,Reliance
2013-09-17,424.1544494628906,427.9435119628906,422.2970581054688,425.0459899902344,401.5457763671875,5044239,Reliance
2013-09-18,426.2099609375,433.3918762207031,424.3773193359375,431.8811950683594,408.0030822753906,6324507,Reliance
2013-09-19,439.8556213378906,443.7685241699219,436.1408081054688,441.1186218261719,416.7297668457031,8738734,Reliance
2013-09-20,438.8402404785156,446.2698059082031,431.1629943847656,436.8094787597656,412.6588745117188,8474287,Reliance
2013-09-23,431.93072509765625,436.36370849609375,428.4388427734375,433.0699157714844,409.12603759765625,4095813,Reliance
2013-09-24,431.9059753417969,438.1220397949219,429.9990539550781,433.1937561035156,409.2430725097656,5700881,Reliance
2013-09-25,432.1040954589844,433.3423461914063,417.1458740234375,420.5387268066406,397.2877502441406,8063566,Reliance
2013-09-26,419.3499755859375,421.0835571289063,413.7034912109375,415.1894226074219,392.2341613769531,9172301,Reliance
2013-09-27,417.04681396484375,423.2381286621094,414.5702819824219,416.0066833496094,393.0062561035156,5540985,Reliance
2013-09-30,412.1185302734375,418.2850646972656,405.7043151855469,407.3388366699219,384.817626953125,7348375,Reliance
2013-10-01,409.2705383300781,411.0536193847656,405.0108947753906,406.8682861328125,384.3730773925781,4203648,Reliance
2013-10-03,407.8341369628906,420.4644165039063,407.8341369628906,419.4985656738281,396.3050842285156,4203488,Reliance
2013-10-04,416.32861328125,425.813720703125,415.0655822753906,423.1885986328125,399.79107666015625,4573394,Reliance
2013-10-07,419.8205261230469,422.197998046875,414.0749816894531,418.0621948242188,394.9481201171875,5199129,Reliance
2013-10-08,420.8606567382813,423.3371887207031,415.6599731445313,418.5079650878906,395.36920166015625,5593060,Reliance
2013-10-09,416.0314331054688,429.7513732910156,414.8179321289063,426.4080810546875,402.8325500488281,5517055,Reliance
2013-10-10,425.4670104980469,427.3491516113281,420.04339599609375,425.9623107910156,402.4114685058594,4324826,Reliance
2013-10-11,428.4388427734375,429.92474365234375,423.1390686035156,427.62158203125,403.97894287109375,4510285,Reliance
2013-10-14,428.4388427734375,433.3918762207031,427.5472717285156,431.0639343261719,407.2309875488281,5610446,Reliance
2013-10-15,444.4371643066406,445.1058349609375,427.9435119628906,429.82568359375,406.0611877441406,10633750,Reliance
2013-10-17,430.9153442382813,439.8308410644531,428.2654724121094,436.041748046875,411.9336242675781,8128633,Reliance
2013-10-18,436.660888671875,449.7369384765625,436.660888671875,448.5729675292969,423.77197265625,10234853,Reliance
2013-10-21,448.5729675292969,453.4517211914063,443.8675842285156,452.3125305175781,427.30474853515625,6988768,Reliance
2013-10-22,449.4397583007813,451.1980895996094,444.5362548828125,447.8547973632813,423.093505859375,4728607,Reliance
2013-10-23,448.35009765625,450.331298828125,439.6575012207031,444.1647644042969,419.6075134277344,4128159,Reliance
2013-10-24,441.8368225097656,451.2228698730469,436.5370788574219,438.0972900390625,413.87548828125,5407439,Reliance
2013-10-25,437.8991394042969,442.2083129882813,435.5464477539063,439.3355407714844,415.0452880859375,4589959,Reliance
2013-10-28,439.8308410644531,448.1767272949219,439.7565612792969,441.1929321289063,416.7999877929688,7095266,Reliance
2013-10-29,440.3756713867188,447.73095703125,437.8000793457031,444.18951416015625,419.6308898925781,6668965,Reliance
2013-10-30,444.0409240722656,447.21087646484375,443.1493835449219,444.8581848144531,420.2626037597656,4437219,Reliance
2013-10-31,445.7745056152344,454.6900024414063,443.7932739257813,453.0554809570313,428.0066833496094,9128343,Reliance
2013-11-01,450.7770690917969,458.92486572265625,447.4337768554688,449.86077880859375,424.9885864257813,5487655,Reliance
2013-11-05,447.4337768554688,456.5226135253906,447.4337768554688,450.5789489746094,425.66705322265625,5056001,Reliance
2013-11-06,450.7275390625,455.6310729980469,443.2732238769531,445.0810852050781,420.47314453125,4439539,Reliance
2013-11-07,445.2792053222656,448.6472778320313,436.9085388183594,438.7907104492188,414.5305786132813,4519284,Reliance
2013-11-08,438.8402404785156,439.8308410644531,431.4849548339844,433.8624267578125,409.8747863769531,4040793,Reliance
2013-11-11,432.8965759277344,436.9085388183594,426.0613708496094,427.89398193359375,404.23626708984375,4107915,Reliance
2013-11-12,428.4388427734375,431.7078552246094,421.1083068847656,422.2970581054688,398.9488525390625,5616361,Reliance
2013-11-13,420.959716796875,426.6557312011719,417.0963439941406,418.2355346679688,395.1118774414063,3872692,Reliance
2013-11-14,421.6283874511719,427.9435119628906,421.2073669433594,421.8265075683594,398.5043029785156,3706479,Reliance
2013-11-18,425.0212097167969,434.75396728515625,424.0553894042969,433.26806640625,409.313232421875,5571764,Reliance
2013-11-19,433.3918762207031,438.29541015625,433.3918762207031,435.0511474609375,410.9977722167969,3892698,Reliance
2013-11-20,433.3175964355469,437.3543090820313,424.4763793945313,427.2005615234375,403.5812072753906,6041338,Reliance
2013-11-21,425.9127807617188,425.9623107910156,417.7650146484375,419.8205261230469,396.6092529296875,5291418,Reliance
2013-11-22,421.5045471191406,424.2039794921875,415.6104431152344,417.9136047363281,394.8077697753906,3453001,Reliance
2013-11-25,419.6966857910156,424.402099609375,418.0621948242188,421.8512573242188,398.5276489257813,4651182,Reliance
2013-11-26,421.25689697265625,424.3773193359375,414.84271240234375,416.6753234863281,393.637939453125,6445301,Reliance
2013-11-27,418.2850646972656,420.7615966796875,413.7034912109375,415.0408325195313,392.0938415527344,5271168,Reliance
2013-11-28,417.5916442871094,424.17919921875,417.5916442871094,419.9938659667969,396.7730102539063,5790300,Reliance
2013-11-29,421.4797973632813,424.2287292480469,420.3158264160156,422.59423828125,399.22955322265625,4561538,Reliance
2013-12-02,422.49517822265625,427.4234619140625,422.1484680175781,423.6343688964844,400.2122192382813,3332837,Reliance
2013-12-03,423.48577880859375,428.6864929199219,421.3312072753906,426.90338134765625,403.3004760742188,4238703,Reliance
2013-12-04,426.4080810546875,429.6770935058594,422.59423828125,424.005859375,400.5631713867188,4043235,Reliance
2013-12-05,431.9059753417969,434.3824768066406,429.9494934082031,431.41064453125,407.5585021972656,5784625,Reliance
2013-12-06,430.9896545410156,433.218505859375,426.5566711425781,429.2808532714844,405.5465393066406,3369441,Reliance
2013-12-09,436.9085388183594,439.8308410644531,433.9862365722656,435.3483276367188,411.2785034179688,5863282,Reliance
2013-12-10,435.1254577636719,440.1775512695313,435.1254577636719,438.1715698242188,413.9456481933594,4023615,Reliance
2013-12-11,437.1066589355469,438.3201599121094,432.1536254882813,437.15618896484375,412.9864501953125,2297148,Reliance
2013-12-12,434.8778076171875,435.868408203125,429.92474365234375,431.014404296875,407.1841735839844,2625949,Reliance
2013-12-13,429.429443359375,429.9742736816406,424.79833984375,428.2902221679688,404.6106567382813,4119399,Reliance
2013-12-16,425.9623107910156,427.0767517089844,417.6411743164063,418.5574951171875,395.4160461425781,4636282,Reliance
2013-12-17,420.3653564453125,422.4456481933594,414.4464721679688,415.6599731445313,392.6787414550781,4656266,Reliance
2013-12-18,415.6599731445313,427.8692321777344,415.6599731445313,425.9375305175781,402.3880310058594,5542546,Reliance
2013-12-19,428.1416320800781,428.1416320800781,417.8888244628906,423.0152282714844,399.6273193359375,6207421,Reliance
2013-12-20,431.9059753417969,444.7839050292969,427.00244140625,443.3722839355469,418.85888671875,9464725,Reliance
2013-12-23,445.2792053222656,450.2322387695313,440.8214416503906,443.9171142578125,419.3735656738281,7472593,Reliance
2013-12-24,444.0409240722656,448.25103759765625,443.3475036621094,444.80865478515625,420.2158508300781,3372075,Reliance
2013-12-26,443.0503234863281,445.7745056152344,436.9085388183594,439.6079711914063,415.30267333984375,6747066,Reliance
2013-12-27,440.1280212402344,442.7531433105469,434.33294677734375,435.2987976074219,411.2317504882813,3574114,Reliance
2013-12-30,436.36370849609375,440.7471618652344,433.8128967285156,439.3850708007813,415.0920715332031,4760614,Reliance
2013-12-31,439.8308410644531,444.90771484375,439.3850708007813,443.3970336914063,418.88226318359375,2633322,Reliance
2014-01-01,444.511474609375,444.90771484375,439.6327209472656,440.2270812988281,415.8875427246094,2699496,Reliance
2014-01-02,439.6822509765625,443.7932739257813,430.9648742675781,433.3918762207031,409.4302673339844,2779905,Reliance
2014-01-03,431.7078552246094,432.5746154785156,423.48577880859375,428.0673522949219,404.400146484375,5922841,Reliance
2014-01-06,427.00244140625,427.5720520019531,421.0092468261719,423.46099853515625,400.0484008789063,6145266,Reliance
2014-01-07,423.2876586914063,425.9375305175781,416.0809631347656,417.0963439941406,394.0356750488281,7989240,Reliance
2014-01-08,418.2355346679688,424.6497497558594,418.2355346679688,420.5387268066406,397.2877502441406,5873245,Reliance
2014-01-09,421.2321472167969,422.8914184570313,418.5574951171875,421.35595703125,398.0597534179688,3834687,Reliance
2014-01-10,420.1919860839844,434.0357666015625,420.0186462402344,425.0459899902344,401.5457763671875,6848648,Reliance
2014-01-13,430.048583984375,437.3543090820313,429.92474365234375,436.0665283203125,411.9570007324219,5565035,Reliance
2014-01-14,435.1254577636719,438.1220397949219,432.12884521484375,436.6113586425781,412.47174072265625,5572863,Reliance
2014-01-15,438.19635009765625,443.2979736328125,436.36370849609375,438.56781005859375,414.3200378417969,5842783,Reliance
2014-01-16,440.1775512695313,442.4559631347656,436.8837890625,438.9145202636719,414.6475524902344,8324700,Reliance
2014-01-17,440.40045166015625,444.2390441894531,435.9922180175781,438.2210998535156,413.9924621582031,7136269,Reliance
2014-01-20,439.2860107421875,440.3261413574219,428.9836730957031,430.7915344238281,406.9736328125,7649848,Reliance
2014-01-21,432.2279052734375,432.6984558105469,426.9529113769531,427.4729919433594,403.838623046875,4525635,Reliance
2014-01-22,427.6958618164063,433.5652465820313,425.0459899902344,432.12884521484375,408.237060546875,3930929,Reliance
2014-01-23,426.2594909667969,431.5592346191406,426.2594909667969,428.8350830078125,405.1253967285156,6353622,Reliance
2014-01-24,426.9529113769531,433.218505859375,426.5071411132813,429.7513732910156,405.9910278320313,5482165,Reliance
2014-01-27,423.9810791015625,426.3585510253906,416.22955322265625,417.6164245605469,394.5269775390625,5697602,Reliance
2014-01-28,419.5233459472656,423.9810791015625,417.3935241699219,418.45843505859375,395.3224182128906,5341304,Reliance
2014-01-29,420.9101867675781,422.2475280761719,413.5796813964844,414.3721618652344,391.4620971679688,5710675,Reliance
2014-01-30,411.7965698242188,413.0100708007813,407.2397766113281,408.6266174316406,386.0342102050781,6508090,Reliance
2014-01-31,409.61724853515625,412.81195068359375,409.19622802734375,411.6727600097656,388.9118957519531,5094198,Reliance
2014-02-03,409.2210083007813,411.0040893554688,405.877685546875,406.5958862304688,384.1156921386719,3797110,Reliance
2014-02-04,403.4259338378906,409.4438781738281,402.75726318359375,406.9178161621094,384.41986083984375,5705177,Reliance
2014-02-05,406.19964599609375,406.89306640625,399.66162109375,404.78802490234375,382.4078369140625,5214233,Reliance
2014-02-06,406.1501159667969,408.1808471679688,400.2807312011719,404.0945739746094,381.7527770996094,4996430,Reliance
2014-02-07,407.1902465820313,408.0322570800781,401.4942321777344,403.4011535644531,381.0976257324219,3903851,Reliance
2014-02-10,403.7973937988281,408.9237976074219,401.76666259765625,407.1159362792969,384.6070251464844,4774310,Reliance
2014-02-11,407.6360168457031,408.6266174316406,397.6060791015625,398.8443603515625,376.7927856445313,5819129,Reliance
2014-02-12,400.2064514160156,407.0911865234375,399.9092712402344,405.1099548339844,382.7120056152344,4536031,Reliance
2014-02-13,405.6052551269531,405.6052551269531,398.7453002929688,399.9092712402344,377.7988586425781,3995344,Reliance
2014-02-14,402.13812255859375,408.1313171386719,400.2064514160156,407.16546630859375,384.6538391113281,4254449,Reliance
2014-02-17,404.9861450195313,407.1407165527344,399.7359008789063,402.3362426757813,380.0916137695313,4180498,Reliance
2014-02-18,399.76068115234375,405.085205078125,399.76068115234375,402.75726318359375,380.4894104003906,2649597,Reliance
2014-02-19,402.6829528808594,406.1501159667969,401.1970520019531,402.3114929199219,380.0682067871094,2829058,Reliance
2014-02-20,401.8409423828125,403.0296936035156,397.7794494628906,398.94342041015625,376.8863830566406,3711149,Reliance
2014-02-21,399.76068115234375,404.16888427734375,399.0177001953125,401.9400024414063,379.71728515625,2887269,Reliance
2014-02-24,400.231201171875,403.6488037109375,398.8691101074219,402.3610229492188,380.1150207519531,3138488,Reliance
2014-02-25,403.3268737792969,404.16888427734375,399.9835510253906,401.469482421875,379.2727661132813,3248652,Reliance
2014-02-26,401.6923522949219,404.58990478515625,400.3302612304688,401.5437622070313,379.3429565429688,6280112,Reliance
2014-02-28,401.5437622070313,403.846923828125,392.8263854980469,396.21923828125,374.3128356933594,8745362,Reliance
2014-03-03,396.2935180664063,399.6120910644531,394.8323974609375,397.9280395507813,375.9271545410156,5369772,Reliance
2014-03-04,397.72991943359375,403.5002136230469,397.5317993164063,402.658203125,380.3958435058594,4152138,Reliance
2014-03-05,403.9459838867188,405.1594848632813,398.7948303222656,399.7111511230469,377.6117248535156,5458460,Reliance
2014-03-06,400.8750915527344,408.3294372558594,400.850341796875,407.3635864257813,384.8410034179688,4694648,Reliance
2014-03-07,408.6266174316406,432.8965759277344,408.6266174316406,430.6181640625,406.8098754882813,15505096,Reliance
2014-03-10,428.4883728027344,447.5823669433594,427.6463317871094,438.56781005859375,414.3200378417969,15169257,Reliance
2014-03-11,438.3449401855469,439.7317810058594,431.95550537109375,433.26806640625,409.313232421875,5898052,Reliance
2014-03-12,432.8965759277344,437.3047790527344,429.7513732910156,431.5840148925781,407.7223205566406,4352584,Reliance
2014-03-13,433.3918762207031,443.1741638183594,433.2432861328125,435.6455078125,411.5592956542969,7947870,Reliance
2014-03-14,432.8965759277344,440.7966918945313,430.44482421875,438.9145202636719,414.6475524902344,7633460,Reliance
2014-03-18,440.5737915039063,450.1331787109375,440.5737915039063,444.0161743164063,419.4671630859375,8784579,Reliance
2014-03-19,445.7745056152344,450.6780090332031,443.42181396484375,447.2604064941406,422.531982421875,7557704,Reliance
2014-03-20,446.5669860839844,449.4892883300781,444.8581848144531,448.746337890625,423.9358215332031,13712058,Reliance
2014-03-21,449.24163818359375,452.3868103027344,436.9333190917969,438.7411804199219,414.4837951660156,10176519,Reliance
2014-03-24,441.4405822753906,450.1084289550781,441.3663024902344,448.44915771484375,423.6550598144531,13298333,Reliance
2014-03-25,435.37310791015625,437.1066589355469,432.1536254882813,435.5216979980469,411.4423522949219,14444748,Reliance
2014-03-26,436.487548828125,447.2356567382813,436.4380187988281,441.4158325195313,417.0105590820313,6373779,Reliance
2014-03-27,443.22369384765625,448.2015075683594,441.8616027832031,446.14599609375,421.4791564941406,25570753,Reliance
2014-03-28,445.7745056152344,455.6558227539063,445.7745056152344,453.773681640625,428.6851501464844,8615115,Reliance
2014-03-31,453.8232116699219,465.4876403808594,452.3125305175781,461.005126953125,435.5168151855469,8653996,Reliance
2014-04-01,463.60546875,468.063232421875,460.2869262695313,466.8744812011719,441.0616149902344,7218138,Reliance
2014-04-02,468.063232421875,476.4833984375,464.6456298828125,474.6012573242188,448.3612365722656,12359049,Reliance
2014-04-03,473.9078369140625,476.9539489746094,465.7848205566406,471.8523254394531,445.7642822265625,12253233,Reliance
2014-04-04,471.5303649902344,472.1495056152344,466.35443115234375,467.6917419433594,441.8336791992188,5775152,Reliance
2014-04-07,467.5679321289063,472.9915161132813,462.7882385253906,467.6422119140625,441.7868957519531,5955770,Reliance
2014-04-09,470.5397644042969,478.8113403320313,469.1281433105469,476.5577087402344,450.2095031738281,6202071,Reliance
2014-04-10,477.82073974609375,482.3775329589844,476.5824890136719,479.9753112792969,453.4381103515625,4914743,Reliance
2014-04-11,476.6320190429688,480.9659118652344,470.8369445800781,472.3971557617188,446.2789611816406,5395681,Reliance
2014-04-15,470.5397644042969,472.5209655761719,463.9026794433594,470.093994140625,444.1031188964844,4275577,Reliance
2014-04-16,468.8061828613281,474.99749755859375,464.6456298828125,466.2305908203125,440.453369140625,5713958,Reliance
2014-04-17,468.063232421875,476.3843383789063,467.4688720703125,475.0470275878906,448.7823486328125,3620835,Reliance
2014-04-21,480.4210815429688,480.4210815429688,473.5611267089844,475.294677734375,449.0162658691406,5453637,Reliance
2014-04-22,475.4927978515625,489.7328186035156,473.5611267089844,479.3314208984375,452.8298950195313,8921634,Reliance
2014-04-23,479.9505615234375,486.3895263671875,477.5978393554688,479.03424072265625,452.5491027832031,7055638,Reliance
2014-04-24,479.03424072265625,479.03424072265625,479.03424072265625,479.03424072265625,452.5491027832031,0,Reliance
2014-04-25,479.4552307128906,479.9505615234375,468.55853271484375,469.6729736328125,443.7053833007813,6115867,Reliance
2014-04-28,470.4407043457031,473.5115966796875,466.25537109375,468.063232421875,442.1846008300781,7665779,Reliance
2014-04-29,468.5833129882813,471.4065246582031,464.5960998535156,465.73529052734375,439.98541259765625,3874982,Reliance
2014-04-30,467.5184020996094,475.4927978515625,460.1878662109375,463.5064086914063,437.8797912597656,6641527,Reliance
2014-05-02,465.5867004394531,469.251953125,458.6524353027344,459.6925659179688,434.27679443359375,4186059,Reliance
2014-05-05,458.1571350097656,474.7498474121094,458.1571350097656,468.97955322265625,443.0503234863281,7014449,Reliance
2014-05-06,469.4996032714844,478.9599304199219,469.3262634277344,477.1520690917969,450.77093505859375,5719003,Reliance
2014-05-07,475.5423278808594,481.1392822265625,474.0316467285156,475.913818359375,449.6011962890625,4878777,Reliance
2014-05-08,477.02825927734375,480.4953918457031,470.9112243652344,475.6413879394531,449.3438415527344,5514545,Reliance
2014-05-09,473.41253662109375,494.8096923828125,473.41253662109375,494.11627197265625,466.7972717285156,8515647,Reliance
2014-05-12,492.7789611816406,519.574951171875,492.3826904296875,509.520263671875,481.3495788574219,14236238,Reliance
2014-05-13,515.1171875,529.3819580078125,512.3930053710938,526.7073364257812,497.58642578125,12397395,Reliance
2014-05-14,527.0045166015625,528.9857177734375,515.6620483398438,517.8413696289062,489.2106323242188,8941880,Reliance
2014-05-15,517.8413696289062,525.0233154296875,514.7457275390625,521.7542724609375,492.9072570800781,9629064,Reliance
2014-05-16,539.9320068359375,567.248046875,526.0634155273438,534.5579223632812,509.5986633300781,24290388,Reliance
2014-05-19,540.3777465820312,557.0942993164062,538.3469848632812,554.766357421875,528.8635864257812,10982753,Reliance
2014-05-20,558.654541015625,559.1993408203125,532.7996215820312,534.8551025390625,509.8820190429688,10387940,Reliance
2014-05-21,534.8551025390625,546.296630859375,531.833740234375,534.1369018554688,509.1973876953125,10149114,Reliance
2014-05-22,537.9012451171875,551.4725952148438,537.25732421875,545.2317504882812,519.774169921875,8650897,Reliance
2014-05-23,550.5562744140625,560.6852416992188,545.8261108398438,558.431640625,532.3577880859375,7645583,Reliance
2014-05-26,560.9329223632812,564.647705078125,532.452880859375,545.6775512695312,520.1991577148438,7417956,Reliance
2014-05-27,546.3214111328125,548.7979736328125,532.5023803710938,538.8670654296875,513.7067260742188,5202662,Reliance
2014-05-28,539.684326171875,548.1044921875,537.2821044921875,539.337646484375,514.1552124023438,5238860,Reliance
2014-05-29,541.1207275390625,541.5664672851562,529.1591186523438,531.7346801757812,506.9073181152344,12764704,Reliance
2014-05-30,537.4059448242188,539.73388671875,525.0233154296875,527.3512573242188,502.72857666015625,7981124,Reliance
2014-06-02,532.3290405273438,539.0156860351562,527.6484375,536.0191040039062,510.99169921875,4064105,Reliance
2014-06-03,536.5639038085938,545.8261108398438,533.6168212890625,542.55712890625,517.2244873046875,5018511,Reliance
2014-06-04,541.1950073242188,545.72705078125,533.072021484375,533.691162109375,508.7724304199219,4073385,Reliance
2014-06-05,534.1864624023438,542.3094482421875,527.1283569335938,539.8329467773438,514.62744140625,9218198,Reliance
2014-06-06,548.500732421875,561.1805419921875,546.8662719726562,555.9303588867188,529.9732055664062,13530870,Reliance
2014-06-09,559.6946411132812,561.031982421875,550.8286743164062,556.0541381835938,530.0912475585938,6229234,Reliance
2014-06-10,559.9175415039062,559.9175415039062,545.0584106445312,553.8995971679688,528.0372924804688,7273514,Reliance
2014-06-11,554.7415771484375,554.7415771484375,541.1207275390625,545.8756713867188,520.3880004882812,6998372,Reliance
2014-06-12,544.1173095703125,551.5220947265625,536.9601440429688,541.93798828125,516.6341552734375,5430629,Reliance
2014-06-13,544.9840698242188,548.3026123046875,531.3136596679688,535.8704833984375,510.85003662109375,6759544,Reliance
2014-06-16,536.91064453125,536.91064453125,523.6116943359375,527.7227172851562,503.0826721191406,6632388,Reliance
2014-06-17,524.0822143554688,541.5169677734375,524.0822143554688,539.9072265625,514.6982421875,7303217,Reliance
2014-06-18,538.891845703125,545.6527709960938,525.3452758789062,528.3666381835938,503.6965637207031,8866659,Reliance
2014-06-19,531.9575805664062,532.4281005859375,510.9566345214844,516.1573486328125,492.0573120117188,10672777,Reliance
2014-06-20,518.0394897460938,519.7730712890625,512.2692260742188,513.3836059570312,489.4130554199219,5932619,Reliance
2014-06-23,513.6312866210938,517.544189453125,507.19232177734375,514.101806640625,490.0977783203125,6815568,Reliance
2014-06-24,517.59375,526.41015625,517.59375,524.9490356445312,500.4384460449219,5487301,Reliance
2014-06-25,523.8593139648438,524.7013549804688,519.1539306640625,520.5655517578125,496.2596435546875,4875652,Reliance
2014-06-26,507.6876220703125,508.6287231445313,498.62353515625,501.1991271972656,477.7974548339844,11297828,Reliance
2014-06-27,500.258056640625,506.9446716308594,498.8711853027344,501.2981872558594,477.8919372558594,4257566,Reliance
2014-06-30,501.5210876464844,505.2110900878906,495.3049926757813,502.9327087402344,479.45013427734375,9532994,Reliance
2014-07-01,503.8242492675781,505.4835205078125,498.7473754882813,499.2674560546875,475.9560546875,4454984,Reliance
2014-07-02,503.7251892089844,508.8515930175781,501.2486572265625,504.3443298339844,480.7958679199219,5673443,Reliance
2014-07-03,505.2110900878906,507.6876220703125,497.03857421875,498.52447509765625,475.2477111816406,5342041,Reliance
2014-07-04,497.7815246582031,513.5322265625,496.93951416015625,511.1300048828125,487.26470947265625,5979707,Reliance
2014-07-07,511.6500549316406,513.6312866210938,505.7064208984375,508.7773132324219,485.0218505859375,6469809,Reliance
2014-07-08,508.1829223632813,512.3930053710938,490.3519592285156,492.8532409667969,469.84130859375,8069217,Reliance
2014-07-09,496.2956237792969,500.2085266113281,491.5902099609375,495.7755432128906,472.6271362304688,6877804,Reliance
2014-07-10,495.4288330078125,505.9540710449219,485.9189758300781,493.9181518554688,470.8564758300781,8583943,Reliance
2014-07-11,492.9275512695313,496.2956237792969,477.3006591796875,478.7122802734375,456.3606262207031,8207239,Reliance
2014-07-14,479.7524108886719,482.8728332519531,474.7498474121094,476.3595886230469,454.1177062988281,6352439,Reliance
2014-07-15,477.1768493652344,485.3988952636719,477.0034790039063,481.5355224609375,459.0519714355469,7081771,Reliance
2014-07-16,482.4270629882813,491.8378601074219,482.4270629882813,490.203369140625,467.3151245117188,6441463,Reliance
2014-07-17,489.361328125,494.4134521484375,485.5474853515625,486.6371765136719,463.91546630859375,4350507,Reliance
2014-07-18,485.3988952636719,487.1572265625,480.0991516113281,483.7891540527344,461.200439453125,4307039,Reliance
2014-07-21,495.3049926757813,499.2674560546875,492.8532409667969,494.14105224609375,471.0690002441406,7839621,Reliance
2014-07-22,497.2862243652344,512.0958251953125,495.849853515625,510.63470458984375,486.7925415039063,13148102,Reliance
2014-07-23,512.6654663085938,515.0181274414062,505.7311706542969,511.7738952636719,487.8785095214844,6332423,Reliance
2014-07-24,510.1641540527344,516.7022094726562,507.19232177734375,515.6372680664062,491.56146240234375,4464503,Reliance
2014-07-25,516.0582885742188,516.751708984375,498.7969055175781,506.1274108886719,482.4956359863281,6245287,Reliance
2014-07-28,505.7064208984375,506.9694213867188,496.0975036621094,498.0787048339844,474.8227844238281,4325597,Reliance
2014-07-30,497.2862243652344,500.75335693359375,491.8378601074219,498.3511352539063,475.08245849609375,8591607,Reliance
2014-07-31,499.24267578125,505.16156005859375,496.2956237792969,498.4997253417969,475.22412109375,8179077,Reliance
2014-08-01,492.8284912109375,494.8096923828125,482.92236328125,483.5662841796875,460.9879150390625,7303788,Reliance
2014-08-04,485.8941955566406,490.203369140625,483.44244384765625,487.87542724609375,465.0959167480469,6771197,Reliance
2014-08-05,487.9249572753906,489.28704833984375,480.941162109375,487.3058166503906,464.5528564453125,5645965,Reliance
2014-08-06,487.8258972167969,494.611572265625,485.1512451171875,489.4356384277344,466.583251953125,7549386,Reliance
2014-08-07,489.8566589355469,493.6705017089844,487.0581665039063,490.0052490234375,467.1262817382813,5004570,Reliance
2014-08-08,485.176025390625,487.1324768066406,481.9812927246094,485.64654541015625,462.9710693359375,4208164,Reliance
2014-08-11,487.9497375488281,488.9898681640625,484.1111145019531,485.64654541015625,462.9710693359375,3090570,Reliance
2014-08-12,488.3707275390625,488.8412780761719,483.5910339355469,487.5782470703125,464.8125915527344,4410213,Reliance
2014-08-13,487.0334167480469,493.6209716796875,485.3988952636719,490.4262390136719,467.527587890625,6513493,Reliance
2014-08-14,492.8284912109375,497.7815246582031,491.21875,496.7661437988281,473.5715026855469,5566646,Reliance
2014-08-18,495.849853515625,502.95745849609375,494.0667419433594,501.7687377929688,478.3404846191406,3527479,Reliance
2014-08-19,502.7345886230469,506.697021484375,498.3263549804688,499.9113464355469,476.5699157714844,6719136,Reliance
2014-08-20,500.75335693359375,504.4433898925781,493.0018310546875,494.4877624511719,471.3995056152344,6009686,Reliance
2014-08-21,495.3049926757813,497.2862243652344,490.4014892578125,492.8780212402344,469.8648986816406,7591312,Reliance
2014-08-22,495.3545227050781,498.7721252441406,492.9770812988281,494.4629821777344,471.3758850097656,3955798,Reliance
2014-08-25,495.3049926757813,499.5151062011719,492.0607604980469,493.2247314453125,470.1954345703125,3440589,Reliance
2014-08-26,493.3237915039063,493.7943115234375,486.88482666015625,492.01123046875,469.0386047363281,4406496,Reliance
2014-08-27,493.9181518554688,496.1965637207031,488.791748046875,492.1845703125,469.2038269042969,3872728,Reliance
2014-08-28,492.63037109375,497.2862243652344,492.63037109375,494.6611022949219,471.5647583007813,7344327,Reliance
2014-09-01,497.4595947265625,505.7064208984375,493.1256713867188,502.288818359375,478.8363037109375,7475127,Reliance
2014-09-02,504.4681396484375,510.931884765625,500.5552368164063,507.09326171875,483.41644287109375,7640946,Reliance
2014-09-03,507.7619323730469,513.1112060546875,505.7559509277344,510.7832946777344,486.9341735839844,10117133,Reliance
2014-09-04,509.6688537597656,512.0958251953125,504.27001953125,508.1333923339844,484.407958984375,4313530,Reliance
2014-09-05,509.0249633789063,511.8729553222656,505.50830078125,508.0095825195313,484.2899475097656,4189889,Reliance
2014-09-08,512.0958251953125,514.7952270507812,509.1735534667969,513.97802734375,489.9797058105469,6408750,Reliance
2014-09-09,511.2042846679688,515.7611083984375,509.2726135253906,511.6500549316406,487.7604064941406,4230425,Reliance
2014-09-10,509.2478332519531,509.7183837890625,501.54583740234375,503.1555786132813,479.66259765625,4365342,Reliance
2014-09-11,505.3596801757813,510.1641540527344,499.2674560546875,504.9139099121094,481.33880615234375,4900715,Reliance
2014-09-12,504.4681396484375,507.19232177734375,500.9762573242188,503.0317687988281,479.5445861816406,4038069,Reliance
2014-09-15,499.8122863769531,501.2486572265625,495.80029296875,496.6670837402344,473.4770812988281,4032771,Reliance
2014-09-16,495.9984436035156,497.3605041503906,483.6653442382813,485.1017150878906,462.4516906738281,6111640,Reliance
2014-09-17,487.8258972167969,490.6243591308594,484.87884521484375,489.6832885742188,466.8193359375,5024473,Reliance
2014-09-18,487.87542724609375,500.258056640625,487.2315368652344,497.7319946289063,474.49224853515625,4194621,Reliance
2014-09-19,498.2768249511719,503.1308288574219,490.8472595214844,493.0513610839844,470.0301208496094,7923869,Reliance
2014-09-22,491.8378601074219,493.3237915039063,489.2127380371094,491.1196899414063,468.188720703125,3645951,Reliance
2014-09-23,491.1939697265625,493.0513610839844,477.0034790039063,478.3903503417969,456.05364990234375,8165964,Reliance
2014-09-24,479.702880859375,482.4765930175781,473.2143859863281,477.99407958984375,455.6759033203125,7104327,Reliance
2014-09-25,478.51416015625,479.3561706542969,456.9931640625,460.5593566894531,439.0552368164063,15271979,Reliance
2014-09-26,460.1383361816406,466.4039611816406,454.3432922363281,462.243408203125,440.6607055664063,7340145,Reliance
2014-09-29,464.0760192871094,466.9240417480469,460.4355163574219,462.1938781738281,440.6134338378906,5760040,Reliance
2014-09-30,459.6430358886719,469.7720336914063,458.181884765625,468.4099426269531,446.539306640625,8141851,Reliance
2014-10-01,467.3698120117188,468.36041259765625,458.6524353027344,459.2467956542969,437.8039855957031,3994855,Reliance
2014-10-07,459.2715759277344,463.0606384277344,457.389404296875,458.7267150878906,437.3081970214844,5724531,Reliance
2014-10-08,456.2502136230469,466.3296508789063,456.2502136230469,463.95220947265625,442.2897033691406,4535520,Reliance
2014-10-09,464.6951599121094,474.1307067871094,464.6951599121094,472.8429260253906,450.7652587890625,5152493,Reliance
2014-10-10,469.0538330078125,479.9505615234375,463.6549987792969,475.8147583007813,453.5983581542969,7137398,Reliance
2014-10-13,476.3843383789063,477.8454895019531,469.5739135742188,474.4526672363281,452.2998352050781,6406478,Reliance
2014-10-14,484.9035949707031,484.9035949707031,474.7993774414063,476.1119384765625,453.8816528320313,8804453,Reliance
2014-10-15,476.1119384765625,476.1119384765625,476.1119384765625,476.1119384765625,453.8816528320313,0,Reliance
2014-10-16,471.3569946289063,473.9573669433594,459.6430358886719,461.12896728515625,439.5982666015625,8776426,Reliance
2014-10-17,463.60546875,465.9086608886719,458.2561950683594,464.5465698242188,442.8562927246094,7067071,Reliance
2014-10-20,464.84375,465.8838806152344,451.4952697753906,463.1349487304688,441.5105895996094,9777936,Reliance
2014-10-21,462.73870849609375,464.1007995605469,459.197265625,460.3117065429688,438.8191528320313,8132453,Reliance
2014-10-22,463.1596984863281,470.9360046386719,462.1938781738281,468.3851623535156,446.5156555175781,6176721,Reliance
2014-10-27,477.4492492675781,477.4492492675781,464.0017395019531,466.25537109375,444.4853210449219,4648513,Reliance
2014-10-28,466.1315307617188,466.5773010253906,458.7019653320313,462.6396484375,441.0384216308594,10163828,Reliance
2014-10-29,463.9026794433594,472.2237854003906,462.6891784667969,471.3322448730469,449.32513427734375,8084022,Reliance
2014-10-30,469.5491333007813,486.1666259765625,469.1033630371094,485.0274353027344,462.380859375,15111868,Reliance
2014-10-31,486.3152160644531,497.13763427734375,486.3152160644531,495.5774230957031,472.4382629394531,6500725,Reliance
2014-11-03,497.2862243652344,499.76275634765625,490.4262390136719,496.4689636230469,473.2881774902344,5711591,Reliance
2014-11-05,496.2956237792969,499.5151062011719,489.5594787597656,490.995849609375,468.0706176757813,7259393,Reliance
2014-11-07,490.5748291015625,493.0018310546875,484.43304443359375,485.64654541015625,462.9710693359375,5368940,Reliance
2014-11-10,486.7857666015625,490.2528991699219,479.0837707519531,480.1239013671875,457.7063293457031,4837691,Reliance
2014-11-11,481.6345825195313,489.2622680664063,478.5884704589844,484.25970458984375,461.6489868164063,4661194,Reliance
2014-11-12,486.36474609375,486.88482666015625,479.8019714355469,482.4518432617188,459.9255676269531,4285525,Reliance
2014-11-13,482.4270629882813,485.2998352050781,477.1768493652344,480.0743713378906,457.6590881347656,3249666,Reliance
2014-11-14,479.9505615234375,484.2844543457031,477.99407958984375,480.02484130859375,457.6118774414063,3887681,Reliance
2014-11-17,478.4646301269531,489.1384582519531,478.4646301269531,487.9744873046875,465.19036865234375,4718535,Reliance
2014-11-18,488.0983276367188,494.1658020019531,487.9744873046875,489.6832885742188,466.8193359375,6188980,Reliance
2014-11-19,489.6832885742188,491.3425598144531,483.6653442382813,484.4825744628906,461.8615112304688,3737834,Reliance
2014-11-20,484.4082946777344,487.2315368652344,480.5944519042969,485.7703857421875,463.0891418457031,5234340,Reliance
2014-11-21,485.4979553222656,495.80029296875,485.4979553222656,494.1658020019531,471.092529296875,5417950,Reliance
2014-11-24,495.404052734375,497.3605041503906,486.2409362792969,488.0487976074219,465.26116943359375,5734696,Reliance
2014-11-25,487.9249572753906,492.7789611816406,482.0803527832031,491.8378601074219,468.873291015625,6740759,Reliance
2014-11-26,491.31781005859375,491.8378601074219,486.6867065429688,488.8908081054688,466.0638732910156,6071160,Reliance
2014-11-27,490.3519592285156,491.8378601074219,486.9095764160156,489.6832885742188,466.8193359375,5667200,Reliance
2014-11-28,490.203369140625,503.8985595703125,486.98388671875,491.1444396972656,468.2122802734375,9636658,Reliance
2014-12-01,489.8566589355469,491.31781005859375,474.7745971679688,476.2852783203125,454.0469055175781,8021875,Reliance
2014-12-02,476.4833984375,481.0649719238281,474.502197265625,476.8053588867188,454.5426940917969,4362578,Reliance
2014-12-03,474.7745971679688,482.4270629882813,474.7745971679688,479.6286010742188,457.234130859375,4518016,Reliance
2014-12-04,479.5047607421875,482.8976135253906,473.3630065917969,474.7745971679688,452.6067504882813,4972796,Reliance
2014-12-05,475.9880981445313,478.9599304199219,473.0657958984375,474.1802368164063,452.0401916503906,4637273,Reliance
2014-12-08,475.4927978515625,476.9044189453125,466.7011413574219,467.8651123046875,446.0198974609375,4725197,Reliance
2014-12-09,466.0820007324219,470.886474609375,461.12896728515625,465.5124206542969,443.7770385742188,4891321,Reliance
2014-12-10,461.3518371582031,466.0572509765625,460.6336669921875,461.8966674804688,440.3301086425781,6111529,Reliance
2014-12-11,460.1383361816406,460.1383361816406,447.4337768554688,448.8206176757813,427.8646240234375,10439430,Reliance
2014-12-12,449.24163818359375,451.2228698730469,435.5464477539063,437.0323791503906,416.6267395019531,8249240,Reliance
2014-12-15,434.85302734375,436.7599487304688,431.9059753417969,435.2740478515625,414.9505615234375,5837033,Reliance
2014-12-16,434.2834167480469,437.4781494140625,425.813720703125,428.2406921386719,408.24560546875,9639014,Reliance
2014-12-17,428.5626525878906,433.3423461914063,428.1664123535156,430.6676940917969,410.5592346191406,9589943,Reliance
2014-12-18,436.6361389160156,438.2458801269531,428.2654724121094,435.9179382324219,415.5643615722656,6908975,Reliance
2014-12-19,438.39447021484375,449.93505859375,437.1066589355469,446.04693603515625,425.220458984375,9263934,Reliance
2014-12-22,446.7651062011719,449.142578125,441.3167724609375,448.2015075683594,427.2744445800781,3832822,Reliance
2014-12-23,446.9384765625,447.83001708984375,441.7130126953125,442.6788330078125,422.0095825195313,4884148,Reliance
2014-12-24,442.6788330078125,444.3628845214844,435.868408203125,437.9239196777344,417.4766540527344,10374401,Reliance
2014-12-26,439.1374206542969,442.1340026855469,435.9179382324219,440.2518615722656,419.6959228515625,2256799,Reliance
2014-12-29,440.0784912109375,445.303955078125,439.3107604980469,444.28857421875,423.5441589355469,3198960,Reliance
2014-12-30,444.3381042480469,444.9820251464844,434.4320068359375,435.9426879882813,415.5879211425781,5366049,Reliance
2014-12-31,435.868408203125,442.7531433105469,435.3978576660156,441.39105224609375,420.7819519042969,3906592,Reliance
2015-01-01,438.9888305664063,441.8120727539063,437.67626953125,439.78131103515625,419.2473449707031,1367720,Reliance
2015-01-02,439.88037109375,443.8180541992188,437.9981994628906,438.6173400878906,418.13775634765625,3383424,Reliance
2015-01-05,438.3449401855469,441.2672119140625,432.9461059570313,433.8128967285156,413.5576171875,4662967,Reliance
2015-01-06,430.9153442382813,432.4012756347656,412.09375,414.12451171875,394.78851318359375,8596809,Reliance
2015-01-07,414.6198120117188,425.3679504394531,414.5702819824219,423.1390686035156,403.3821411132813,9562421,Reliance
2015-01-08,426.0118408203125,427.398681640625,416.1304931640625,417.0715637207031,397.5979309082031,9171029,Reliance
2015-01-09,420.2167663574219,426.9529113769531,418.53271484375,426.1109008789063,406.2152099609375,6180769,Reliance
2015-01-12,426.2099609375,426.4576110839844,416.84869384765625,421.1578369140625,401.493408203125,4661200,Reliance
2015-01-13,422.49517822265625,423.46099853515625,416.3038635253906,417.6164245605469,398.1173706054688,4591328,Reliance
2015-01-14,417.5421142578125,419.5233459472656,411.697509765625,413.5549011230469,394.2454833984375,5251887,Reliance
2015-01-15,416.0562133789063,431.4601745605469,416.0562133789063,428.0673522949219,408.0803833007813,7811847,Reliance
2015-01-16,425.9623107910156,433.3918762207031,422.0246276855469,430.7667541503906,410.6536865234375,8831705,Reliance
2015-01-19,431.014404296875,438.8402404785156,425.3431701660156,435.6950378417969,415.3518371582031,6156390,Reliance
2015-01-20,436.6113586425781,448.5234375,435.2987976074219,447.2851867675781,426.4008483886719,6166247,Reliance
2015-01-21,448.25103759765625,451.4209899902344,441.8368225097656,449.1177978515625,428.14788818359375,7884400,Reliance
2015-01-22,448.3253173828125,449.3406982421875,435.6207580566406,437.7257995605469,417.2878112792969,10947527,Reliance
2015-01-23,440.8214416503906,444.6848449707031,434.3824768066406,439.2860107421875,418.7752380371094,8344145,Reliance
2015-01-27,442.2578430175781,444.1399841308594,436.1160583496094,440.3509216308594,419.7903747558594,8279250,Reliance
2015-01-28,438.8897705078125,450.6284790039063,438.8897705078125,449.1673278808594,428.1951599121094,8906082,Reliance
2015-01-29,449.2911682128906,462.8625183105469,449.1921081542969,460.3364562988281,438.8427429199219,16668291,Reliance
2015-01-30,460.6336669921875,461.2527770996094,450.2322387695313,453.3279113769531,432.1614685058594,10036145,Reliance
2015-02-02,453.7241516113281,455.6310729980469,448.5977478027344,449.76171875,428.76177978515625,8908197,Reliance
2015-02-03,452.3125305175781,466.0077209472656,452.3125305175781,464.3979797363281,442.7146606445313,7888109,Reliance
2015-02-04,465.1409301757813,467.4688720703125,458.6029052734375,460.0392761230469,438.5594177246094,6494638,Reliance
2015-02-05,463.60546875,465.53717041015625,454.4918823242188,457.5132446289063,436.1513671875,5706742,Reliance
2015-02-06,457.71136474609375,460.6336669921875,447.2604064941406,450.6780090332031,429.63525390625,4174655,Reliance
2015-02-09,446.3688659667969,454.6900024414063,441.8120727539063,444.1399841308594,423.4025268554688,4079516,Reliance
2015-02-10,444.7839050292969,448.0033874511719,426.606201171875,436.8590087890625,416.4615173339844,6299938,Reliance
2015-02-11,438.8402404785156,448.127197265625,437.3543090820313,446.1212158203125,425.2912292480469,4513933,Reliance
2015-02-12,449.7369384765625,452.68402099609375,439.4593505859375,450.3065490722656,429.28118896484375,4019490,Reliance
2015-02-13,452.7087707519531,456.0768432617188,450.2570190429688,454.4423522949219,433.2238464355469,3412182,Reliance
2015-02-16,455.0367126464844,457.7608947753906,445.7745056152344,447.1613464355469,426.2828369140625,5661079,Reliance
2015-02-18,445.7745056152344,449.7369384765625,443.0007934570313,446.5917663574219,425.7397766113281,4538867,Reliance
2015-02-19,449.21685791015625,449.538818359375,439.6079711914063,446.7898864746094,425.9287109375,4407617,Reliance
2015-02-20,443.42181396484375,443.7932739257813,431.5592346191406,432.4508056640625,412.2591247558594,8637984,Reliance
2015-02-23,430.8905944824219,434.2586669921875,419.5728759765625,421.7274475097656,402.0364685058594,6509207,Reliance
2015-02-24,423.1142883300781,424.3773193359375,414.5702819824219,416.7743835449219,397.3146057128906,9205176,Reliance
2015-02-25,420.4148864746094,424.2287292480469,416.5762634277344,417.6164245605469,398.1173706054688,7049002,Reliance
2015-02-26,419.07757568359375,421.0092468261719,414.3721618652344,417.04681396484375,397.5743713378906,9903671,Reliance
2015-02-27,419.7957458496094,426.4576110839844,418.3345947265625,423.7582092285156,403.972412109375,8611300,Reliance
2015-03-02,430.4200439453125,433.6395263671875,423.7582092285156,428.0673522949219,408.0803833007813,6728442,Reliance
2015-03-03,430.4200439453125,448.9692077636719,429.6275634765625,446.1707458496094,425.3384399414063,9523937,Reliance
2015-03-04,448.746337890625,450.55419921875,435.8931579589844,439.7565612792969,419.2237854003906,6680693,Reliance
2015-03-05,442.0597229003906,445.1553649902344,434.95208740234375,438.3201599121094,417.8544006347656,4945756,Reliance
2015-03-09,438.39447021484375,441.688232421875,428.017822265625,430.7420043945313,410.630126953125,6491176,Reliance
2015-03-10,430.3952941894531,433.7881164550781,423.6838989257813,425.5412902832031,405.6722106933594,7030516,Reliance
2015-03-11,426.4328308105469,430.71722412109375,422.197998046875,423.9563293457031,404.1612854003906,5369953,Reliance
2015-03-12,424.9716796875,429.6275634765625,423.782958984375,427.8444519042969,407.8678588867188,5437566,Reliance
2015-03-13,430.4200439453125,430.71722412109375,419.5233459472656,421.0587768554688,401.3990173339844,5970034,Reliance
2015-03-16,421.752197265625,422.9656982421875,416.2048034667969,417.0963439941406,397.62158203125,6387153,Reliance
2015-03-17,421.28167724609375,425.9127807617188,416.551513671875,424.402099609375,404.5862121582031,8800839,Reliance
2015-03-18,424.4763793945313,432.02978515625,423.3371887207031,430.2467041015625,410.157958984375,4278050,Reliance
2015-03-19,433.664306640625,434.23388671875,423.0400085449219,424.0553894042969,404.2557373046875,6430821,Reliance
2015-03-20,424.9221496582031,426.5318908691406,420.3158264160156,423.0400085449219,403.2877197265625,4802236,Reliance
2015-03-23,424.2287292480469,427.9435119628906,415.1151123046875,417.0220336914063,397.5507507324219,6115649,Reliance
2015-03-24,417.0963439941406,423.1390686035156,417.0963439941406,419.9938659667969,400.3838195800781,4263534,Reliance
2015-03-25,420.5139465332031,420.7615966796875,416.551513671875,418.4831848144531,398.9436950683594,4737268,Reliance
2015-03-26,416.6010437011719,420.6377868652344,408.1808471679688,410.7564392089844,391.5776672363281,9516748,Reliance
2015-03-27,413.0348510742188,413.5796813964844,396.9621887207031,402.0390625,383.2673034667969,10765370,Reliance
2015-03-30,404.466064453125,405.0108947753906,394.4856567382813,401.5685424804688,382.8188171386719,7998063,Reliance
2015-03-31,405.1594848632813,412.53955078125,405.1594848632813,409.1219482421875,390.01953125,9338631,Reliance
2015-04-01,408.57708740234375,415.5609130859375,402.73248291015625,414.0997619628906,394.764892578125,6732605,Reliance
2015-04-06,414.0749816894531,415.0655822753906,406.8435363769531,408.4532775878906,389.382080078125,5692183,Reliance
2015-04-07,409.1466979980469,414.12451171875,409.1466979980469,412.5147705078125,393.2539367675781,9818618,Reliance
2015-04-08,412.8367309570313,430.6676940917969,412.53955078125,428.8846130371094,408.8594665527344,11454982,Reliance
2015-04-09,428.6864929199219,445.2792053222656,425.3679504394531,443.3475036621094,422.6470642089844,12588063,Reliance
2015-04-10,443.2732238769531,450.1331787109375,440.3756713867188,447.9290771484375,427.01470947265625,11686661,Reliance
2015-04-13,449.142578125,458.0332946777344,445.1553649902344,456.9188537597656,435.584716796875,9311840,Reliance
2015-04-15,456.1759033203125,465.3885803222656,449.3406982421875,457.4884643554688,436.1277465820313,10259724,Reliance
2015-04-16,457.9094848632813,464.5960998535156,455.185302734375,459.81640625,438.3470458984375,9311821,Reliance
2015-04-17,463.1349487304688,467.7165222167969,456.9683837890625,459.0734558105469,437.6387634277344,11056926,Reliance
2015-04-20,464.2493896484375,464.32366943359375,435.1254577636719,438.6668701171875,418.1849060058594,17365390,Reliance
2015-04-21,440.895751953125,443.5456237792969,432.12884521484375,434.1100769042969,413.8409423828125,8171780,Reliance
2015-04-22,436.8094787597656,439.2117004394531,429.429443359375,435.74456787109375,415.3990783691406,6812343,Reliance
2015-04-23,437.77532958984375,440.5242614746094,430.44482421875,434.4072570800781,414.1242065429688,6155401,Reliance
2015-04-24,434.3824768066406,438.072509765625,430.2467041015625,435.3235778808594,414.9977722167969,5865595,Reliance
2015-04-27,435.8931579589844,439.5831909179688,431.633544921875,433.54046630859375,413.2978820800781,5096308,Reliance
2015-04-28,433.2432861328125,436.8590087890625,425.2441101074219,428.5379028320313,408.5289306640625,6778219,Reliance
2015-04-29,426.9529113769531,431.1877746582031,419.7214660644531,421.0092468261719,401.3517761230469,7563040,Reliance
2015-04-30,421.0092468261719,428.8846130371094,419.9938659667969,427.1262817382813,407.1831665039063,16061186,Reliance
2015-05-04,429.033203125,442.7531433105469,426.2099609375,441.2919921875,420.6875,6958726,Reliance
2015-05-05,442.6540832519531,446.6660461425781,438.39447021484375,441.8863525390625,421.2540893554688,8236274,Reliance
2015-05-06,440.8214416503906,444.1647644042969,431.9059753417969,435.9922180175781,415.63519287109375,10355229,Reliance
2015-05-07,433.3918762207031,435.1006774902344,425.9623107910156,431.2868347167969,411.1495056152344,7723447,Reliance
2015-05-08,431.41064453125,442.6788330078125,426.5071411132813,440.6728515625,424.9778747558594,7893697,Reliance
2015-05-11,442.2330627441406,445.5020751953125,437.5524291992188,443.7685241699219,427.9632873535156,6559762,Reliance
2015-05-12,443.2484436035156,443.2484436035156,428.51312255859375,430.2714538574219,414.9468994140625,7684065,Reliance
2015-05-13,432.5746154785156,440.1528015136719,424.575439453125,438.39447021484375,422.7806396484375,7707709,Reliance
2015-05-14,438.8402404785156,438.9393005371094,431.0639343261719,434.9768676757813,419.4847412109375,5690160,Reliance
2015-05-15,436.8094787597656,439.3107604980469,430.9648742675781,432.8717956542969,417.4546508789063,3845085,Reliance
2015-05-18,433.3423461914063,442.80267333984375,432.0050354003906,441.5891723632813,425.8615112304688,4544638,Reliance
2015-05-19,441.4405822753906,448.127197265625,439.1374206542969,443.5704040527344,427.772216796875,6697763,Reliance
2015-05-20,445.9726257324219,451.2228698730469,444.6353149414063,450.157958984375,434.1251220703125,4019151,Reliance
2015-05-21,451.3466796875,453.4021911621094,442.8522033691406,444.1647644042969,428.3453979492188,4965518,Reliance
2015-05-22,444.28857421875,448.5482177734375,444.28857421875,447.6814270019531,431.73681640625,3853084,Reliance
2015-05-25,445.7745056152344,449.7369384765625,441.98541259765625,443.0503234863281,427.2706604003906,3053900,Reliance
2015-05-26,443.2979736328125,443.7932739257813,437.2057189941406,438.1468200683594,422.5418090820313,4388978,Reliance
2015-05-27,438.8402404785156,441.2672119140625,435.9674682617188,438.4935302734375,422.8761901855469,3728104,Reliance
2015-05-28,438.7659301757813,442.926513671875,431.9059753417969,433.7881164550781,418.33831787109375,12247683,Reliance
2015-05-29,435.8188781738281,439.0631103515625,432.4508056640625,434.3824768066406,418.9114990234375,13511569,Reliance
2015-06-01,435.868408203125,448.2015075683594,434.8778076171875,446.8889465332031,430.9725646972656,9043078,Reliance
2015-06-02,448.62249755859375,455.0862426757813,441.5396423339844,445.1058349609375,429.2529296875,9312587,Reliance
2015-06-03,445.2792053222656,450.950439453125,440.0784912109375,443.9666442871094,428.1543273925781,7174605,Reliance
2015-06-04,447.8547973632813,453.7984313964844,442.08447265625,452.06488037109375,435.9641723632813,7352336,Reliance
2015-06-05,450.6780090332031,454.169921875,447.9786071777344,449.6131286621094,433.5997009277344,6030112,Reliance
2015-06-08,449.142578125,450.7275390625,437.4038391113281,438.56781005859375,422.9477844238281,5005867,Reliance
2015-06-09,437.6267395019531,441.1434020996094,434.5558471679688,437.7010192871094,422.1118774414063,4224271,Reliance
2015-06-10,438.8402404785156,450.6780090332031,438.3449401855469,448.6472778320313,432.6682739257813,6234576,Reliance
2015-06-11,448.746337890625,450.4798889160156,432.7232055664063,434.456787109375,418.9831848144531,6773174,Reliance
2015-06-12,435.37310791015625,442.1587829589844,435.0016174316406,440.7471618652344,425.0494995117188,9942471,Reliance
2015-06-15,443.2484436035156,448.25103759765625,440.8214416503906,446.6412963867188,430.7337036132813,5934228,Reliance
2015-06-16,445.2792053222656,448.25103759765625,442.4064331054688,447.73095703125,431.7845458984375,6428372,Reliance
2015-06-17,448.2757873535156,466.7506713867188,442.80267333984375,461.22802734375,444.8009338378906,12106356,Reliance
2015-06-18,461.8966674804688,486.3895263671875,461.8719177246094,484.87884521484375,467.6094055175781,22782770,Reliance
2015-06-19,486.6371765136719,498.4749450683594,486.6371765136719,493.6457214355469,476.0640258789063,21095589,Reliance
2015-06-22,493.7943115234375,499.6141662597656,488.6183776855469,491.1939697265625,473.6996154785156,8950414,Reliance
2015-06-23,491.6645202636719,496.642333984375,490.8472595214844,492.8284912109375,475.2759094238281,7387458,Reliance
2015-06-24,492.8284912109375,498.4997253417969,488.6926879882813,490.7977294921875,473.3174743652344,8585283,Reliance
2015-06-25,488.8660278320313,499.76275634765625,487.87542724609375,497.55865478515625,479.8376159667969,12541312,Reliance
2015-06-26,495.2554626464844,502.288818359375,493.026611328125,495.6517028808594,477.9985961914063,9676173,Reliance
2015-06-29,489.3117980957031,492.2588806152344,481.43646240234375,490.77294921875,473.2936096191406,9307965,Reliance
2015-06-30,490.3024291992188,496.7166137695313,489.361328125,495.3545227050781,477.7119445800781,10699811,Reliance
2015-07-01,495.80029296875,500.4809265136719,495.80029296875,498.1034851074219,480.3630065917969,6841396,Reliance
2015-07-02,499.76275634765625,505.0872802734375,498.8216552734375,500.6790771484375,482.846923828125,7352247,Reliance
2015-07-03,500.13421630859375,502.1401977539063,496.815673828125,498.8711853027344,481.1034240722656,6383048,Reliance
2015-07-06,493.3733215332031,504.666259765625,492.9275512695313,503.0069885253906,485.0918884277344,5647711,Reliance
2015-07-07,500.75335693359375,503.5270690917969,495.3049926757813,496.9147338867188,479.2166137695313,5212640,Reliance
2015-07-08,493.2494812011719,499.6141662597656,491.1692199707031,493.6209716796875,476.0401916503906,7010484,Reliance
2015-07-09,493.3237915039063,495.80029296875,486.9591064453125,489.0641479492188,471.6456298828125,7497465,Reliance
2015-07-10,490.8967895507813,497.2862243652344,490.4757690429688,496.1965637207031,478.5240173339844,7435026,Reliance
2015-07-13,496.1965637207031,501.4963073730469,492.90277099609375,498.7721252441406,481.0078430175781,4550503,Reliance
2015-07-14,499.7132263183594,501.0010070800781,492.9275512695313,494.21533203125,476.6133728027344,4588659,Reliance
2015-07-15,495.1811828613281,502.4374084472656,495.0821228027344,500.8276672363281,482.9902038574219,6245436,Reliance
2015-07-16,501.2486572265625,509.0744934082031,500.8276672363281,507.0437316894531,488.9848937988281,6855254,Reliance
2015-07-17,507.81146240234375,510.7337646484375,504.2204895019531,506.0531311035156,488.0295715332031,4705056,Reliance
2015-07-20,509.0744934082031,510.1393737792969,504.17095947265625,507.5638122558594,489.4864196777344,2929764,Reliance
2015-07-21,509.1735534667969,509.39642333984375,496.6670837402344,499.16839599609375,481.39007568359375,3656619,Reliance
2015-07-22,497.7815246582031,522.0267333984375,497.5834045410156,520.2683715820312,501.7384948730469,7988304,Reliance
2015-07-23,521.8038330078125,528.9114379882812,515.7115478515625,517.7423095703125,499.3024291992188,8603702,Reliance
2015-07-24,519.0796508789062,519.8969116210938,505.7559509277344,507.71240234375,489.6297302246094,6045493,Reliance
2015-07-27,507.6380920410156,510.1146240234375,496.1717834472656,497.9548950195313,480.2197265625,9284709,Reliance
2015-07-28,499.4160461425781,503.57659912109375,495.3545227050781,500.3818664550781,482.560302734375,6176196,Reliance
2015-07-29,500.0104064941406,501.5953674316406,491.39208984375,493.3237915039063,475.7535705566406,6825961,Reliance
2015-07-30,495.3545227050781,499.2674560546875,491.49114990234375,495.3793029785156,477.7359008789063,5400115,Reliance
2015-07-31,495.3049926757813,499.2179260253906,490.3519592285156,496.2213134765625,478.54791259765625,7676708,Reliance
2015-08-03,495.80029296875,502.16497802734375,495.0078125,496.51849365234375,478.8345031738281,4563212,Reliance
2015-08-04,496.9890441894531,498.1034851074219,485.3988952636719,489.361328125,471.9322509765625,5541169,Reliance
2015-08-05,489.4851684570313,495.70123291015625,487.4296569824219,489.2375183105469,471.8128967285156,6620219,Reliance
2015-08-06,490.8472595214844,491.3425598144531,484.16064453125,484.87884521484375,467.6094055175781,4018758,Reliance
2015-08-07,484.9035949707031,492.3331604003906,483.9872741699219,487.553466796875,470.1887512207031,3973000,Reliance
2015-08-10,487.6277770996094,489.7575988769531,477.7216796875,479.9010314941406,462.8088989257813,4286823,Reliance
2015-08-11,480.941162109375,482.2537231445313,474.502197265625,478.4646301269531,461.4236450195313,4043875,Reliance
2015-08-12,477.2759094238281,478.4646301269531,465.859130859375,467.0231018066406,450.3896179199219,4453623,Reliance
2015-08-13,469.0538330078125,472.4962158203125,460.3364562988281,462.2929382324219,445.8279113769531,4310570,Reliance
2015-08-14,465.7105407714844,481.43646240234375,462.7634582519531,478.9351806640625,461.8774719238281,5879215,Reliance
2015-08-17,478.4646301269531,478.4646301269531,468.5833129882813,470.886474609375,454.1153869628906,5010702,Reliance
2015-08-18,473.5115966796875,473.5115966796875,466.6763610839844,467.6174621582031,450.9627990722656,3059898,Reliance
2015-08-19,467.5679321289063,475.9880981445313,465.3142700195313,472.8181457519531,455.9782409667969,4096871,Reliance
2015-08-20,475.4680480957031,475.4680480957031,452.5849609375,453.8479614257813,437.6837463378906,8772229,Reliance
2015-08-21,450.7275390625,451.6686401367188,444.28857421875,449.7121887207031,433.6952819824219,9253312,Reliance
2015-08-24,435.868408203125,435.868408203125,405.1594848632813,410.8802795410156,396.246337890625,16445872,Reliance
2015-08-25,416.4772033691406,426.28424072265625,407.7350769042969,420.0929260253906,405.1308898925781,22846211,Reliance
2015-08-26,419.9195861816406,433.2928161621094,416.0562133789063,422.69329833984375,407.638671875,8747967,Reliance
2015-08-27,429.3303833007813,436.487548828125,424.5011596679688,430.4943542480469,415.1619262695313,12459363,Reliance
2015-08-28,433.3918762207031,437.3543090820313,428.9836730957031,432.1040954589844,416.71429443359375,4970452,Reliance
2015-08-31,432.3269653320313,432.3269653320313,422.8914184570313,423.9315490722656,408.8327941894531,9557173,Reliance
2015-09-01,422.9409484863281,422.9409484863281,413.6292114257813,415.9819030761719,401.1662902832031,9989485,Reliance
2015-09-02,421.0092468261719,424.5259094238281,417.343994140625,420.786376953125,405.7996520996094,9069565,Reliance
2015-09-03,423.0152282714844,426.3337707519531,418.2355346679688,422.9161682128906,407.8536071777344,5381078,Reliance
2015-09-04,420.8606567382813,420.8606567382813,408.6761474609375,414.02545166015625,399.279541015625,7476274,Reliance
2015-09-07,415.1894226074219,418.0374145507813,409.9639587402344,412.6881408691406,397.9898376464844,4723281,Reliance
2015-09-08,414.0749816894531,422.4703979492188,408.6761474609375,420.3158264160156,405.3458862304688,5953563,Reliance
2015-09-09,426.4576110839844,435.2245178222656,421.25689697265625,432.92132568359375,417.50238037109375,8002727,Reliance
2015-09-10,426.4576110839844,431.1629943847656,423.7334289550781,429.429443359375,414.1348876953125,5110836,Reliance
2015-09-11,431.9059753417969,433.9367065429688,424.08013916015625,426.4328308105469,411.2450256347656,4907973,Reliance
2015-09-14,426.8291015625,428.7855529785156,421.9503173828125,427.8692321777344,412.6302185058594,3675418,Reliance
2015-09-15,426.9529113769531,430.9153442382813,423.782958984375,429.429443359375,414.1348876953125,5311765,Reliance
2015-09-16,431.95550537109375,434.5558471679688,428.5379028320313,432.1783752441406,416.785888671875,6195548,Reliance
2015-09-18,435.1006774902344,445.52685546875,434.456787109375,443.49609375,427.7005004882813,15811655,Reliance
2015-09-21,435.868408203125,439.9299011230469,433.9119567871094,434.9273376464844,419.43695068359375,5875902,Reliance
2015-09-22,435.868408203125,438.29541015625,418.2850646972656,419.9691162109375,405.011474609375,7266556,Reliance
2015-09-23,417.5421142578125,424.3773193359375,416.0562133789063,421.1826171875,406.1817626953125,7024609,Reliance
2015-09-24,420.0186462402344,420.0186462402344,413.4558410644531,414.74365234375,399.97216796875,13419022,Reliance
2015-09-28,415.9571533203125,416.5019836425781,410.4592590332031,413.2081909179688,398.4913940429688,5364769,Reliance
2015-09-29,411.1031494140625,421.1330871582031,409.1714477539063,416.42767333984375,401.5961608886719,7316374,Reliance
2015-09-30,421.5045471191406,428.3397521972656,415.313232421875,427.10150146484375,411.8898620605469,7980264,Reliance
2015-10-01,432.8717956542969,432.8717956542969,425.2688903808594,428.2902221679688,413.0362854003906,3998154,Reliance
2015-10-05,427.3491516113281,440.8214416503906,426.8786315917969,439.8308410644531,424.1658325195313,7391110,Reliance
2015-10-06,443.6199340820313,446.0221557617188,438.7164001464844,444.80865478515625,428.9663696289063,5690429,Reliance
2015-10-07,443.1493835449219,454.7147521972656,441.3167724609375,452.6097106933594,436.4895629882813,5314258,Reliance
2015-10-08,453.154541015625,453.154541015625,438.9640502929688,440.3756713867188,424.6912841796875,4962576,Reliance
2015-10-09,442.8274230957031,448.4739074707031,436.6113586425781,439.5088806152344,423.8553466796875,4304812,Reliance
2015-10-12,439.8308410644531,446.5669860839844,439.8308410644531,441.688232421875,425.9570617675781,2867019,Reliance
2015-10-13,438.3696899414063,443.9418640136719,437.3047790527344,442.60455322265625,426.84075927734375,2844021,Reliance
2015-10-14,443.6942138671875,448.25103759765625,442.7778930664063,447.2356567382813,431.306884765625,3693193,Reliance
2015-10-15,449.5883483886719,451.2228698730469,445.8240356445313,447.6071166992188,431.6651306152344,4175871,Reliance
2015-10-16,448.0033874511719,453.1050109863281,447.6071166992188,453.1050109863281,436.9671936035156,7036458,Reliance
2015-10-19,466.0820007324219,478.2169799804688,466.0820007324219,477.2263793945313,460.2294921875,15462946,Reliance
2015-10-20,477.9693298339844,478.8113403320313,472.0256652832031,473.8583068847656,456.98138427734375,8349406,Reliance
2015-10-21,473.263916015625,482.82330322265625,472.0256652832031,473.0162658691406,456.1693115234375,6647651,Reliance
2015-10-23,477.4492492675781,481.95654296875,466.15631103515625,473.3382263183594,456.4797973632813,5608802,Reliance
2015-10-26,476.4338684082031,476.9787292480469,466.2305908203125,466.9983215332031,450.36572265625,5048242,Reliance
2015-10-27,464.9923400878906,469.6729736328125,464.2989196777344,465.3638305664063,448.7894592285156,5354228,Reliance
2015-10-28,464.05126953125,468.0137023925781,460.5841369628906,464.0760192871094,447.5474853515625,5518950,Reliance
2015-10-29,463.60546875,468.063232421875,463.0854187011719,466.0820007324219,449.4820251464844,6128894,Reliance
2015-10-30,466.6268310546875,473.4620666503906,465.63623046875,469.4005432128906,452.682373046875,6168572,Reliance
2015-11-02,470.04443359375,476.2357482910156,468.1622924804688,475.3937377929688,458.4621276855469,3332972,Reliance
2015-11-03,477.1025390625,480.6687316894531,476.1119384765625,479.0589904785156,461.9968566894531,5248878,Reliance
2015-11-04,479.4552307128906,482.92236328125,468.6575927734375,471.18365478515625,454.4019775390625,4630314,Reliance
2015-11-05,470.04443359375,471.0350646972656,462.11956787109375,463.9026794433594,447.38031005859375,4969178,Reliance
2015-11-06,465.3142700195313,472.8924560546875,464.5465698242188,471.7284851074219,454.9274291992188,3861457,Reliance
2015-11-09,462.3672180175781,477.9693298339844,457.389404296875,476.1119384765625,459.15472412109375,7860126,Reliance
2015-11-10,474.00689697265625,475.2451477050781,453.8479614257813,457.0426940917969,440.7646789550781,5300897,Reliance
2015-11-13,453.2288513183594,464.8684997558594,452.9564208984375,462.1443481445313,445.6846008300781,6314390,Reliance
2015-11-16,458.6524353027344,466.5773010253906,458.0332946777344,462.7634582519531,446.2817077636719,7082429,Reliance
2015-11-17,464.620849609375,465.0418701171875,458.7514953613281,459.5192260742188,443.1529846191406,3963426,Reliance
2015-11-18,459.4449157714844,461.2775573730469,450.7027893066406,451.7181701660156,435.6297912597656,5191514,Reliance
2015-11-19,455.1357727050781,464.94281005859375,454.3185119628906,462.9863586425781,446.4966430664063,5622547,Reliance
2015-11-20,462.6148681640625,471.9266052246094,458.4295349121094,468.97955322265625,452.27642822265625,5216916,Reliance
2015-11-23,470.5397644042969,474.4526672363281,468.6575927734375,472.3971557617188,455.572265625,4845525,Reliance
2015-11-24,472.0256652832031,481.23834228515625,471.059814453125,479.306640625,462.2356872558594,6833048,Reliance
2015-11-26,480.941162109375,491.31781005859375,479.5790710449219,489.6832885742188,472.2427368164063,10986386,Reliance
2015-11-27,489.8566589355469,491.5902099609375,482.4765930175781,484.9283752441406,467.65716552734375,5026593,Reliance
2015-11-30,484.6559448242188,487.5782470703125,476.6320190429688,479.0094604492188,461.9490661621094,13807708,Reliance
2015-12-01,477.4740295410156,484.8045349121094,476.1119384765625,478.41510009765625,461.3758544921875,5990904,Reliance
2015-12-02,478.5884704589844,485.2503051757813,477.7216796875,484.3835144042969,467.1317138671875,3495228,Reliance
2015-12-03,482.8728332519531,489.8318786621094,482.4765930175781,484.0120544433594,466.77349853515625,5243282,Reliance
2015-12-04,481.5850524902344,483.5167541503906,476.1862182617188,478.1922302246094,461.1609497070313,6204259,Reliance
2015-12-07,478.1922302246094,481.9317626953125,470.4159240722656,471.55511474609375,454.76019287109375,6684321,Reliance
2015-12-08,469.9949035644531,472.3228454589844,463.6549987792969,466.032470703125,449.4342956542969,3476092,Reliance
2015-12-09,463.70452880859375,467.2955017089844,452.13916015625,453.64984130859375,437.49267578125,4233993,Reliance
2015-12-10,456.9188537597656,472.4219055175781,455.68060302734375,470.7131042480469,453.94818115234375,8580298,Reliance
2015-12-11,471.4065246582031,474.99749755859375,467.0231018066406,472.00091552734375,455.1901245117188,8378766,Reliance
2015-12-14,469.35101318359375,477.2263793945313,468.55853271484375,473.0657958984375,456.2171020507813,4875238,Reliance
2015-12-15,474.00689697265625,484.3835144042969,472.3476257324219,483.3681640625,466.1525268554688,7254239,Reliance
2015-12-16,483.3681640625,489.1384582519531,482.1794128417969,484.7302551269531,467.4661254882813,5582919,Reliance
2015-12-17,485.4236755371094,502.7345886230469,484.4082946777344,500.1094665527344,482.2975463867188,8938805,Reliance
2015-12-18,497.1871643066406,499.76275634765625,490.3519592285156,491.29302978515625,473.7951354980469,7391445,Reliance
2015-12-21,489.3117980957031,494.8096923828125,487.553466796875,491.39208984375,473.89068603515625,5691109,Reliance
2015-12-22,491.7388000488281,496.5928039550781,487.380126953125,489.0146179199219,471.5979309082031,5343834,Reliance
2015-12-23,491.2434997558594,498.72259521484375,490.3519592285156,497.1871643066406,479.4793395996094,5962332,Reliance
2015-12-24,497.2366943359375,498.8711853027344,493.4723815917969,495.5774230957031,477.9269409179688,5492714,Reliance
2015-12-28,495.6021728515625,502.1154479980469,495.3049926757813,500.4561767578125,482.6319580078125,5946856,Reliance
2015-12-29,500.4561767578125,504.5671997070313,498.846435546875,502.9327087402344,485.020263671875,6882748,Reliance
2015-12-30,502.7345886230469,503.2298889160156,496.2956237792969,497.5338745117188,479.8137512207031,3761966,Reliance
2015-12-31,496.9890441894531,505.0625,494.8592224121094,502.5364685058594,484.6380920410156,8530230,Reliance
2016-01-01,500.1589965820313,504.666259765625,499.3665161132813,502.9079284667969,484.996337890625,2499742,Reliance
2016-01-04,497.7815246582031,502.1401977539063,488.7174377441406,492.9770812988281,475.419189453125,13923887,Reliance
2016-01-05,495.4535827636719,500.258056640625,493.819091796875,497.8558349609375,480.1242370605469,6897687,Reliance
2016-01-06,499.0693359375,514.32470703125,495.5031127929688,511.2538146972656,493.04498291015625,12349673,Reliance
2016-01-07,505.7311706542969,509.1735534667969,499.2922058105469,501.8677978515625,483.9932861328125,9109980,Reliance
2016-01-08,505.2110900878906,511.60052490234375,503.57659912109375,508.0591125488281,489.9640808105469,9836038,Reliance
2016-01-11,503.2051086425781,525.4195556640625,500.75335693359375,520.8627319335938,502.3116760253906,13391084,Reliance
2016-01-12,522.5467529296875,527.6979370117188,515.6620483398438,517.8165893554688,499.3740234375,10786810,Reliance
2016-01-13,521.605712890625,539.7586059570312,518.6834106445312,533.3692016601562,514.3726806640625,33136776,Reliance
2016-01-14,526.9302368164062,535.4246826171875,521.5809326171875,525.840576171875,507.11224365234375,12840397,Reliance
2016-01-15,529.8525390625,539.6348266601562,527.7969970703125,531.61083984375,512.6769409179688,13276112,Reliance
2016-01-18,532.452880859375,536.8858642578125,499.3169860839844,503.65087890625,485.71282958984375,12578025,Reliance
2016-01-19,509.6688537597656,519.97119140625,502.288818359375,516.9003295898438,498.4904174804688,9917315,Reliance
2016-01-20,512.5911254882812,512.5911254882812,490.3519592285156,497.55865478515625,479.8376159667969,20820207,Reliance
2016-01-21,503.9976196289063,508.0591125488281,483.764404296875,487.4791870117188,470.1170959472656,14661212,Reliance
2016-01-22,492.3579406738281,500.75335693359375,492.3579406738281,497.3605041503906,479.646484375,10929538,Reliance
2016-01-25,500.258056640625,504.5919799804688,495.3049926757813,497.2614440917969,479.551025390625,6045446,Reliance
2016-01-27,499.3169860839844,500.258056640625,493.7943115234375,494.9830627441406,477.3537292480469,7961346,Reliance
2016-01-28,495.80029296875,506.1026611328125,493.8686218261719,503.6756591796875,485.73675537109375,10648939,Reliance
2016-01-29,504.6910400390625,515.1171875,504.2204895019531,512.8388061523438,494.5735473632813,8850257,Reliance
2016-02-01,515.0924682617188,516.0087280273438,507.9600524902344,510.312744140625,492.137451171875,4577528,Reliance
2016-02-02,510.312744140625,511.5509948730469,490.599609375,495.8746032714844,478.2135314941406,6816943,Reliance
2016-02-03,489.361328125,492.3331604003906,482.92236328125,486.0923156738281,468.7796630859375,7241614,Reliance
2016-02-04,489.361328125,495.80029296875,478.3160400390625,481.95654296875,464.7911682128906,8401043,Reliance
2016-02-05,484.953125,486.3895263671875,476.1862182617188,480.8916320800781,463.7641906738281,9690760,Reliance
2016-02-08,480.9906921386719,487.7763671875,474.4774169921875,476.0128784179688,459.0592041015625,5574046,Reliance
2016-02-09,471.9761352539063,479.85150146484375,470.5397644042969,474.2545471191406,457.363525390625,9047009,Reliance
2016-02-10,471.38177490234375,481.9317626953125,469.87109375,476.8053588867188,459.8234558105469,7791663,Reliance
2016-02-11,476.9044189453125,478.43988037109375,453.4517211914063,457.9342346191406,441.62445068359375,7898492,Reliance
2016-02-12,462.5653381347656,462.5653381347656,439.88037109375,449.0187377929688,433.0264892578125,13530925,Reliance
2016-02-15,454.6900024414063,471.2084045410156,454.6900024414063,468.9300231933594,452.2286682128906,8899342,Reliance
2016-02-16,471.0845947265625,474.502197265625,459.1477355957031,460.9060668945313,444.4904479980469,6010968,Reliance
2016-02-17,463.1596984863281,474.2297668457031,453.8974914550781,471.8275451660156,455.0229187011719,7126582,Reliance
2016-02-18,476.9539489746094,479.8019714355469,463.60546875,465.63623046875,449.0521240234375,6660867,Reliance
2016-02-19,465.5867004394531,471.90185546875,464.2741394042969,467.74127197265625,451.0822143554688,4723683,Reliance
2016-02-22,467.6174621582031,479.6038208007813,467.6174621582031,476.6320190429688,459.6562805175781,5893738,Reliance
2016-02-23,477.02825927734375,479.0589904785156,466.9487915039063,470.3663940429688,453.6138305664063,8763783,Reliance
2016-02-24,468.0137023925781,474.7745971679688,466.5773010253906,471.8523254394531,455.0468444824219,7008431,Reliance
2016-02-25,472.6200256347656,473.7839965820313,466.0077209472656,467.6174621582031,450.9627990722656,11457637,Reliance
2016-02-26,472.0256652832031,474.8736572265625,467.7165222167969,470.7131042480469,453.94818115234375,3853247,Reliance
2016-02-29,471.18365478515625,492.63037109375,463.1101684570313,478.7865905761719,461.7341613769531,14321426,Reliance
2016-03-01,477.82073974609375,487.9002075195313,477.79595947265625,486.0427856445313,468.7319030761719,7593145,Reliance
2016-03-02,491.788330078125,498.1530151367188,488.9898681640625,496.0479736328125,478.3807373046875,9278900,Reliance
2016-03-03,500.258056640625,504.2204895019531,494.0667419433594,501.669677734375,483.8022155761719,7328829,Reliance
2016-03-04,502.2392578125,502.7345886230469,497.03857421875,498.4749450683594,480.7212219238281,4147803,Reliance
2016-03-08,499.0198059082031,510.6099243164063,499.0198059082031,508.6782531738281,490.5611572265625,6102409,Reliance
2016-03-09,505.2110900878906,517.0488891601562,504.5176696777344,515.959228515625,497.5828247070313,5471034,Reliance
2016-03-10,516.132568359375,518.0394897460938,499.76275634765625,501.1248474121094,483.27679443359375,9555978,Reliance
2016-03-11,502.68505859375,509.9412536621094,500.5552368164063,502.4869384765625,484.59033203125,7069736,Reliance
2016-03-14,504.7653198242188,508.3810424804688,501.7192077636719,505.0872802734375,487.0981140136719,5482662,Reliance
2016-03-15,507.19232177734375,509.0992431640625,502.78411865234375,505.4587707519531,487.4563903808594,4840112,Reliance
2016-03-16,505.7064208984375,508.0838623046875,498.0044250488281,506.077880859375,488.0534362792969,5106094,Reliance
2016-03-17,508.6782531738281,513.581787109375,501.2486572265625,503.2298889160156,490.3458862304688,7768425,Reliance
2016-03-18,504.3443298339844,510.2384338378906,503.081298828125,508.7773132324219,495.7512817382813,6475294,Reliance
2016-03-21,509.1487731933594,515.8601684570312,506.57318115234375,513.7799072265625,500.6257934570313,5864774,Reliance
2016-03-22,513.6312866210938,521.1846923828125,512.962646484375,519.00537109375,505.7174682617188,7076381,Reliance
2016-03-23,518.5347900390625,518.5347900390625,506.39984130859375,509.7679138183594,496.716552734375,7756138,Reliance
2016-03-28,510.1641540527344,511.0061645507813,503.0565185546875,505.4092102050781,492.4694213867188,8339413,Reliance
2016-03-29,507.09326171875,516.1077880859375,505.3101501464844,513.2598266601562,500.1189880371094,7324579,Reliance
2016-03-30,516.4545288085938,520.93701171875,516.4545288085938,518.609130859375,505.3313598632813,6670193,Reliance
2016-03-31,515.6124877929688,523.0421142578125,511.50146484375,517.6928100585938,504.4385681152344,14229585,Reliance
2016-04-01,514.6714477539062,518.2376098632812,507.6876220703125,512.3682861328125,499.2503051757813,5713883,Reliance
2016-04-04,515.1171875,516.2068481445312,507.8362121582031,512.6654663085938,499.5398864746094,3983929,Reliance
2016-04-05,510.8328247070313,516.305908203125,506.30078125,508.6534729003906,495.630615234375,4734755,Reliance
2016-04-06,511.2042846679688,513.4827270507812,506.4989013671875,512.0215454101562,498.9124450683594,3226244,Reliance
2016-04-07,512.5911254882812,519.0796508789062,506.2512512207031,513.755126953125,500.6016540527344,4056197,Reliance
2016-04-08,513.08642578125,522.2743530273438,510.7585144042969,513.309326171875,500.1672668457031,6189521,Reliance
2016-04-11,513.6312866210938,517.8413696289062,511.6500549316406,515.2658081054688,502.07366943359375,4757307,Reliance
2016-04-12,515.2658081054688,523.76025390625,514.1513671875,518.782470703125,505.5003051757813,5152580,Reliance
2016-04-13,521.333251953125,529.9268188476562,521.333251953125,528.0198974609375,514.501220703125,7401784,Reliance
2016-04-18,527.8960571289062,528.391357421875,522.744873046875,527.3759765625,513.8738403320312,8798824,Reliance
2016-04-20,529.5801391601562,529.5801391601562,513.0369262695312,513.7799072265625,500.6257934570313,10008978,Reliance
2016-04-21,515.8106079101562,521.0608520507812,512.6406860351562,515.6868286132812,502.4839172363281,5252190,Reliance
2016-04-22,514.6218872070312,518.8319702148438,509.81744384765625,514.5971069335938,501.422119140625,5401895,Reliance
2016-04-25,517.3212890625,517.3212890625,501.3972473144531,503.6756591796875,490.7802429199219,28224196,Reliance
2016-04-26,502.9327087402344,507.1427917480469,499.0198059082031,503.7004089355469,490.8043823242188,12197088,Reliance
2016-04-27,504.17095947265625,508.1581726074219,503.2298889160156,504.9139099121094,491.9867858886719,6692966,Reliance
2016-04-28,502.2392578125,504.8148498535156,490.8224792480469,493.6705017089844,481.03125,28589468,Reliance
2016-04-29,492.0607604980469,494.5868225097656,484.8293151855469,486.7362365722656,474.2745056152344,10835868,Reliance
2016-05-02,484.9035949707031,491.5406799316406,484.4082946777344,488.8412780761719,476.32568359375,4901531,Reliance
2016-05-03,489.361328125,492.8037109375,481.8079528808594,483.3186340332031,470.94439697265625,8109395,Reliance
2016-05-04,482.4518432617188,487.2315368652344,481.9317626953125,484.4578247070313,472.0544738769531,6251608,Reliance
2016-05-05,485.3988952636719,487.1076965332031,480.8916320800781,483.0462036132813,470.678955078125,9998709,Reliance
2016-05-06,481.9317626953125,483.8139343261719,478.9599304199219,479.92578125,467.638427734375,6806351,Reliance
2016-05-09,482.92236328125,488.3707275390625,481.8327026367188,486.9343566894531,474.4675598144531,7082682,Reliance
2016-05-10,486.9343566894531,487.7268371582031,484.4082946777344,486.6619262695313,474.20208740234375,3345090,Reliance
2016-05-11,481.33740234375,485.7703857421875,480.4458618164063,483.1205139160156,470.7513427734375,5694872,Reliance
2016-05-12,483.4176940917969,492.4322204589844,482.9471435546875,491.7388000488281,479.1490173339844,5900836,Reliance
2016-05-13,489.8318786621094,490.6243591308594,482.92236328125,484.4825744628906,472.07861328125,6760184,Reliance
2016-05-16,483.9129943847656,486.6371765136719,480.9906921386719,483.3929138183594,471.0167846679688,4304563,Reliance
2016-05-17,485.5227355957031,486.9343566894531,478.6380004882813,480.02484130859375,467.7349853515625,5610730,Reliance
2016-05-18,478.41510009765625,481.6841125488281,477.5235595703125,480.71826171875,468.4106140136719,3797607,Reliance
2016-05-19,481.2878723144531,481.3869323730469,468.36041259765625,471.1341247558594,459.0718688964844,4215701,Reliance
2016-05-20,471.5303649902344,472.76861572265625,461.3023071289063,462.71392822265625,450.86724853515625,8558338,Reliance
2016-05-23,464.2741394042969,465.9334106445313,458.4790649414063,460.6336669921875,448.84027099609375,8475783,Reliance
2016-05-24,459.6678161621094,467.5679321289063,459.6678161621094,465.8096008300781,453.8836669921875,5668703,Reliance
2016-05-25,470.4654541015625,471.9266052246094,466.15631103515625,471.1341247558594,459.0718688964844,4264311,Reliance
2016-05-26,470.5397644042969,471.7284851074219,467.6174621582031,468.97955322265625,456.9725036621094,6548694,Reliance
2016-05-27,470.0692138671875,483.8634643554688,469.9206237792969,482.7737731933594,470.4134826660156,6184833,Reliance
2016-05-30,483.6158142089844,486.1418762207031,477.9693298339844,479.8019714355469,467.5177917480469,4445929,Reliance
2016-05-31,479.9505615234375,481.9317626953125,473.7592468261719,474.4278869628906,462.2812805175781,10768049,Reliance
2016-06-01,474.4774169921875,478.51416015625,471.4313049316406,472.3228454589844,460.2301330566406,4173254,Reliance
2016-06-02,472.76861572265625,474.0811767578125,468.1127624511719,473.6354064941406,461.5091247558594,4732138,Reliance
2016-06-03,475.4927978515625,476.92919921875,473.4372863769531,475.3194580078125,463.1500854492188,3988879,Reliance
2016-06-06,475.9880981445313,476.9787292480469,471.80279541015625,472.9172058105469,460.809326171875,4002515,Reliance
2016-06-07,474.1307067871094,475.9633483886719,471.3322448730469,473.0410461425781,460.9299621582031,8747391,Reliance
2016-06-08,474.502197265625,474.502197265625,470.1187438964844,472.5704956054688,460.4714660644531,5600539,Reliance
2016-06-09,475.4927978515625,483.64056396484375,473.6106567382813,481.0154418945313,468.7002258300781,7219470,Reliance
2016-06-10,482.4270629882813,487.5782470703125,479.6038208007813,483.764404296875,471.3788146972656,7530182,Reliance
2016-06-13,480.3963317871094,487.1076965332031,477.0034790039063,485.9437255859375,473.5022888183594,4713976,Reliance
2016-06-14,485.8694458007813,488.0735473632813,480.0991516113281,483.54150390625,471.16156005859375,5041354,Reliance
2016-06-15,485.3988952636719,488.6183776855469,482.3032531738281,487.6773071289063,475.1915283203125,5136069,Reliance
2016-06-16,485.8941955566406,487.2067565917969,478.9847106933594,483.5662841796875,471.1856994628906,4325272,Reliance
2016-06-17,483.9129943847656,484.7302551269531,480.4953918457031,482.8728332519531,470.5100402832031,4861844,Reliance
2016-06-20,481.5107727050781,491.6397399902344,479.4552307128906,490.4510192871094,477.8941955566406,4965096,Reliance
2016-06-21,492.3826904296875,492.407470703125,485.2503051757813,488.9155578613281,476.3980712890625,6430108,Reliance
2016-06-22,487.87542724609375,488.3211975097656,483.9625244140625,485.64654541015625,473.2127380371094,5901987,Reliance
2016-06-23,485.3741455078125,486.3895263671875,480.4458618164063,485.6217956542969,473.1886291503906,4540016,Reliance
2016-06-24,477.9197998046875,477.9197998046875,462.3176879882813,471.2579345703125,459.1924743652344,11530618,Reliance
2016-06-27,465.8343505859375,474.7003173828125,465.8343505859375,473.3382263183594,461.2195434570313,4228907,Reliance
2016-06-28,473.709716796875,476.2605285644531,473.0162658691406,474.4031372070313,462.2572021484375,3509696,Reliance
2016-06-29,476.4833984375,479.92578125,475.4927978515625,478.910400390625,466.6490783691406,3472319,Reliance
2016-06-30,481.43646240234375,484.16064453125,478.9847106933594,480.02484130859375,467.7349853515625,5887945,Reliance
2016-07-01,481.8079528808594,483.8139343261719,480.4458618164063,482.1546630859375,469.8102416992188,3050603,Reliance
2016-07-04,483.1700439453125,492.1350402832031,483.1700439453125,488.7174377441406,476.20501708984375,3601316,Reliance
2016-07-05,488.4202575683594,496.7413940429688,485.5474853515625,491.8873901367188,479.2937927246094,5242583,Reliance
2016-07-07,491.5902099609375,495.5526428222656,488.4450378417969,489.3117980957031,476.7841796875,5551423,Reliance
2016-07-08,488.8660278320313,489.8566589355469,483.5910339355469,484.6064147949219,472.1992492675781,3295393,Reliance
2016-07-11,490.8472595214844,492.8037109375,488.1230773925781,491.5902099609375,479.0042114257813,3815035,Reliance
2016-07-12,492.9523010253906,497.7815246582031,490.8472595214844,496.9890441894531,484.2648315429688,4507697,Reliance
2016-07-13,497.8805847167969,503.57659912109375,497.3605041503906,499.638916015625,486.8468933105469,6883407,Reliance
2016-07-14,499.3169860839844,502.288818359375,494.438232421875,497.7319946289063,484.9887390136719,4964987,Reliance
2016-07-15,499.76275634765625,505.7064208984375,497.03857421875,501.34771728515625,488.5119323730469,6457762,Reliance
2016-07-18,509.1735534667969,514.498046875,496.1717834472656,498.4006652832031,485.6403198242188,14817306,Reliance
2016-07-19,498.2768249511719,506.6722412109375,492.9770812988281,504.1214294433594,491.214599609375,7683649,Reliance
2016-07-20,505.1863403320313,509.3221435546875,503.5022888183594,506.697021484375,493.7242736816406,5660441,Reliance
2016-07-21,507.19232177734375,507.6876220703125,497.7815246582031,498.4501953125,485.6885681152344,3097170,Reliance
2016-07-22,498.2768249511719,504.1214294433594,497.8310546875,502.6602783203125,489.7908630371094,3184126,Reliance
2016-07-25,502.2392578125,507.0685119628906,498.9454956054688,506.57318115234375,493.6036071777344,3803482,Reliance
2016-07-26,506.697021484375,512.5416259765625,502.8336486816406,507.2171020507813,494.2310180664063,4853316,Reliance
2016-07-27,506.7217712402344,508.1829223632813,499.7379760742188,501.7934875488281,488.9462890625,5090697,Reliance
2016-07-28,502.7098083496094,510.4118041992188,501.7687377929688,508.3562927246094,495.3410339355469,7204399,Reliance
2016-07-29,507.19232177734375,507.6380920410156,501.2486572265625,502.68505859375,489.8150329589844,4444057,Reliance
2016-08-01,504.2204895019531,505.3596801757813,497.8063049316406,500.0104064941406,487.2088623046875,3681961,Reliance
2016-08-02,499.2674560546875,505.2110900878906,498.4254150390625,501.6448974609375,488.8014831542969,3558227,Reliance
2016-08-03,502.4374084472656,502.4374084472656,491.0949096679688,492.3084106445313,479.70404052734375,5479056,Reliance
2016-08-04,494.8096923828125,495.3049926757813,487.08294677734375,491.8378601074219,479.2455139160156,4701579,Reliance
2016-08-05,494.31439208984375,504.7157897949219,493.8438415527344,503.3536987304688,490.4665222167969,5588302,Reliance
2016-08-08,505.16156005859375,512.1453857421875,504.5424499511719,509.7926635742188,496.74066162109375,6256252,Reliance
2016-08-09,508.6782531738281,512.3930053710938,505.7064208984375,510.5108642578125,497.4404296875,6133687,Reliance
2016-08-10,510.7832946777344,512.4177856445312,496.2956237792969,497.1128540039063,484.3854675292969,6217306,Reliance
2016-08-11,496.2708435058594,506.6227111816406,495.10687255859375,502.288818359375,489.4289245605469,6539201,Reliance
2016-08-12,503.7251892089844,516.5535888671875,503.7251892089844,513.0369262695312,499.90185546875,7552641,Reliance
2016-08-16,513.2598266601562,517.4946899414062,502.9822387695313,507.6380920410156,494.6412048339844,6169134,Reliance
2016-08-17,507.2418518066406,509.5697937011719,498.8711853027344,501.8925476074219,489.0427856445313,7147050,Reliance
2016-08-18,503.2298889160156,507.01898193359375,503.2298889160156,504.2452697753906,491.3352966308594,3576481,Reliance
2016-08-19,504.2204895019531,506.2017211914063,498.8216552734375,502.68505859375,489.8150329589844,3774054,Reliance
2016-08-22,501.2486572265625,505.0625,498.8711853027344,501.1743774414063,488.343017578125,3084774,Reliance
2016-08-23,501.2486572265625,502.7345886230469,497.7815246582031,500.4809265136719,487.6673278808594,3378378,Reliance
2016-08-24,501.1000671386719,506.1769409179688,500.75335693359375,505.4587707519531,492.5177307128906,4024092,Reliance
2016-08-25,505.8054809570313,509.6688537597656,499.76275634765625,501.5953674316406,488.7532348632813,6904382,Reliance
2016-08-26,504.17095947265625,510.5603942871094,502.5364685058594,509.1240234375,496.0891723632813,4448703,Reliance
2016-08-29,508.8020629882813,524.8994750976562,508.2324523925781,523.76025390625,510.3506164550781,7473162,Reliance
2016-08-30,526.013916015625,529.2333984375,521.55615234375,528.1932373046875,514.6701049804688,8385786,Reliance
2016-08-31,527.4503173828125,531.9575805664062,518.5843505859375,525.0233154296875,511.5813293457031,10750870,Reliance
2016-09-01,521.55615234375,531.3384399414062,508.0343322753906,509.7679138183594,496.716552734375,19669605,Reliance
2016-09-02,510.708984375,511.42718505859375,496.4442138671875,501.9173278808594,489.0669555664063,12979505,Reliance
2016-09-06,505.16156005859375,507.6876220703125,502.7345886230469,505.16156005859375,492.2281188964844,5312062,Reliance
2016-09-07,506.2017211914063,508.7030029296875,501.7687377929688,504.0471496582031,491.1422424316406,5966010,Reliance
2016-09-08,506.7217712402344,513.1112060546875,505.3101501464844,511.8481750488281,498.7435302734375,5633288,Reliance
2016-09-09,512.6406860351562,520.020751953125,510.1641540527344,517.370849609375,504.1248168945313,7047053,Reliance
2016-09-12,510.3622741699219,523.0421142578125,509.7431335449219,518.336669921875,505.06591796875,15545572,Reliance
2016-09-14,519.0796508789062,524.5280151367188,515.56298828125,517.4699096679688,504.2213439941406,8586131,Reliance
2016-09-15,518.5843505859375,530.075439453125,518.5843505859375,527.4998168945312,513.9944458007812,14477715,Reliance
2016-09-16,528.4904174804688,541.7893676757812,524.5775146484375,532.7252807617188,519.0861206054688,18148264,Reliance
2016-09-19,531.2393798828125,538.891845703125,530.4716796875,536.1181640625,522.3921508789062,7696922,Reliance
2016-09-20,536.91064453125,537.2821044921875,529.5057983398438,532.056640625,518.4346313476562,5321678,Reliance
2016-09-21,531.9575805664062,537.3563842773438,529.4810791015625,531.0908203125,517.4935302734375,5050374,Reliance
2016-09-22,536.4153442382812,542.7552490234375,534.43408203125,539.3623657226562,525.5533447265625,8658390,Reliance
2016-09-23,539.3871459960938,549.51611328125,539.3871459960938,546.2223510742188,532.2376098632812,14346160,Reliance
2016-09-26,546.51953125,559.4717407226562,544.9593505859375,548.4016723632812,534.3611450195312,17635483,Reliance
2016-09-27,553.2556762695312,557.6886596679688,548.1044921875,550.0361938476562,535.953857421875,8941345,Reliance
2016-09-28,548.7484130859375,548.7979736328125,538.0498046875,540.2044067382812,526.3738403320312,11454533,Reliance
2016-09-29,542.3590087890625,550.1600341796875,528.6885375976562,531.1898803710938,517.5900268554688,9811623,Reliance
2016-09-30,528.9857177734375,542.1361083984375,528.1437377929688,536.7620239257812,523.01953125,5168744,Reliance
2016-10-03,538.3965454101562,548.773193359375,533.072021484375,540.2291870117188,526.3978881835938,8364763,Reliance
2016-10-04,541.3931274414062,548.946533203125,540.873046875,543.0276489257812,529.1246948242188,6051915,Reliance
2016-10-05,546.8167114257812,548.0549926757812,537.8021850585938,539.5852661132812,525.7703857421875,4979551,Reliance
2016-10-06,540.873046875,557.8372802734375,540.873046875,550.184814453125,536.0986328125,9742744,Reliance
2016-10-07,551.769775390625,556.2522583007812,548.0549926757812,549.2932739257812,535.22998046875,7051893,Reliance
2016-10-10,551.769775390625,555.7322387695312,541.8636474609375,543.0276489257812,529.1246948242188,5332013,Reliance
2016-10-13,539.3871459960938,539.4119262695312,521.0608520507812,523.6116943359375,510.2059020996094,10124402,Reliance
2016-10-14,526.5092163085938,535.9200439453125,525.840576171875,533.7654418945312,520.0997314453125,7045099,Reliance
2016-10-17,534.9293823242188,535.3256225585938,524.4041748046875,525.3452758789062,511.8950805664063,4535058,Reliance
2016-10-18,527.9951171875,536.29150390625,526.0386962890625,535.4742431640625,521.7647705078125,5110251,Reliance
2016-10-19,537.1334838867188,542.2103881835938,535.622802734375,538.5698852539062,524.7811889648438,7879298,Reliance
2016-10-20,541.8389282226562,543.8449096679688,536.9353637695312,538.6689453125,524.877685546875,4672920,Reliance
2016-10-21,543.349609375,543.349609375,524.2308349609375,527.1035766601562,513.6083984375,20125461,Reliance
2016-10-24,529.9763793945312,531.9575805664062,525.3452758789062,526.6578369140625,513.1740112304688,4851755,Reliance
2016-10-25,527.4998168945312,527.6236572265625,522.1505126953125,525.4443359375,511.9915466308594,3534611,Reliance
2016-10-26,523.0668334960938,524.7509155273438,521.1104125976562,522.0762329101562,508.7097473144531,5051543,Reliance
2016-10-27,520.6151123046875,522.001953125,516.80126953125,519.4263305664062,506.127685546875,5926800,Reliance
2016-10-28,520.0702514648438,524.03271484375,516.9993896484375,522.5220336914062,509.1441345214844,3751056,Reliance
2016-11-01,520.7141723632812,523.017333984375,518.782470703125,520.5655517578125,507.2377014160156,4718327,Reliance
2016-11-02,515.6124877929688,516.52880859375,505.7064208984375,507.0685119628906,494.0862426757813,3248957,Reliance
2016-11-03,507.1180419921875,512.516845703125,505.50830078125,507.1675720214844,494.1827697753906,3374427,Reliance
2016-11-04,505.3349304199219,508.6287231445313,495.3049926757813,498.053955078125,485.302490234375,5323812,Reliance
2016-11-07,502.2392578125,503.5022888183594,494.83447265625,495.8746032714844,483.1789245605469,4387036,Reliance
2016-11-08,498.1282348632813,498.1282348632813,494.4629821777344,497.03857421875,484.3130798339844,6198899,Reliance
2016-11-09,470.5397644042969,499.76275634765625,460.6336669921875,497.5834045410156,484.8439636230469,9986923,Reliance
2016-11-10,504.5176696777344,509.6440734863281,498.7721252441406,500.4561767578125,487.6432189941406,4506126,Reliance
2016-11-11,494.2401123046875,503.9728393554688,492.8780212402344,496.1717834472656,483.468505859375,6818812,Reliance
2016-11-15,493.5714416503906,495.3049926757813,485.176025390625,488.0735473632813,475.5776062011719,6685965,Reliance
2016-11-16,492.8284912109375,493.7200317382813,485.74560546875,488.6431579589844,476.1325988769531,7638174,Reliance
2016-11-17,488.3707275390625,494.3887023925781,482.6251831054688,484.2844543457031,471.8855285644531,5827994,Reliance
2016-11-18,487.87542724609375,491.6892700195313,486.3895263671875,489.1136779785156,476.5910949707031,8382568,Reliance
2016-11-21,489.1384582519531,492.11029052734375,486.98388671875,491.0949096679688,478.5216064453125,6106766,Reliance
2016-11-22,494.1658020019531,499.16839599609375,491.9864501953125,496.023193359375,483.32373046875,8143790,Reliance
2016-11-23,497.7815246582031,500.5057067871094,495.0821228027344,499.76275634765625,486.967529296875,6049298,Reliance
2016-11-24,498.053955078125,498.053955078125,486.4885864257813,489.0393981933594,476.5187377929688,8728712,Reliance
2016-11-25,490.3519592285156,493.2742614746094,487.553466796875,492.1845703125,479.5833740234375,4824964,Reliance
2016-11-28,491.8378601074219,495.6021728515625,487.4296569824219,488.6926879882813,476.180908203125,3836345,Reliance
2016-11-29,489.8566589355469,497.434814453125,489.3861083984375,494.1658020019531,481.5138549804688,4562055,Reliance
2016-11-30,495.2802429199219,495.2802429199219,488.6926879882813,490.376708984375,477.8218078613281,12735595,Reliance
2016-12-01,495.3049926757813,502.7345886230469,492.8284912109375,494.1905517578125,481.5379943847656,5827748,Reliance
2016-12-02,493.2742614746094,497.7815246582031,491.2434997558594,492.7046508789063,480.0901489257813,5760178,Reliance
2016-12-05,492.8284912109375,495.1564025878906,488.6183776855469,492.2588806152344,479.65576171875,1840098,Reliance
2016-12-06,493.3237915039063,498.54925537109375,492.63037109375,497.8805847167969,485.1335754394531,3104218,Reliance
2016-12-07,497.2862243652344,499.0693359375,493.49713134765625,494.8840026855469,482.2136840820313,2275593,Reliance
2016-12-08,497.8063049316406,506.1026611328125,497.4595947265625,505.2358703613281,492.3005065917969,4038380,Reliance
2016-12-09,506.2017211914063,511.0804748535156,505.3596801757813,509.6440734863281,496.5958862304688,3802370,Reliance
2016-12-12,505.4587707519531,515.959228515625,505.4587707519531,508.7773132324219,495.7512817382813,4164504,Reliance
2016-12-13,509.1735534667969,515.6124877929688,508.9506530761719,515.0181274414062,501.8323364257813,4783826,Reliance
2016-12-14,515.0181274414062,527.2274169921875,514.2256469726562,524.775634765625,511.3400573730469,11140265,Reliance
2016-12-15,521.2589721679688,528.78759765625,519.401611328125,521.5314331054688,508.1788940429688,8921708,Reliance
2016-12-16,521.0608520507812,526.013916015625,521.0608520507812,523.6116943359375,510.2059020996094,6895825,Reliance
2016-12-19,522.5467529296875,528.4656982421875,522.224853515625,526.2863159179688,512.81201171875,6926943,Reliance
2016-12-20,522.398193359375,525.5186157226562,521.6304931640625,523.983154296875,510.5678405761719,5394088,Reliance
2016-12-21,525.0728149414062,528.6390380859375,523.636474609375,526.633056640625,513.1498413085938,9399779,Reliance
2016-12-22,524.03271484375,526.3358764648438,520.540771484375,521.7295532226562,508.3719177246094,13334038,Reliance
2016-12-23,521.0608520507812,529.456298828125,521.0608520507812,523.6859741210938,510.27825927734375,4737311,Reliance
2016-12-26,522.224853515625,527.9951171875,517.4203491210938,518.8072509765625,505.5244140625,7070994,Reliance
2016-12-27,519.00537109375,528.5399780273438,518.5843505859375,527.3512573242188,513.8497314453125,8049872,Reliance
2016-12-28,528.9362182617188,529.7534790039062,518.6338500976562,519.9216918945312,506.6103820800781,4447617,Reliance
2016-12-29,520.0702514648438,529.3819580078125,519.8225708007812,527.7227172851562,514.211669921875,4048426,Reliance
2016-12-30,527.4007568359375,537.4059448242188,526.5587768554688,536.1181640625,522.3921508789062,7251073,Reliance
2017-01-02,536.91064453125,539.8824462890625,531.1403198242188,537.4554443359375,523.6952514648438,3275674,Reliance
2017-01-03,539.8081665039062,543.349609375,535.4742431640625,539.5852661132812,525.7703857421875,2969384,Reliance
2017-01-04,541.31884765625,541.3683471679688,527.1531372070312,528.5647583007812,515.0321655273438,4796129,Reliance
2017-01-05,530.4716796875,534.8798828125,529.3572387695312,533.6416015625,519.97900390625,4030815,Reliance
2017-01-06,532.056640625,537.4059448242188,531.5117797851562,532.4281005859375,518.7965698242188,3620853,Reliance
2017-01-09,533.4434814453125,537.9012451171875,530.4716796875,533.7902221679688,520.1238403320312,2413173,Reliance
2017-01-10,534.9293823242188,542.061767578125,534.9293823242188,539.8081665039062,525.9877319335938,5237984,Reliance
2017-01-11,542.3590087890625,542.7056884765625,536.91064453125,537.926025390625,524.1537475585938,5296152,Reliance
2017-01-12,538.3965454101562,540.0557861328125,534.830322265625,536.5639038085938,522.8264770507812,2017673,Reliance
2017-01-13,537.1830444335938,543.5972290039062,537.1830444335938,540.08056640625,526.2530517578125,3338688,Reliance
2017-01-16,539.857666015625,541.8389282226562,531.9328002929688,533.072021484375,519.4240112304688,5544068,Reliance
2017-01-17,527.4998168945312,528.9857177734375,514.374267578125,515.736328125,502.53216552734375,18106600,Reliance
2017-01-18,516.4049682617188,519.0796508789062,509.5450134277344,511.42718505859375,498.3333435058594,7322904,Reliance
2017-01-19,512.7149658203125,517.7423095703125,510.6594543457031,511.9967956542969,498.8883666992188,7053690,Reliance
2017-01-20,512.12060546875,513.8541870117188,507.1427917480469,508.0838623046875,495.0755615234375,4054233,Reliance
2017-01-23,506.1026611328125,510.6594543457031,501.6448974609375,503.1803588867188,490.297607421875,6326471,Reliance
2017-01-24,503.7251892089844,509.5697937011719,503.7251892089844,508.8268432617188,495.7995300292969,4347000,Reliance
2017-01-25,511.1547546386719,511.50146484375,503.3041687011719,503.873779296875,490.9733276367188,11009842,Reliance
2017-01-27,505.3349304199219,509.6193237304688,504.7157897949219,507.7371520996094,494.7377624511719,10089215,Reliance
2017-01-30,507.6628723144531,518.3119506835938,507.5885620117188,517.4946899414062,504.2454528808594,7235452,Reliance
2017-01-31,518.5100708007812,521.952392578125,515.2658081054688,517.6928100585938,504.4385681152344,6980274,Reliance
2017-02-01,518.1385498046875,520.5160522460938,512.73974609375,519.8969116210938,506.5862426757813,5220617,Reliance
2017-02-02,520.0702514648438,520.4664916992188,514.2504272460938,516.8507690429688,503.6180419921875,4199246,Reliance
2017-02-03,518.0890502929688,520.2931518554688,510.2136840820313,511.9720153808594,498.86419677734375,6100788,Reliance
2017-02-06,513.6312866210938,517.544189453125,511.1795349121094,515.9344482421875,502.7251586914063,4611263,Reliance
2017-02-07,516.1077880859375,516.2811889648438,508.7773132324219,510.6099243164063,497.5370178222656,4571415,Reliance
2017-02-08,510.6099243164063,514.2504272460938,506.2017211914063,507.7619323730469,494.7618713378906,7490523,Reliance
2017-02-09,509.1735534667969,512.1453857421875,508.57916259765625,511.5262451171875,498.4298400878906,4551167,Reliance
2017-02-10,512.6406860351562,512.9130859375,507.9600524902344,510.2384338378906,497.1750183105469,5777310,Reliance
2017-02-13,511.6500549316406,512.1453857421875,506.2017211914063,510.08984375,497.0302429199219,3953095,Reliance
2017-02-14,512.6406860351562,521.5066528320312,510.1146240234375,519.97119140625,506.65863037109375,8419890,Reliance
2017-02-15,521.5066528320312,523.7850341796875,517.717529296875,520.7141723632812,507.3825378417969,7031717,Reliance
2017-02-16,521.333251953125,529.7039184570312,521.333251953125,528.7380981445312,515.2009887695312,9070869,Reliance
2017-02-17,528.2427978515625,534.037841796875,524.2555541992188,532.7005004882812,519.0620727539062,6852052,Reliance
2017-02-20,530.248779296875,534.3598022460938,528.2427978515625,532.6510009765625,519.0137939453125,5376741,Reliance
2017-02-21,532.5519409179688,540.3529663085938,531.487060546875,538.9909057617188,525.1913452148438,6547056,Reliance
2017-02-22,541.3683471679688,600.1362915039062,540.873046875,598.080810546875,582.7683715820312,58759604,Reliance
2017-02-23,601.1021728515625,605.2626953125,584.137939453125,585.822021484375,570.823486328125,28728225,Reliance
2017-02-27,589.6605834960938,622.4993286132812,589.5863037109375,613.6333618164062,597.9227905273438,38499330,Reliance
2017-02-28,610.2157592773438,618.140625,608.482177734375,613.2123413085938,597.5125122070312,16665551,Reliance
2017-03-01,614.2277221679688,616.3575439453125,609.2251586914062,611.4540405273438,595.7991943359375,11253980,Reliance
2017-03-02,613.1380615234375,621.4591674804688,607.7639770507812,612.5684814453125,596.8851318359375,8336344,Reliance
2017-03-03,614.9459228515625,637.853759765625,614.9459228515625,623.3660888671875,607.4063110351562,38907038,Reliance
2017-03-06,628.5420532226562,649.8401489257812,626.6846313476562,646.54638671875,629.9931640625,30793458,Reliance
2017-03-07,653.2330322265625,657.2697143554688,641.9895629882812,646.3482666015625,629.800048828125,19416016,Reliance
2017-03-08,647.7103271484375,647.7103271484375,637.0117797851562,639.537841796875,623.1640014648438,20000005,Reliance
2017-03-09,638.9434814453125,642.9058837890625,634.7333374023438,637.333740234375,621.0162353515625,14350087,Reliance
2017-03-10,639.0672607421875,641.915283203125,624.6786499023438,634.8076782226562,618.5549926757812,11438543,Reliance
2017-03-14,653.1834716796875,653.3073120117188,636.5907592773438,638.69580078125,622.343505859375,12813559,Reliance
2017-03-15,639.4635009765625,651.969970703125,639.1416015625,646.3482666015625,629.800048828125,11125787,Reliance
2017-03-16,648.8495483398438,649.0476684570312,640.7265625,642.7325439453125,626.2769165039062,7348934,Reliance
2017-03-17,647.8589477539062,653.77783203125,642.9306640625,644.2432250976562,627.7489624023438,10488640,Reliance
2017-03-20,646.8683471679688,646.9921875,633.1731567382812,634.3866577148438,618.144775390625,5939197,Reliance
2017-03-21,635.080078125,635.922119140625,623.7376098632812,625.9664916992188,609.9400634765625,10428134,Reliance
2017-03-22,620.1218872070312,627.006591796875,617.4224243164062,623.9357299804688,607.9613647460938,9364609,Reliance
2017-03-23,625.64453125,632.7769165039062,623.0936889648438,630.671875,614.5249633789062,5449349,Reliance
2017-03-24,631.068115234375,639.93408203125,628.2696533203125,637.333740234375,621.0162353515625,7514381,Reliance
2017-03-27,629.5822143554688,633.3712768554688,617.744384765625,619.6760864257812,603.8107299804688,14976876,Reliance
2017-03-28,623.0936889648438,626.0655517578125,615.2183227539062,617.0261840820312,601.2286987304688,10017936,Reliance
2017-03-29,619.9732666015625,624.0842895507812,610.8843994140625,622.425048828125,606.4893188476562,8733582,Reliance
2017-03-30,621.6077880859375,631.3900756835938,620.6171875,629.3593139648438,613.2460327148438,12858458,Reliance
2017-03-31,627.05615234375,662.5447387695312,627.05615234375,654.2483520507812,637.4979248046875,20947737,Reliance
2017-04-03,664.6993408203125,683.7685546875,662.24755859375,680.8710327148438,663.43896484375,20715169,Reliance
2017-04-05,691.049560546875,702.3424682617188,683.5704345703125,700.8565673828125,682.912841796875,18609462,Reliance
2017-04-06,697.884765625,717.6473999023438,694.5166625976562,712.4962768554688,694.2545166015625,23361514,Reliance
2017-04-07,703.9769897460938,710.2673950195312,694.6900634765625,696.696044921875,678.8587646484375,14710432,Reliance
2017-04-10,698.3800659179688,705.7600708007812,682.18359375,684.1895751953125,666.6725463867188,14199616,Reliance
2017-04-11,687.4090576171875,693.64990234375,678.6173706054688,679.7318115234375,662.3289794921875,14883207,Reliance
2017-04-12,684.9077758789062,686.7156372070312,669.2313842773438,670.6430053710938,653.4728393554688,12667376,Reliance
2017-04-13,670.6430053710938,680.2518920898438,667.3491821289062,675.9922485351562,658.6851196289062,5867471,Reliance
2017-04-17,676.09130859375,691.222900390625,676.09130859375,689.3902587890625,671.7401123046875,5463005,Reliance
2017-04-18,693.4022216796875,698.3800659179688,677.0819702148438,678.6669311523438,661.2913208007812,7391572,Reliance
2017-04-19,678.0725708007812,684.783935546875,672.4013061523438,677.9735107421875,660.6156616210938,5340733,Reliance
2017-04-20,683.0255737304688,686.8889770507812,675.6455688476562,678.344970703125,660.9776000976562,3873597,Reliance
2017-04-21,683.7685546875,703.8284301757812,682.802734375,694.665283203125,676.880126953125,13951559,Reliance
2017-04-24,697.9094848632812,710.7626953125,693.5260620117188,702.0452880859375,684.071044921875,11774019,Reliance
2017-04-25,723.1453247070312,726.9839477539062,706.3544921875,709.6730346679688,691.5036010742188,16966725,Reliance
2017-04-26,710.7626953125,713.2639770507812,694.7147827148438,701.5747680664062,683.6126708984375,7736192,Reliance
2017-04-27,701.84716796875,705.3886108398438,694.5166625976562,698.1323852539062,680.2583618164062,5801788,Reliance
2017-04-28,698.2562255859375,703.481689453125,688.96923828125,691.049560546875,673.3568725585938,5468153,Reliance
2017-05-02,694.4176025390625,694.4176025390625,676.7352294921875,678.8402709960938,661.460205078125,8579933,Reliance
2017-05-03,681.9854736328125,683.8923950195312,676.09130859375,678.6173706054688,661.2430419921875,4384266,Reliance
2017-05-04,681.0443725585938,683.32275390625,670.667724609375,672.5994262695312,655.379150390625,6629876,Reliance
2017-05-05,674.4072875976562,677.2553100585938,656.2791137695312,657.8888549804688,641.045166015625,7198681,Reliance
2017-05-08,658.7556762695312,663.4610595703125,652.9853515625,654.4960327148438,637.7391967773438,7414794,Reliance
2017-05-09,655.7838134765625,660.5635375976562,653.9264526367188,658.9290161132812,642.0587158203125,9740485,Reliance
2017-05-10,661.1331176757812,675.3978881835938,659.0775756835938,673.1690063476562,655.93408203125,10571126,Reliance
2017-05-11,675.6455688476562,678.4440307617188,669.47900390625,673.3919067382812,656.1513671875,6361244,Reliance
2017-05-12,673.6395874023438,675.5960083007812,665.7146606445312,668.8846435546875,651.7594604492188,3472060,Reliance
2017-05-15,671.8317260742188,671.8317260742188,660.4891967773438,665.7394409179688,648.6947631835938,3109625,Reliance
2017-05-16,666.705322265625,681.9854736328125,664.2039794921875,671.7821655273438,654.582763671875,5840738,Reliance
2017-05-17,670.1476440429688,676.5618896484375,667.5473022460938,670.1972045898438,653.0383911132812,4543269,Reliance
2017-05-18,663.83251953125,668.6617431640625,655.8333740234375,657.443115234375,640.61083984375,4518258,Reliance
2017-05-19,660.2415771484375,661.5789184570312,648.8495483398438,653.2330322265625,636.508544921875,5913291,Reliance
2017-05-22,657.0220947265625,660.5387573242188,651.4251708984375,655.8580932617188,639.06640625,4061858,Reliance
2017-05-23,656.6258544921875,658.6813354492188,644.8870849609375,646.6454467773438,630.0896606445312,4256413,Reliance
2017-05-24,647.6112670898438,650.6821899414062,641.469482421875,642.75732421875,626.301025390625,6611691,Reliance
2017-05-25,643.896484375,650.0382690429688,642.13818359375,645.1099853515625,628.593505859375,11963002,Reliance
2017-05-26,645.8529663085938,665.8880615234375,643.896484375,662.3713989257812,645.4129028320312,9890146,Reliance
2017-05-29,662.2227783203125,676.314208984375,661.5293579101562,672.079345703125,654.872314453125,11086441,Reliance
2017-05-30,671.5840454101562,675.9427490234375,667.9188232421875,673.2928466796875,656.0547485351562,4457308,Reliance
2017-05-31,677.0819702148438,677.552490234375,661.62841796875,664.055419921875,647.0538330078125,7579368,Reliance
2017-06-01,660.0929565429688,663.7086791992188,655.2885131835938,657.8888549804688,641.045166015625,4399971,Reliance
2017-06-02,661.232177734375,663.0648193359375,652.3167114257812,656.1552734375,639.3560180664062,5304943,Reliance
2017-06-05,656.8982543945312,664.2039794921875,651.7470703125,658.4337158203125,641.576171875,5000365,Reliance
2017-06-06,660.7120971679688,660.7120971679688,649.3448486328125,650.2363891601562,633.5886840820312,4426274,Reliance
2017-06-07,649.4439086914062,664.6993408203125,648.354248046875,663.21337890625,646.2333984375,5168439,Reliance
2017-06-08,663.7086791992188,666.086181640625,657.789794921875,659.59765625,642.7102661132812,3647290,Reliance
2017-06-09,666.2347412109375,670.1229248046875,659.2509765625,661.5789184570312,644.6407470703125,6385564,Reliance
2017-06-12,657.046875,658.6318359375,652.3167114257812,653.5302124023438,636.7982177734375,3891567,Reliance
2017-06-13,654.0997924804688,657.2697143554688,649.3448486328125,651.004150390625,634.3367309570312,2780692,Reliance
2017-06-14,651.7718505859375,673.6148071289062,651.7718505859375,672.3765258789062,655.1619262695312,24431465,Reliance
2017-06-15,673.6148071289062,690.9505004882812,673.1690063476562,685.4773559570312,667.9273071289062,13056205,Reliance
2017-06-16,688.0281982421875,691.3467407226562,678.2211303710938,687.8795776367188,670.26806640625,15096065,Reliance
2017-06-19,688.572998046875,701.2528076171875,688.572998046875,698.0086059570312,680.1377563476562,7031853,Reliance
2017-06-20,697.884765625,704.3732299804688,697.1170043945312,699.5440063476562,681.6339721679688,4680750,Reliance
2017-06-21,697.2904052734375,707.2955322265625,695.5320434570312,704.32373046875,686.291259765625,9226522,Reliance
2017-06-22,708.0137329101562,715.9138793945312,707.14697265625,709.5986938476562,691.4312133789062,10207734,Reliance
2017-06-23,711.2579956054688,714.2297973632812,708.5833129882812,711.1837158203125,692.9756469726562,14372622,Reliance
2017-06-27,709.2767944335938,714.72509765625,705.8096313476562,711.8275756835938,693.6029663085938,15040990,Reliance
2017-06-28,713.2144165039062,713.2144165039062,691.222900390625,692.6840209960938,674.949462890625,7184538,Reliance
2017-06-29,693.427001953125,698.3800659179688,688.5234985351562,689.811279296875,672.1503295898438,5952538,Reliance
2017-06-30,689.4645385742188,689.6626586914062,681.0691528320312,683.5209350585938,666.02099609375,3606284,Reliance
2017-07-03,687.5823974609375,690.8018798828125,679.0631713867188,684.0409545898438,666.5277099609375,4243619,Reliance
2017-07-04,688.4739379882812,706.8497924804688,687.9786376953125,704.2989501953125,686.26708984375,8683942,Reliance
2017-07-05,708.0137329101562,716.92919921875,705.3143310546875,714.5517578125,696.2573852539062,12556953,Reliance
2017-07-06,717.54833984375,718.1922607421875,712.2485961914062,714.5022583007812,696.2091064453125,6271927,Reliance
2017-07-07,714.72509765625,741.8430786132812,713.2391967773438,738.5740356445312,719.6646118164062,16542604,Reliance
2017-07-10,740.530517578125,743.4032592773438,737.5586547851562,739.4160766601562,720.4851684570312,1617344,Reliance
2017-07-11,743.4528198242188,745.1368408203125,736.5185546875,740.1590576171875,721.2091064453125,9689441,Reliance
2017-07-12,742.6603393554688,755.3401489257812,741.71923828125,748.4553833007812,729.29296875,7893715,Reliance
2017-07-13,747.2914428710938,755.3401489257812,746.0036010742188,753.9037475585938,739.9885864257812,10619232,Reliance
2017-07-14,752.8635864257812,760.7885131835938,750.6594848632812,759.674072265625,745.6524047851562,9474992,Reliance
2017-07-17,761.2838134765625,772.4776611328125,761.2838134765625,768.5895385742188,754.4033203125,8652868,Reliance
2017-07-18,766.1377563476562,768.6143188476562,748.4058837890625,752.8140869140625,738.9190673828125,9063934,Reliance
2017-07-19,749.1983642578125,761.7791137695312,749.1983642578125,759.27783203125,745.2634887695312,5441174,Reliance
2017-07-20,762.6458740234375,767.7227783203125,754.6962280273438,757.2717895507812,743.29443359375,6288420,Reliance
2017-07-21,767.7227783203125,788.376953125,765.221435546875,785.0584106445312,770.568115234375,44831188,Reliance
2017-07-24,792.4879760742188,804.8211059570312,785.0584106445312,800.0413818359375,785.2745971679688,20042658,Reliance
2017-07-25,804.7220458984375,804.8458862304688,791.2992553710938,793.5529174804688,778.9059448242188,9259100,Reliance
2017-07-26,794.5682983398438,807.297607421875,793.0328369140625,803.7561645507812,788.9207763671875,10131916,Reliance
2017-07-27,806.3565673828125,808.090087890625,786.7177124023438,789.9124145507812,775.3326416015625,8495918,Reliance
2017-07-28,788.1541137695312,795.43505859375,781.59130859375,789.7390747070312,775.1624755859375,6614152,Reliance
2017-07-31,793.453857421875,801.7997436523438,790.5067749023438,800.0166625976562,785.2503051757812,7645862,Reliance
2017-08-01,803.7561645507812,803.7561645507812,788.2778930664062,794.2711181640625,779.61083984375,5681949,Reliance
2017-08-02,797.4410400390625,810.17041015625,796.5,806.950927734375,792.0567016601562,9592846,Reliance
2017-08-03,805.7869262695312,824.63330078125,800.9329833984375,817.3027954101562,802.2174072265625,9094953,Reliance
2017-08-04,823.6921997070312,823.6921997070312,799.9671020507812,803.458984375,788.629150390625,8574605,Reliance
2017-08-07,808.1396484375,808.1396484375,798.7041015625,800.5862426757812,785.8095092773438,4401364,Reliance
2017-08-08,801.4035034179688,802.9141845703125,785.949951171875,793.7510375976562,779.100341796875,5058636,Reliance
2017-08-09,793.23095703125,802.3941040039062,785.0584106445312,791.8936157226562,777.2772827148438,4816513,Reliance
2017-08-10,789.045654296875,795.7817993164062,781.5665283203125,784.7365112304688,770.252197265625,4701836,Reliance
2017-08-11,768.1932983398438,782.5819091796875,759.3025512695312,765.8653564453125,751.7294311523438,7843781,Reliance
2017-08-14,773.1710815429688,784.810791015625,773.1710815429688,779.1395263671875,764.758544921875,6202842,Reliance
2017-08-16,778.6194458007812,780.6007080078125,767.8218383789062,775.6971435546875,761.3796997070312,6265622,Reliance
2017-08-17,777.133544921875,791.3240356445312,773.2454223632812,776.1924438476562,761.8658447265625,7304951,Reliance
2017-08-18,774.6570434570312,781.4922485351562,769.282958984375,780.3035278320312,765.901123046875,3662412,Reliance
2017-08-21,781.0960083007812,784.637451171875,772.7996215820312,774.8551635742188,760.5532836914062,3495195,Reliance
2017-08-22,778.6194458007812,782.5323486328125,770.7193603515625,772.7005615234375,758.4384155273438,4399773,Reliance
2017-08-23,775.0780639648438,785.826171875,769.282958984375,783.5972900390625,769.134033203125,3839702,Reliance
2017-08-24,787.5349731445312,789.0703735351562,774.9046630859375,776.6630249023438,762.3277587890625,5839979,Reliance
2017-08-28,782.1113891601562,783.5477294921875,773.2701416015625,775.9200439453125,761.5985107421875,5684028,Reliance
2017-08-29,773.5921020507812,776.3905639648438,757.816650390625,758.8815307617188,744.87451171875,6998558,Reliance
2017-08-30,766.50927734375,777.0344848632812,763.3888549804688,774.70654296875,760.4074096679688,4769560,Reliance
2017-08-31,780.1054077148438,791.2249755859375,779.6100463867188,789.7638549804688,775.1868286132812,11585780,Reliance
2017-09-01,792.4136962890625,800.7100830078125,791.99267578125,797.4906005859375,782.7709350585938,7121827,Reliance
2017-09-04,800.1652221679688,810.393310546875,790.4324951171875,799.100341796875,784.3509521484375,9950182,Reliance
2017-09-05,807.34716796875,809.7493896484375,802.9141845703125,808.6349487304688,793.7095947265625,11637538,Reliance
2017-09-06,805.5640869140625,818.4915161132812,803.7809448242188,814.974853515625,799.9324340820312,22496263,Reliance
2017-09-07,815.2720336914062,824.682861328125,807.34716796875,810.4180297851562,795.459716796875,7478761,Reliance
2017-09-08,812.3002319335938,815.5197143554688,804.474365234375,809.2293090820312,794.29296875,6114140,Reliance
2017-09-11,813.5880126953125,819.0858764648438,808.8826293945312,810.2199096679688,795.2653198242188,5856706,Reliance
2017-09-12,815.0243530273438,817.2532348632812,809.328369140625,816.0150146484375,800.9534301757812,2999837,Reliance
2017-09-13,816.2626342773438,851.8255615234375,814.2814331054688,841.0278930664062,825.504638671875,13557530,Reliance
2017-09-14,847.7640380859375,853.4105224609375,834.0936279296875,835.92626953125,820.4971313476562,5476914,Reliance
2017-09-15,834.0936279296875,844.8417358398438,826.9116821289062,833.8955078125,818.50390625,13196770,Reliance
2017-09-18,842.0184936523438,843.0586547851562,835.1832885742188,837.6102905273438,822.1500854492188,2336110,Reliance
2017-09-19,840.730712890625,840.7802734375,829.1405639648438,830.7255249023438,815.3924560546875,3562177,Reliance
2017-09-20,848.0612182617188,864.3072509765625,837.1644897460938,839.1952514648438,823.705810546875,11511053,Reliance
2017-09-21,839.0466918945312,843.7025146484375,828.3976440429688,833.44970703125,818.0663452148438,5976672,Reliance
2017-09-22,832.0133666992188,832.0133666992188,805.5640869140625,809.724609375,794.7791137695312,5673719,Reliance
2017-09-25,807.34716796875,820.175537109375,797.63916015625,813.8356323242188,798.814208984375,6566972,Reliance
2017-09-26,813.9842529296875,819.2839965820312,804.5734252929688,812.3992919921875,797.4044799804688,4875350,Reliance
2017-09-27,817.8475952148438,817.9466552734375,788.0302734375,791.64599609375,777.0342407226562,8514143,Reliance
2017-09-28,792.1412963867188,795.3607788085938,772.8739013671875,779.0652465820312,764.6856079101562,13636223,Reliance
2017-09-29,784.3154907226562,785.949951171875,771.7842407226562,773.5673828125,759.2892456054688,7691452,Reliance
2017-10-03,787.5349731445312,796.3018798828125,777.9755859375,790.853515625,776.2562866210938,8466559,Reliance
2017-10-04,791.6954956054688,817.2037353515625,788.1293334960938,811.1610107421875,796.1890258789062,8725859,Reliance
2017-10-05,817.2532348632812,820.6708374023438,810.962890625,816.4112548828125,801.3423461914062,4906551,Reliance
2017-10-06,816.2626342773438,831.468505859375,814.8757934570312,829.1901245117188,813.8853149414062,5998431,Reliance
2017-10-09,831.121826171875,831.914306640625,820.22509765625,822.8502197265625,807.6624755859375,4084462,Reliance
2017-10-10,823.1968994140625,839.3438720703125,823.1968994140625,835.2823486328125,819.8651733398438,6798826,Reliance
2017-10-11,837.3626098632812,850.339599609375,828.1499633789062,832.260986328125,816.8995361328125,7116625,Reliance
2017-10-12,834.1926879882812,868.5668334960938,834.1926879882812,864.5548706054688,848.5973510742188,8603714,Reliance
2017-10-13,871.0433959960938,882.3363037109375,865.1492309570312,868.2201538085938,852.1949462890625,9926723,Reliance
2017-10-16,870.7462158203125,883.6241455078125,853.21240234375,868.5668334960938,852.5352783203125,14772250,Reliance
2017-10-17,869.755615234375,875.69921875,859.0570068359375,866.1398315429688,850.153076171875,6414314,Reliance
2017-10-18,869.1611938476562,909.2809448242188,866.7837524414062,905.912841796875,889.1920166015625,16924095,Reliance
2017-10-19,907.2006225585938,913.2433471679688,894.5208129882812,901.3560180664062,884.71923828125,3698813,Reliance
2017-10-23,904.327880859375,935.8292846679688,900.5635375976562,930.92578125,913.7431640625,12670626,Reliance
2017-10-24,938.8010864257812,938.8010864257812,919.4841918945312,925.4774169921876,908.3953857421876,6395360,Reliance
2017-10-25,931.2724609375,937.0180053710938,920.77197265625,931.0743408203124,913.8890380859376,4620435,Reliance
2017-10-26,931.1734008789062,948.8062744140624,922.2579345703124,938.50390625,921.1814575195312,7771680,Reliance
2017-10-27,941.0795288085938,947.7166137695312,917.0076904296876,921.1187133789062,904.1171875,5306577,Reliance
2017-10-30,925.229736328125,936.6712646484376,921.8616943359376,933.64990234375,916.4170532226562,3610434,Reliance
2017-10-31,936.076904296875,936.869384765625,923.4466552734376,932.0154418945312,914.8128051757812,4386549,Reliance
2017-11-01,938.8506469726562,948.8062744140624,936.869384765625,943.6055908203124,926.1890258789062,8109185,Reliance
2017-11-02,943.8532104492188,947.5184936523438,935.3834838867188,937.71142578125,920.4036254882812,4743147,Reliance
2017-11-03,946.9736328125,946.9736328125,931.322021484375,936.4236450195312,919.1395263671876,2214524,Reliance
2017-11-06,933.64990234375,933.64990234375,920.2766723632812,923.7438354492188,906.6939086914062,4503082,Reliance
2017-11-07,924.5858764648438,926.2203369140624,894.5703735351562,898.1860961914062,881.6078491210938,9436552,Reliance
2017-11-08,894.0255126953125,897.49267578125,875.7982788085938,879.4635620117188,863.2308349609375,8192911,Reliance
2017-11-09,886.3483276367188,901.3560180664062,883.6736450195312,892.0443115234375,875.5794677734375,6925831,Reliance
2017-11-10,892.4901123046875,892.4901123046875,870.9443359375,875.5506591796875,859.3901977539062,6425509,Reliance
2017-11-13,876.6898803710938,883.5250854492188,865.2978515625,867.0314331054688,851.0281372070312,4194396,Reliance
2017-11-14,866.7837524414062,886.595947265625,864.8025512695312,878.3739013671875,862.1612548828125,5760193,Reliance
2017-11-15,876.194580078125,882.2372436523438,869.7060546875,875.4020385742188,859.2443237304688,7048053,Reliance
2017-11-16,877.1851806640625,897.49267578125,877.1851806640625,895.3628540039062,878.8366088867188,6996737,Reliance
2017-11-17,910.321044921875,916.2152099609376,899.9691772460938,903.3372802734376,886.6640014648438,5639193,Reliance
2017-11-20,897.6907958984375,915.6703491210938,896.5020751953125,912.2032470703124,895.3662109375,4260195,Reliance
2017-11-21,918.0973510742188,930.8267211914062,916.8095703125,923.7933349609376,906.742431640625,6037454,Reliance
2017-11-22,928.6473388671876,929.8360595703124,914.77880859375,922.01025390625,904.9922485351562,5103410,Reliance
2017-11-23,922.2579345703124,940.98046875,917.9487915039062,938.107666015625,920.7925415039062,7398598,Reliance
2017-11-24,941.0795288085938,950.4902954101562,938.50390625,942.169189453125,924.7791137695312,6455055,Reliance
2017-11-27,938.3553466796876,948.5090942382812,935.1358642578124,942.4168090820312,925.0221557617188,4724436,Reliance
2017-11-28,940.930908203125,942.4168090820312,929.291259765625,934.491943359375,917.2435302734376,4685893,Reliance
2017-11-29,933.0060424804688,941.0795288085938,932.1640014648438,937.1170654296876,919.8202514648438,3709698,Reliance
2017-11-30,932.6098022460938,932.6098022460938,910.8659057617188,912.8966674804688,896.046875,9524326,Reliance
2017-12-01,915.7694091796876,922.5055541992188,899.1766967773438,901.5541381835938,884.9136962890625,5129555,Reliance
2017-12-04,904.9222412109376,905.2194213867188,888.9238891601562,893.1339721679688,876.64892578125,4662629,Reliance
2017-12-05,892.5891723632812,912.1041870117188,887.041748046875,905.120361328125,888.4141235351562,8448505,Reliance
2017-12-06,901.455078125,921.5645141601562,900.266357421875,917.9487915039062,901.0057983398438,11112030,Reliance
2017-12-07,921.3168334960938,927.2109375,914.3330078125,922.802734375,905.7700805664062,5581979,Reliance
2017-12-08,925.0811767578124,928.1520385742188,910.4201049804688,912.351806640625,895.5120849609375,5641459,Reliance
2017-12-11,913.7882080078124,917.3048706054688,904.9718017578124,907.54736328125,890.7963256835938,4980620,Reliance
2017-12-12,907.3492431640624,920.2766723632812,899.473876953125,907.0025024414062,890.2615356445312,7283405,Reliance
2017-12-13,908.2903442382812,916.2647094726562,902.1485595703124,906.0614624023438,889.3378295898438,4221739,Reliance
2017-12-14,910.37060546875,916.2152099609376,900.2168579101562,912.8471069335938,895.9982299804688,5068725,Reliance
2017-12-15,922.2579345703124,924.1896362304688,909.0828247070312,911.113525390625,894.296630859375,11264479,Reliance
2017-12-18,903.3867797851562,923.8923950195312,854.5497436523438,912.351806640625,895.5120849609375,8575323,Reliance
2017-12-19,914.9274291992188,918.2954711914062,911.3612060546876,917.2553100585938,900.3250732421875,4103513,Reliance
2017-12-20,917.205810546875,918.6917114257812,908.389404296875,909.528564453125,892.7410278320312,4819670,Reliance
2017-12-21,909.8257446289062,915.2741088867188,901.455078125,904.3773803710938,887.6847534179688,4186472,Reliance
2017-12-22,906.0614624023438,913.7386474609376,900.7616577148438,911.7574462890624,894.9287109375,4918863,Reliance
2017-12-26,916.1656494140624,930.083740234375,909.528564453125,921.0692138671876,904.068603515625,5351708,Reliance
2017-12-27,924.2391357421876,928.6968994140624,910.37060546875,915.0759887695312,898.18603515625,4393640,Reliance
2017-12-28,916.5618896484376,925.6259765625,910.4696655273438,915.5217895507812,898.62353515625,7158735,Reliance
2017-12-29,917.8001708984376,923.5457153320312,909.8753051757812,912.4013671875,895.560791015625,5117894,Reliance
2018-01-01,914.0358276367188,914.0358276367188,898.9785766601562,901.2074584960938,884.5734252929688,4362651,Reliance
2018-01-02,904.4269409179688,910.9154052734376,897.888916015625,902.5942993164062,885.9346313476562,4383980,Reliance
2018-01-03,916.3142700195312,917.3048706054688,904.4764404296876,906.2100219726562,889.483642578125,6233847,Reliance
2018-01-04,909.528564453125,913.144287109375,907.1015625,911.6583862304688,894.8314819335938,4157621,Reliance
2018-01-05,913.144287109375,918.1964111328124,911.60888671875,914.5806884765624,897.6998901367188,3434151,Reliance
2018-01-08,917.4039306640624,922.2579345703124,914.828369140625,919.8309326171876,902.8531494140624,4073668,Reliance
2018-01-09,919.4346923828124,935.0368041992188,915.3236694335938,932.114501953125,914.9100341796876,6596942,Reliance
2018-01-10,934.145263671875,938.50390625,926.7156372070312,933.5013427734376,916.271240234375,5412323,Reliance
2018-01-11,932.9564819335938,933.7985229492188,926.2203369140624,928.9445190429688,911.7985229492188,3622391,Reliance
2018-01-12,934.145263671875,943.8532104492188,929.4398193359376,940.0888671875,922.7371826171876,6955338,Reliance
2018-01-15,941.0795288085938,949.4996948242188,936.3245849609376,940.2374877929688,922.883056640625,5132305,Reliance
2018-01-16,938.8010864257812,938.8010864257812,911.3612060546876,914.2835083007812,897.4081420898438,4995805,Reliance
2018-01-17,917.3048706054688,920.2766723632812,898.4832763671875,915.8189697265624,898.9151611328125,6093651,Reliance
2018-01-18,920.2766723632812,920.8710327148438,906.5072021484376,911.0640258789062,894.2481079101562,4329708,Reliance
2018-01-19,914.3330078125,925.6259765625,913.4414672851562,922.5551147460938,905.527099609375,4602784,Reliance
2018-01-22,939.0982666015624,965.1513061523438,931.1734008789062,962.3776245117188,944.614501953125,21090881,Reliance
2018-01-23,965.8447265625,981.6449584960938,965.8447265625,974.0172729492188,956.039306640625,10396119,Reliance
2018-01-24,972.5313720703124,972.5313720703124,953.6107177734376,957.2760009765624,939.6070556640624,6594595,Reliance
2018-01-25,958.8114013671876,962.8729248046876,947.1717529296876,956.8302001953124,939.1694946289062,6308657,Reliance
2018-01-29,957.1273803710938,968.1231689453124,950.2921752929688,955.443359375,937.8082885742188,4567493,Reliance
2018-01-30,956.7311401367188,956.7311401367188,940.0888671875,941.4757690429688,924.0985107421876,4237933,Reliance
2018-01-31,941.0795288085938,955.443359375,932.7088623046876,952.2733764648438,934.6968383789062,5792601,Reliance
2018-02-01,954.205078125,963.46728515625,927.8053588867188,934.9872436523438,917.7296752929688,7626196,Reliance
2018-02-02,926.2203369140624,935.0863037109376,892.5396118164062,895.858154296875,879.3228759765625,13367616,Reliance
2018-02-05,885.6053466796875,903.931640625,873.5198974609375,893.6788330078125,877.1837768554688,8856689,Reliance
2018-02-06,868.7649536132812,889.5678100585938,862.8212890625,883.7232055664062,867.411865234375,11104841,Reliance
2018-02-07,894.0750732421875,896.8983154296875,881.6428833007812,886.0015869140625,869.6482543945312,7168146,Reliance
2018-02-08,889.46875,902.0989990234376,883.9708251953125,896.0562744140625,879.5172729492188,6380648,Reliance
2018-02-09,880.6522827148438,893.5302124023438,877.6804809570312,889.419189453125,873.002685546875,5344463,Reliance
2018-02-12,894.5208129882812,909.578125,893.5797729492188,906.9034423828124,890.1642456054688,5481260,Reliance
2018-02-14,914.3330078125,933.64990234375,912.351806640625,924.883056640625,907.81201171875,10267369,Reliance
2018-02-15,928.845458984375,936.869384765625,919.4346923828124,926.8642578125,909.7567138671876,6167365,Reliance
2018-02-16,930.7771606445312,933.7490234375,909.4790649414062,912.6489868164062,895.8037719726562,4443395,Reliance
2018-02-19,912.351806640625,923.24853515625,904.9718017578124,918.2954711914062,901.3460083007812,4126685,Reliance
2018-02-20,920.2766723632812,920.821533203125,910.1724853515624,912.4508666992188,895.6093139648438,3903573,Reliance
2018-02-21,921.267333984375,923.7438354492188,913.4910278320312,920.6234130859376,903.6310424804688,5499873,Reliance
2018-02-22,913.3424072265624,922.2579345703124,911.3612060546876,915.6703491210938,898.7693481445312,5167371,Reliance
2018-02-23,916.7105102539062,929.1921997070312,914.0853881835938,925.4774169921876,908.3953857421876,4896820,Reliance
2018-02-26,930.1828002929688,936.0274047851562,927.8053588867188,929.8856201171876,912.7222900390624,3893033,Reliance
2018-02-27,930.1828002929688,946.8250732421876,929.5388793945312,941.5748291015624,924.1956787109376,6470858,Reliance
2018-02-28,937.0675659179688,948.1128540039062,934.3433837890624,945.5867919921876,928.1336059570312,26144187,Reliance
2018-03-01,940.8318481445312,950.8865356445312,937.0675659179688,939.4945068359376,922.15380859375,4133465,Reliance
2018-03-05,934.145263671875,941.2280883789062,912.9461669921876,915.4227294921876,898.5263061523438,5688306,Reliance
2018-03-06,920.2766723632812,927.4091186523438,896.6011352539062,902.297119140625,885.6430053710938,7393101,Reliance
2018-03-07,900.712158203125,900.712158203125,879.7112426757812,881.395263671875,865.1268920898438,7316409,Reliance
2018-03-08,889.2210693359375,905.912841796875,884.9119262695312,902.8914794921876,886.2263793945312,6130548,Reliance
2018-03-09,906.30908203125,910.71728515625,902.4952392578124,904.5260009765624,887.8306884765625,4909678,Reliance
2018-03-12,911.3612060546876,924.3381958007812,908.9342041015624,921.5645141601562,904.5546875,3837440,Reliance
2018-03-13,923.1494750976562,927.2109375,912.6985473632812,923.0999145507812,906.0618286132812,5145137,Reliance
2018-03-14,920.0785522460938,923.2980346679688,910.5687255859376,920.3262329101562,903.33935546875,6795338,Reliance
2018-03-15,916.3142700195312,920.7224731445312,901.455078125,903.2382202148438,886.5667724609375,5866510,Reliance
2018-03-16,900.4644775390625,901.1578979492188,877.72998046875,891.5985107421875,875.1417846679688,14221100,Reliance
2018-03-19,892.5396118164062,898.3842163085938,883.6241455078125,887.0912475585938,870.7177734375,5829127,Reliance
2018-03-20,884.9119262695312,895.511474609375,878.7205810546875,881.4447631835938,865.1754760742188,7011559,Reliance
2018-03-21,886.4473876953125,893.876953125,884.9119262695312,888.4780883789062,872.0790405273438,6791028,Reliance
2018-03-22,887.5865478515625,903.3867797851562,887.3389282226562,899.6224975585938,883.0177612304688,10212863,Reliance
2018-03-23,882.2372436523438,891.5490112304688,880.7513427734375,885.5062866210938,869.1620483398438,10831400,Reliance
2018-03-26,885.5557861328125,895.8086547851562,884.1194458007812,892.638671875,876.1627807617188,6104583,Reliance
2018-03-27,898.681396484375,902.1980590820312,888.5771484375,891.3508911132812,874.8987426757812,7005357,Reliance
2018-03-28,887.388427734375,887.43798828125,871.73681640625,874.4114379882812,858.27197265625,8842618,Reliance
2018-04-02,884.61474609375,892.4901123046875,878.17578125,884.565185546875,868.2383422851562,5766209,Reliance
2018-04-03,882.633544921875,893.2330322265625,876.9375,891.1032104492188,874.6557006835938,6425059,Reliance
2018-04-04,896.2048950195312,903.2382202148438,883.6736450195312,886.4968872070312,870.1343994140625,6560005,Reliance
2018-04-05,896.6011352539062,901.455078125,895.01611328125,899.6719970703125,883.0662841796875,3935631,Reliance
2018-04-06,899.473876953125,909.8753051757812,896.5020751953125,902.4457397460938,885.788818359375,4460344,Reliance
2018-04-09,903.9811401367188,910.37060546875,903.9811401367188,907.3987426757812,890.650390625,3606112,Reliance
2018-04-10,909.7762451171876,915.224609375,905.566162109375,908.4389038085938,891.67138671875,3902042,Reliance
2018-04-11,913.144287109375,923.991455078125,907.4483032226562,922.1093139648438,905.0894775390624,6064484,Reliance
2018-04-12,921.1187133789062,927.8548583984376,915.5217895507812,919.9794921875,902.9990234375,4994624,Reliance
2018-04-13,923.9419555664062,932.857421875,919.9794921875,930.0341796875,912.8680419921876,5822658,Reliance
2018-04-16,925.675537109375,931.1734008789062,919.7813720703124,928.2510986328124,911.117919921875,4123166,Reliance
2018-04-17,931.1734008789062,938.3057861328124,927.2109375,935.3834838867188,918.1187133789062,4430313,Reliance
2018-04-18,936.3740844726562,939.29638671875,926.2698974609376,929.1921997070312,912.0416259765624,3397094,Reliance
2018-04-19,930.2818603515624,936.12646484375,926.2203369140624,933.4517822265624,916.2225952148438,4523892,Reliance
2018-04-20,929.1921997070312,933.0060424804688,912.5499267578124,919.18701171875,902.2210693359376,3381269,Reliance
2018-04-23,921.267333984375,935.4825439453124,919.7813720703124,927.2109375,910.096923828125,3541772,Reliance
2018-04-24,927.0128173828124,966.5382080078124,926.2203369140624,960.9412231445312,943.2046508789062,9193591,Reliance
2018-04-25,964.5074462890624,972.5809326171876,954.5022583007812,961.3870239257812,943.6422119140624,6497632,Reliance
2018-04-26,963.863525390625,978.7227172851562,953.2144775390624,966.1914672851562,948.3579711914062,15735759,Reliance
2018-04-27,980.5057983398438,1001.5067138671876,976.2461547851562,986.9447631835938,968.7282104492188,11776851,Reliance
2018-04-30,972.779052734375,983.2794799804688,950.985595703125,954.254638671875,936.6414794921876,8955897,Reliance
2018-05-02,957.9198608398438,970.0053100585938,955.9881591796876,963.5663452148438,945.7813110351562,6175751,Reliance
2018-05-03,968.717529296875,968.717529296875,950.24267578125,952.570556640625,934.9884643554688,3984964,Reliance
2018-05-04,953.808837890625,955.6414794921876,941.0795288085938,944.992431640625,927.5502319335938,3831671,Reliance
2018-05-07,949.8463745117188,964.1112060546876,947.369873046875,961.88232421875,944.1283569335938,3545827,Reliance
2018-05-08,968.3212890625,972.779052734375,956.1367797851562,958.0189208984376,940.3363037109376,4980805,Reliance
2018-05-09,956.8302001953124,975.0574340820312,953.2144775390624,967.52880859375,949.670654296875,4537025,Reliance
2018-05-10,970.7977905273438,975.3546142578124,965.101806640625,971.93701171875,953.9974975585938,4052699,Reliance
2018-05-11,972.0360717773438,981.99169921875,968.5689086914062,979.9609375,961.873291015625,4049541,Reliance
2018-05-14,982.6356201171876,982.6356201171876,967.52880859375,977.3358154296876,959.296630859375,2604012,Reliance
2018-05-15,973.8191528320312,990.6099853515624,967.479248046875,969.7576904296876,951.8583984375,4846430,Reliance
2018-05-16,964.8541259765624,964.8541259765624,943.5065307617188,947.1717529296876,929.6893310546876,8695009,Reliance
2018-05-17,950.3417358398438,950.985595703125,932.6593017578124,936.47314453125,919.1881713867188,4778345,Reliance
2018-05-18,936.7208251953124,944.546630859375,923.24853515625,925.0811767578124,908.0064697265624,5279612,Reliance
2018-05-21,922.01025390625,926.9137573242188,913.4414672851562,922.6046142578124,905.5756225585938,6687690,Reliance
2018-05-22,924.3877563476562,925.229736328125,916.3142700195312,918.0478515625,901.1029663085938,5219596,Reliance
2018-05-23,917.3048706054688,917.3048706054688,900.6130981445312,903.6839599609376,887.0042724609375,4610857,Reliance
2018-05-24,905.4175415039062,912.351806640625,901.6036987304688,907.2501831054688,890.504638671875,5368392,Reliance
2018-05-25,907.3987426757812,914.7293090820312,905.8633422851562,912.1536865234376,895.317626953125,8206579,Reliance
2018-05-28,916.2152099609376,918.2954711914062,909.4790649414062,911.7574462890624,894.9287109375,5247105,Reliance
2018-05-29,912.8471069335938,919.2860717773438,905.8137817382812,908.8351440429688,892.0603637695312,8250871,Reliance
2018-05-30,906.2595825195312,914.5311889648438,898.0870361328125,907.497802734375,890.7476196289062,6048012,Reliance
2018-05-31,912.351806640625,913.6395874023438,905.96240234375,912.6985473632812,895.8524169921875,17112487,Reliance
2018-06-01,911.3612060546876,926.9633178710938,909.8257446289062,921.8121337890624,904.7977905273438,8848926,Reliance
2018-06-04,924.6353759765624,935.1358642578124,921.8121337890624,932.0154418945312,914.8128051757812,5653442,Reliance
2018-06-05,933.9471435546876,946.0325317382812,932.1640014648438,938.7515869140624,921.4244995117188,8047086,Reliance
2018-06-06,938.107666015625,947.023193359375,933.7985229492188,945.4381713867188,927.98779296875,4229195,Reliance
2018-06-07,945.9334716796876,966.8353881835938,945.4877319335938,962.22900390625,944.4686279296876,6922300,Reliance
2018-06-08,957.2760009765624,977.2863159179688,951.5799560546876,975.10693359375,957.10888671875,6594521,Reliance
2018-06-11,977.8311157226562,990.5604858398438,969.8567504882812,973.4229125976562,955.4559326171876,6931136,Reliance
2018-06-12,974.1658935546876,990.6099853515624,971.094970703125,987.7867431640624,969.5546875,7515794,Reliance
2018-06-13,990.6099853515624,996.45458984375,980.2086181640624,993.0865478515624,974.7566528320312,5982192,Reliance
2018-06-14,988.0839233398438,1002.2991943359376,978.1282958984376,998.4853515625,980.0557861328124,5536858,Reliance
2018-06-15,996.5536499023438,1013.8893432617188,989.8670654296876,1004.6766967773438,986.1328735351562,11401764,Reliance
2018-06-18,999.327392578125,1010.8679809570312,997.5442504882812,1006.0139770507812,987.4454345703124,5705952,Reliance
2018-06-19,1004.3794555664062,1005.2710571289062,984.3196411132812,986.6970825195312,968.485107421875,6406255,Reliance
2018-06-20,986.6475830078124,1013.2949829101562,985.5083618164062,1009.6792602539062,991.0431518554688,7262014,Reliance
2018-06-21,1013.8397827148438,1026.27197265625,1011.7100219726562,1022.260009765625,1003.3916625976562,10609377,Reliance
2018-06-22,1018.7433471679688,1019.5358276367188,998.9806518554688,1002.9926147460938,984.4799194335938,16323253,Reliance
2018-06-25,1001.9029541015624,1006.955078125,992.888427734375,995.0182495117188,976.6526489257812,5246962,Reliance
2018-06-26,996.5536499023438,996.5536499023438,966.0924072265624,969.7576904296876,951.8583984375,8145067,Reliance
2018-06-27,969.3118896484376,976.1470947265624,953.6602783203124,956.7807006835938,944.912353515625,9043473,Reliance
2018-06-28,952.966796875,959.40576171875,931.4705810546876,936.076904296875,924.46533203125,8662575,Reliance
2018-06-29,940.18798828125,966.340087890625,940.0888671875,963.3187255859376,951.3692016601562,8041914,Reliance
2018-07-02,963.2196655273438,963.2196655273438,948.0137939453124,951.5799560546876,939.776123046875,6724054,Reliance
2018-07-03,955.9386596679688,969.2623901367188,951.3323364257812,962.1795043945312,950.244140625,5115293,Reliance
2018-07-04,962.6748046875,982.6851196289062,961.88232421875,980.802978515625,968.6366577148438,5048125,Reliance
2018-07-05,987.63818359375,998.93115234375,949.5987548828124,955.443359375,943.5916137695312,18896793,Reliance
2018-07-06,955.6909790039062,973.7696533203124,955.443359375,968.3707885742188,956.358642578125,9248105,Reliance
2018-07-09,977.8311157226562,990.6099853515624,974.2649536132812,987.7372436523438,975.48486328125,5219197,Reliance
2018-07-10,993.3341674804688,1018.8424072265624,990.6099853515624,1016.0686645507812,1003.46484375,10543516,Reliance
2018-07-11,1015.375244140625,1031.1259765625,1008.2924194335938,1029.045654296875,1016.2808227539062,8747208,Reliance
2018-07-12,1034.5435791015625,1088.680419921875,1032.8099365234375,1072.186767578125,1058.8868408203125,24337829,Reliance
2018-07-13,1070.3541259765625,1098.5865478515625,1069.8587646484375,1089.472900390625,1075.9586181640625,18137593,Reliance
2018-07-16,1089.472900390625,1098.4874267578125,1062.97412109375,1066.094482421875,1052.8701171875,6658302,Reliance
2018-07-17,1068.1748046875,1085.6590576171875,1059.5565185546875,1082.0928955078125,1068.6700439453125,6530578,Reliance
2018-07-18,1088.0860595703125,1094.227783203125,1067.1842041015625,1082.291015625,1068.86572265625,4726480,Reliance
2018-07-19,1083.033935546875,1104.5301513671875,1076.149169921875,1094.4754638671875,1080.89892578125,5485122,Reliance
2018-07-20,1102.9451904296875,1127.8094482421875,1101.459228515625,1118.052001953125,1104.18310546875,8094154,Reliance
2018-07-23,1119.191162109375,1119.191162109375,1102.64794921875,1109.7803955078125,1096.01416015625,5897877,Reliance
2018-07-24,1111.4644775390625,1116.1697998046875,1097.00146484375,1100.5181884765625,1086.8668212890625,4511507,Reliance
2018-07-25,1099.5771484375,1112.455078125,1093.83154296875,1104.6787109375,1090.9757080078125,6006077,Reliance
2018-07-26,1099.6761474609375,1110.9691162109375,1097.397705078125,1100.220947265625,1086.5732421875,6485768,Reliance
2018-07-27,1108.9879150390625,1126.7198486328125,1101.7069091796875,1119.24072265625,1105.3570556640625,6742782,Reliance
2018-07-30,1119.3892822265625,1146.4329833984375,1117.4080810546875,1140.58837890625,1126.4398193359375,14003964,Reliance
2018-07-31,1140.192138671875,1179.22216796875,1136.3782958984375,1174.863525390625,1160.2899169921875,14006901,Reliance
2018-08-01,1179.22216796875,1191.604736328125,1174.26904296875,1181.15380859375,1166.502197265625,9796282,Reliance
2018-08-02,1180.311767578125,1180.311767578125,1155.001708984375,1157.379150390625,1143.0224609375,6308209,Reliance
2018-08-03,1163.966796875,1172.386962890625,1158.5679931640625,1165.8984375,1151.43603515625,6708388,Reliance
2018-08-06,1165.6507568359375,1184.76953125,1164.3134765625,1181.4014892578125,1166.746826171875,4054489,Reliance
2018-08-07,1183.679931640625,1190.118896484375,1165.947998046875,1173.080322265625,1158.5289306640625,4097939,Reliance
2018-08-08,1173.872802734375,1211.020751953125,1173.872802734375,1206.2657470703125,1191.302734375,7987438,Reliance
2018-08-09,1210.0301513671875,1220.1343994140625,1200.619384765625,1206.513427734375,1191.5472412109375,6911830,Reliance
2018-08-10,1199.628662109375,1203.5911865234375,1191.0103759765625,1192.892578125,1178.0953369140625,3615156,Reliance
2018-08-13,1186.3050537109375,1188.6824951171875,1171.594482421875,1176.5474853515625,1161.952880859375,4712408,Reliance
2018-08-14,1178.825927734375,1205.7705078125,1173.179443359375,1199.232421875,1184.3565673828125,5349770,Reliance
2018-08-16,1191.9515380859375,1204.581787109375,1184.2742919921875,1189.5245361328125,1174.7691650390625,6039198,Reliance
2018-08-17,1197.6474609375,1203.9874267578125,1188.781494140625,1192.44677734375,1177.655029296875,3867305,Reliance
2018-08-20,1196.557861328125,1225.1864013671875,1196.3101806640625,1223.3043212890625,1208.1298828125,7679143,Reliance
2018-08-21,1225.6322021484375,1239.7484130859375,1215.478515625,1235.48876953125,1220.1632080078125,7348644,Reliance
2018-08-23,1234.5972900390625,1262.037109375,1226.771484375,1257.5299072265625,1241.930908203125,8043652,Reliance
2018-08-24,1253.3692626953125,1267.9312744140625,1248.2181396484375,1265.5042724609375,1249.8062744140625,6715059,Reliance
2018-08-27,1267.386474609375,1283.6820068359375,1266.7425537109375,1279.372802734375,1263.502685546875,5624995,Reliance
2018-08-28,1283.83056640625,1310.5770263671875,1282.8399658203125,1306.6146240234375,1290.40673828125,8777168,Reliance
2018-08-29,1303.93994140625,1316.520751953125,1278.0850830078125,1282.0474853515625,1266.144287109375,11182203,Reliance
2018-08-30,1281.453125,1284.9697265625,1258.5205078125,1262.48291015625,1246.8223876953125,9943410,Reliance
2018-08-31,1258.07470703125,1258.07470703125,1224.98828125,1229.990966796875,1214.733642578125,15450941,Reliance
2018-09-03,1233.3094482421875,1246.08837890625,1214.537353515625,1217.6082763671875,1202.5045166015625,12315666,Reliance
2018-09-04,1223.552001953125,1243.0174560546875,1217.459716796875,1230.2880859375,1215.0269775390625,8922552,Reliance
2018-09-05,1230.8328857421875,1240.8875732421875,1197.1522216796875,1215.478515625,1200.401123046875,10422792,Reliance
2018-09-06,1218.598876953125,1253.8150634765625,1213.843994140625,1249.555419921875,1234.0552978515625,11301160,Reliance
2018-09-07,1253.0225830078125,1269.318115234375,1242.72021484375,1266.593994140625,1250.882568359375,10794143,Reliance
2018-09-10,1263.0277099609375,1265.009033203125,1238.361572265625,1244.0576171875,1228.625732421875,7125920,Reliance
2018-09-11,1247.177978515625,1256.48974609375,1222.660400390625,1226.0780029296875,1210.8690185546875,10977849,Reliance
2018-09-12,1240.045654296875,1246.880859375,1217.3111572265625,1240.739013671875,1225.3482666015625,8142006,Reliance
2018-09-14,1247.57421875,1263.6220703125,1235.9345703125,1241.3829345703125,1225.9842529296875,7953264,Reliance
2018-09-17,1239.0054931640625,1239.0054931640625,1210.129150390625,1214.3887939453125,1199.324951171875,6818107,Reliance
2018-09-18,1214.4879150390625,1227.7620849609375,1202.947265625,1205.720947265625,1190.7645263671875,7688607,Reliance
2018-09-19,1212.506591796875,1212.506591796875,1189.72265625,1199.381103515625,1184.50341796875,11372574,Reliance
2018-09-21,1207.5535888671875,1225.7808837890625,1172.386962890625,1206.067626953125,1191.1070556640625,19250938,Reliance
2018-09-24,1203.0462646484375,1228.25732421875,1193.189697265625,1220.4810791015625,1205.3416748046875,10198351,Reliance
2018-09-25,1223.898681640625,1233.3094482421875,1183.7789306640625,1219.044677734375,1203.9229736328125,9807108,Reliance
2018-09-26,1227.3658447265625,1242.1754150390625,1215.6270751953125,1239.6494140625,1224.272216796875,6457463,Reliance
2018-09-27,1243.215576171875,1251.140380859375,1225.8798828125,1241.977294921875,1226.5711669921875,10911205,Reliance
2018-09-28,1248.069580078125,1259.7587890625,1235.587890625,1246.1378173828125,1230.68017578125,11177984,Reliance
2018-10-01,1245.8902587890625,1245.8902587890625,1192.6944580078125,1220.1343994140625,1204.9993896484375,7402199,Reliance
2018-10-03,1217.9549560546875,1227.960205078125,1188.781494140625,1193.7841796875,1178.975830078125,7446497,Reliance
2018-10-04,1178.33056640625,1179.22216796875,1095.6146240234375,1111.7120361328125,1097.9217529296875,23432473,Reliance
2018-10-05,1089.1756591796875,1104.827392578125,1028.4017333984375,1039.0013427734375,1026.113037109375,22151189,Reliance
2018-10-08,1040.1405029296875,1106.5113525390625,1015.9201049804688,1098.9827880859375,1085.350341796875,24913364,Reliance
2018-10-09,1111.11767578125,1112.752197265625,1071.0474853515625,1079.814453125,1066.419921875,11095381,Reliance
2018-10-10,1083.6282958984375,1105.3721923828125,1074.118408203125,1091.7513427734375,1078.208740234375,9592247,Reliance
2018-10-11,1054.009033203125,1104.282470703125,1033.206298828125,1077.5855712890625,1064.2186279296875,13349523,Reliance
2018-10-12,1094.5745849609375,1118.398681640625,1091.55322265625,1115.9716796875,1102.128662109375,9144401,Reliance
2018-10-15,1119.290283203125,1136.130615234375,1107.650634765625,1129.0477294921875,1115.0423583984375,8955871,Reliance
2018-10-16,1135.239013671875,1156.4381103515625,1129.29541015625,1152.8719482421875,1138.5711669921875,7549490,Reliance
2018-10-17,1167.92919921875,1168.27587890625,1129.29541015625,1140.4892578125,1126.342041015625,12906841,Reliance
2018-10-19,1089.6710205078125,1100.5677490234375,1060.2003173828125,1090.958740234375,1077.4259033203125,25662196,Reliance
2018-10-22,1099.5771484375,1104.33203125,1047.4215087890625,1052.6717529296875,1039.61376953125,13290338,Reliance
2018-10-23,1042.8646240234375,1054.7025146484375,1033.85009765625,1044.79638671875,1031.836181640625,10673958,Reliance
2018-10-24,1064.806640625,1065.8468017578125,1021.7151489257812,1035.930419921875,1023.0801391601562,13784775,Reliance
2018-10-25,1026.27197265625,1030.8782958984375,1006.8560180664062,1021.1207885742188,1008.4542846679688,14229855,Reliance
2018-10-26,1023.2010498046876,1047.0748291015625,1012.4034423828124,1035.08837890625,1022.24853515625,9269654,Reliance
2018-10-29,1036.1781005859375,1083.5787353515625,1036.1781005859375,1077.5855712890625,1064.2186279296875,7744528,Reliance
2018-10-30,1075.30712890625,1075.30712890625,1042.2208251953125,1047.0748291015625,1034.08642578125,8890179,Reliance
2018-10-31,1049.0560302734375,1055.8416748046875,1037.168701171875,1051.284912109375,1038.2442626953125,16613693,Reliance
2018-11-01,1057.8724365234375,1057.8724365234375,1040.1405029296875,1046.331787109375,1033.3525390625,9485091,Reliance
2018-11-02,1056.9808349609375,1070.849365234375,1053.1669921875,1064.806640625,1051.5982666015625,16955411,Reliance
2018-11-05,1063.370361328125,1082.4395751953125,1054.9996337890625,1080.0621337890625,1066.6644287109375,7654392,Reliance
2018-11-06,1083.727294921875,1101.558349609375,1081.349853515625,1093.7325439453125,1080.1654052734375,8716110,Reliance
2018-11-07,1104.5301513671875,1104.5301513671875,1096.30810546875,1100.2705078125,1086.622314453125,1296168,Reliance
2018-11-09,1095.8623046875,1103.3414306640625,1074.8118896484375,1083.1824951171875,1069.74609375,10943218,Reliance
2018-11-12,1087.392578125,1088.4822998046875,1064.4599609375,1069.8587646484375,1056.587646484375,5856714,Reliance
2018-11-13,1063.9151611328125,1092.642822265625,1060.002197265625,1089.126220703125,1075.6160888671875,6876165,Reliance
2018-11-14,1094.673583984375,1102.2022705078125,1075.30712890625,1087.6402587890625,1074.148681640625,7861347,Reliance
2018-11-15,1086.649658203125,1092.642822265625,1076.2977294921875,1086.550537109375,1073.0723876953125,6896498,Reliance
2018-11-16,1087.6402587890625,1119.3397216796875,1086.7982177734375,1116.813720703125,1102.9603271484375,11136460,Reliance
2018-11-19,1122.2620849609375,1140.885498046875,1120.3798828125,1139.2015380859375,1125.0704345703125,7378262,Reliance
2018-11-20,1134.2484130859375,1145.046142578125,1119.3892822265625,1126.7198486328125,1112.743408203125,5774119,Reliance
2018-11-21,1126.81884765625,1134.7437744140625,1096.65478515625,1102.4498291015625,1088.7745361328125,7578978,Reliance
2018-11-22,1104.034912109375,1114.782958984375,1089.77001953125,1092.4942626953125,1078.9423828125,5847475,Reliance
2018-11-26,1098.5865478515625,1107.0067138671875,1087.095458984375,1099.3294677734375,1085.69287109375,6447094,Reliance
2018-11-27,1097.496826171875,1119.3892822265625,1095.06982421875,1117.606201171875,1103.7427978515625,6874782,Reliance
2018-11-28,1121.8162841796875,1146.8787841796875,1115.7239990234375,1141.82666015625,1127.662841796875,8079833,Reliance
2018-11-29,1150.0982666015625,1168.82080078125,1149.107666015625,1157.52783203125,1143.169189453125,12755947,Reliance
2018-11-30,1161.2921142578125,1174.863525390625,1151.385986328125,1156.586669921875,1142.2398681640625,10819038,Reliance
2018-12-03,1163.86767578125,1163.86767578125,1137.715576171875,1145.5909423828125,1131.3804931640625,5622372,Reliance
2018-12-04,1147.1263427734375,1147.1263427734375,1131.4747314453125,1141.4798583984375,1127.3203125,5242047,Reliance
2018-12-05,1133.01025390625,1147.9188232421875,1128.6019287109375,1144.3031005859375,1130.1085205078125,5874782,Reliance
2018-12-06,1138.2109375,1138.2109375,1107.7496337890625,1113.098876953125,1099.29150390625,5921712,Reliance
2018-12-07,1118.844482421875,1126.2740478515625,1097.942626953125,1123.1536865234375,1109.2215576171875,7282460,Reliance
2018-12-10,1099.5771484375,1103.8367919921875,1072.9296875,1080.0125732421875,1066.6156005859375,9470471,Reliance
2018-12-11,1055.990234375,1091.7513427734375,1045.093505859375,1087.2440185546875,1073.75732421875,13622580,Reliance
2018-12-12,1088.680419921875,1103.044189453125,1077.5360107421875,1100.0723876953125,1086.4266357421875,12724917,Reliance
2018-12-13,1117.4080810546875,1117.4080810546875,1084.7674560546875,1096.65478515625,1083.0513916015625,9385649,Reliance
2018-12-14,1092.741943359375,1104.43115234375,1081.5479736328125,1101.7564697265625,1088.0897216796875,7289774,Reliance
2018-12-17,1105.47119140625,1122.361083984375,1101.06298828125,1119.290283203125,1105.4061279296875,5112362,Reliance
2018-12-18,1112.752197265625,1128.3048095703125,1109.978515625,1125.729248046875,1111.76513671875,5926578,Reliance
2018-12-19,1130.7813720703125,1136.52685546875,1122.5592041015625,1126.12548828125,1112.1563720703125,7438647,Reliance
2018-12-20,1110.473876953125,1121.8658447265625,1105.6693115234375,1117.8538818359375,1103.9874267578125,5819374,Reliance
2018-12-21,1114.436279296875,1120.6275634765625,1085.7086181640625,1089.869140625,1076.349853515625,8360445,Reliance
2018-12-24,1090.5625,1092.8409423828125,1076.3472900390625,1078.9228515625,1065.539306640625,4183821,Reliance
2018-12-26,1075.6043701171875,1089.6710205078125,1055.6435546875,1088.0364990234375,1074.5400390625,7278403,Reliance
2018-12-27,1096.8033447265625,1116.41748046875,1093.6334228515625,1109.6812744140625,1095.9161376953125,12596278,Reliance
2018-12-28,1114.9315185546875,1124.5899658203125,1110.6719970703125,1114.9810791015625,1101.150390625,7738682,Reliance
2018-12-31,1120.3304443359375,1123.203125,1105.7188720703125,1110.721435546875,1096.9434814453125,7291282,Reliance
2019-01-01,1114.6839599609375,1116.7147216796875,1099.6761474609375,1110.473876953125,1096.6990966796875,4498087,Reliance
2019-01-02,1104.034912109375,1116.41748046875,1090.66162109375,1096.0108642578125,1082.4154052734375,7212697,Reliance
2019-01-03,1097.1005859375,1104.1339111328125,1079.864013671875,1082.4891357421875,1069.0614013671875,7517041,Reliance
2019-01-04,1087.095458984375,1094.0792236328125,1070.948486328125,1088.333740234375,1074.8336181640625,8545382,Reliance
2019-01-07,1096.605224609375,1107.94775390625,1090.66162109375,1094.37646484375,1080.80126953125,5565822,Reliance
2019-01-08,1094.72314453125,1099.527587890625,1085.7086181640625,1094.27734375,1080.7032470703125,5678473,Reliance
2019-01-09,1101.558349609375,1106.5113525390625,1088.3831787109375,1100.320068359375,1086.671142578125,5821468,Reliance
2019-01-10,1097.3482666015625,1100.5677490234375,1092.642822265625,1097.1005859375,1083.49169921875,4118960,Reliance
2019-01-11,1097.1995849609375,1103.3414306640625,1078.3780517578125,1087.7392578125,1074.2464599609375,6525174,Reliance
2019-01-14,1084.718017578125,1090.166259765625,1076.19873046875,1086.5010986328125,1073.023681640625,4150757,Reliance
2019-01-15,1094.6240234375,1121.3704833984375,1094.6240234375,1119.0426025390625,1105.161376953125,10158260,Reliance
2019-01-16,1124.3424072265625,1134.2484130859375,1119.7359619140625,1125.23388671875,1111.27587890625,6443279,Reliance
2019-01-17,1133.70361328125,1137.1212158203125,1119.3892822265625,1123.7974853515625,1109.857421875,7558941,Reliance
2019-01-18,1138.0128173828125,1178.726806640625,1124.5899658203125,1173.22900390625,1158.6756591796875,25927601,Reliance
2019-01-21,1182.788330078125,1228.306884765625,1177.488525390625,1226.0780029296875,1210.8690185546875,22247437,Reliance
2019-01-22,1221.2735595703125,1235.2410888671875,1208.14794921875,1223.552001953125,1208.3743896484375,16709723,Reliance
2019-01-23,1221.7193603515625,1232.5169677734375,1210.525390625,1214.7850341796875,1199.7161865234375,8913196,Reliance
2019-01-24,1213.497314453125,1241.4324951171875,1208.643310546875,1235.7364501953125,1220.40771484375,13279882,Reliance
2019-01-25,1238.708251953125,1252.824462890625,1223.799560546875,1234.300048828125,1218.9891357421875,8631889,Reliance
2019-01-28,1238.7578125,1244.1566162109375,1210.921630859375,1218.0045166015625,1202.895751953125,8650493,Reliance
2019-01-29,1219.44091796875,1220.0848388671875,1190.0693359375,1199.281982421875,1184.405517578125,9417294,Reliance
2019-01-30,1203.5911865234375,1213.497314453125,1179.91552734375,1184.472412109375,1169.779541015625,7921321,Reliance
2019-01-31,1190.7132568359375,1218.153076171875,1189.72265625,1215.6270751953125,1200.5478515625,10281893,Reliance
2019-02-01,1222.4127197265625,1243.215576171875,1215.5279541015625,1238.2130126953125,1222.853759765625,9316446,Reliance
2019-02-04,1235.2906494140625,1284.7716064453125,1230.38720703125,1278.7784423828125,1262.915771484375,11781195,Reliance
2019-02-05,1279.8681640625,1292.1517333984375,1266.593994140625,1279.42236328125,1263.5517578125,9451152,Reliance
2019-02-06,1284.0782470703125,1305.2772216796875,1282.0970458984375,1297.94677734375,1281.8463134765625,9500797,Reliance
2019-02-07,1297.94677734375,1308.7939453125,1274.0235595703125,1278.283203125,1262.4267578125,9299549,Reliance
2019-02-08,1272.7357177734375,1288.288330078125,1260.3035888671875,1265.702392578125,1250.001953125,6567167,Reliance
2019-02-11,1263.9193115234375,1264.018310546875,1239.253173828125,1241.48193359375,1226.0819091796875,7595318,Reliance
2019-02-12,1239.7484130859375,1260.402587890625,1239.7484130859375,1244.6024169921875,1229.1636962890625,6460145,Reliance
2019-02-14,1229.3470458984375,1229.3470458984375,1206.56298828125,1212.7047119140625,1197.66162109375,6690180,Reliance
2019-02-15,1218.20263671875,1238.1634521484375,1202.6005859375,1232.7646484375,1217.472900390625,9688940,Reliance
2019-02-18,1238.262451171875,1240.739013671875,1203.5911865234375,1208.643310546875,1193.650634765625,9740480,Reliance
2019-02-19,1206.56298828125,1228.0592041015625,1199.8267822265625,1204.6807861328125,1189.7373046875,6303377,Reliance
2019-02-20,1212.3580322265625,1228.3564453125,1207.5535888671875,1222.759521484375,1207.591796875,6357879,Reliance
2019-02-21,1224.3939208984375,1245.9892578125,1217.806396484375,1235.191650390625,1219.8697509765625,10680467,Reliance
2019-02-22,1232.9132080078125,1233.606689453125,1214.4879150390625,1220.7781982421875,1205.6351318359375,8838861,Reliance
2019-02-25,1224.3939208984375,1231.3282470703125,1209.1881103515625,1220.728759765625,1205.586181640625,7926962,Reliance
2019-02-26,1198.142822265625,1223.2052001953125,1194.6756591796875,1208.7918701171875,1193.7974853515625,10227082,Reliance
2019-02-27,1216.5186767578125,1233.21044921875,1197.6474609375,1212.0113525390625,1196.976806640625,11218523,Reliance
2019-02-28,1222.1650390625,1228.207763671875,1215.03271484375,1219.490478515625,1204.36328125,11393904,Reliance
2019-03-01,1225.384521484375,1230.684326171875,1210.7730712890625,1214.537353515625,1199.4715576171875,7997610,Reliance
2019-03-05,1211.9122314453125,1228.1583251953125,1207.1573486328125,1226.0284423828125,1210.820068359375,7189013,Reliance
2019-03-06,1228.1583251953125,1261.1456298828125,1223.50244140625,1252.923583984375,1237.3817138671875,12152341,Reliance
2019-03-07,1252.131103515625,1267.78271484375,1246.3359375,1258.3223876953125,1242.7135009765625,8186126,Reliance
2019-03-08,1254.1617431640625,1262.48291015625,1250.1497802734375,1255.201904296875,1239.6317138671875,6097305,Reliance
2019-03-11,1258.124267578125,1299.6802978515625,1256.093505859375,1291.8544921875,1275.8297119140625,9810964,Reliance
2019-03-12,1304.5343017578125,1321.4737548828125,1301.9091796875,1318.8486328125,1302.489013671875,11335173,Reliance
2019-03-13,1324.445556640625,1347.2296142578125,1315.629150390625,1334.6488037109375,1318.0931396484375,11342554,Reliance
2019-03-14,1337.0758056640625,1349.2108154296875,1323.5540771484375,1328.952880859375,1312.4678955078125,10500649,Reliance
2019-03-15,1332.3704833984375,1346.0408935546875,1298.8878173828125,1309.23974609375,1292.999267578125,16043743,Reliance
2019-03-18,1318.501953125,1345.1988525390625,1316.520751953125,1337.373046875,1320.78369140625,10201021,Reliance
2019-03-19,1347.2296142578125,1367.0418701171875,1330.48828125,1363.6241455078125,1346.7091064453125,9898262,Reliance
2019-03-20,1364.8624267578125,1374.9666748046875,1351.1920166015625,1362.5345458984375,1345.633056640625,9986597,Reliance
2019-03-22,1359.6121826171875,1367.933349609375,1324.1484375,1329.1510009765625,1312.66357421875,11573789,Reliance
2019-03-25,1318.105712890625,1324.2969970703125,1304.336181640625,1312.013427734375,1295.738525390625,8027368,Reliance
2019-03-26,1317.8084716796875,1358.720703125,1317.5113525390625,1354.4114990234375,1337.61083984375,9569142,Reliance
2019-03-27,1365.0111083984375,1365.0111083984375,1331.62744140625,1336.58056640625,1320.0008544921875,10189856,Reliance
2019-03-28,1337.5711669921875,1356.9376220703125,1330.191162109375,1347.2296142578125,1330.5179443359375,10582305,Reliance
2019-04-01,1357.1357421875,1393.5902099609375,1349.755615234375,1378.780517578125,1361.677490234375,10194002,Reliance
2019-04-02,1384.872802734375,1389.9249267578125,1367.140869140625,1376.6507568359375,1359.5740966796875,8088587,Reliance
2019-04-03,1379.672119140625,1389.8258056640625,1359.116943359375,1362.286865234375,1345.388427734375,7923866,Reliance
2019-04-04,1366.0511474609375,1370.70703125,1334.599365234375,1340.3448486328125,1323.7186279296875,8455067,Reliance
2019-04-05,1348.170654296875,1351.093017578125,1330.3892822265625,1341.1868896484375,1324.5501708984375,6792015,Reliance
2019-04-08,1343.2672119140625,1344.7530517578125,1311.2705078125,1316.768310546875,1300.4344482421875,8806267,Reliance
2019-04-09,1316.421630859375,1328.11083984375,1308.5958251953125,1321.9195556640625,1305.521728515625,9587648,Reliance
2019-04-10,1325.38671875,1335.34228515625,1314.044189453125,1318.898193359375,1302.5379638671875,7684871,Reliance
2019-04-11,1320.43359375,1340.2952880859375,1316.520751953125,1334.153564453125,1317.60400390625,5795755,Reliance
2019-04-12,1337.323486328125,1344.15869140625,1324.098876953125,1330.48828125,1313.9842529296875,5975855,Reliance
2019-04-15,1332.3704833984375,1336.2833251953125,1322.46435546875,1327.5660400390625,1311.09814453125,4285366,Reliance
2019-04-16,1332.3704833984375,1347.2296142578125,1327.4173583984375,1331.1322021484375,1314.6202392578125,8011783,Reliance
2019-04-18,1362.0887451171875,1376.7003173828125,1352.1826171875,1372.9359130859375,1355.9053955078125,18130729,Reliance
2019-04-22,1347.2296142578125,1354.1639404296875,1328.7052001953125,1332.7171630859375,1316.185546875,10895052,Reliance
2019-04-23,1335.34228515625,1360.1075439453125,1333.361083984375,1351.04345703125,1334.284423828125,9141135,Reliance
2019-04-24,1357.432861328125,1381.702880859375,1353.4208984375,1376.45263671875,1359.37841796875,7430660,Reliance
2019-04-25,1376.056396484375,1399.1375732421875,1349.80517578125,1359.51318359375,1342.6490478515625,14061860,Reliance
2019-04-26,1362.0887451171875,1382.842041015625,1357.8291015625,1379.7215576171875,1362.6068115234375,6954749,Reliance
2019-04-30,1383.287841796875,1383.287841796875,1353.9656982421875,1379.7215576171875,1362.6068115234375,10313866,Reliance
2019-05-02,1378.9290771484375,1400.62353515625,1369.1220703125,1391.8565673828125,1374.59130859375,8764806,Reliance
2019-05-03,1394.7293701171875,1404.189697265625,1389.4791259765625,1395.620849609375,1378.308837890625,6571878,Reliance
2019-05-06,1384.872802734375,1389.627685546875,1365.15966796875,1371.895751953125,1354.8780517578125,7306518,Reliance
2019-05-07,1381.702880859375,1381.9010009765625,1327.615478515625,1330.884521484375,1314.3756103515625,8961240,Reliance
2019-05-08,1327.4173583984375,1327.4173583984375,1280.0662841796875,1287.2481689453125,1271.280517578125,14749036,Reliance
2019-05-09,1276.6981201171875,1276.6981201171875,1239.99609375,1244.6519775390625,1229.212646484375,19692278,Reliance
2019-05-10,1253.1217041015625,1265.702392578125,1233.3094482421875,1239.4017333984375,1224.0274658203125,11333250,Reliance
2019-05-13,1236.1822509765625,1248.9610595703125,1215.9737548828125,1220.4810791015625,1205.3416748046875,8124086,Reliance
2019-05-14,1224.8892822265625,1257.4307861328125,1219.936279296875,1248.6143798828125,1233.1259765625,13124240,Reliance
2019-05-15,1261.0465087890625,1265.9996337890625,1238.85693359375,1245.0977783203125,1229.6529541015625,11269622,Reliance
2019-05-16,1248.1190185546875,1259.9569091796875,1246.2864990234375,1253.4683837890625,1237.919677734375,6669276,Reliance
2019-05-17,1255.1029052734375,1264.95947265625,1240.2437744140625,1255.4991455078125,1239.92529296875,7973309,Reliance
2019-05-20,1301.2652587890625,1325.1390380859375,1291.2601318359375,1313.4498291015625,1297.1572265625,12450850,Reliance
2019-05-21,1319.690673828125,1354.1639404296875,1317.560791015625,1327.21923828125,1310.7557373046875,14003548,Reliance
2019-05-22,1333.014404296875,1346.932373046875,1322.5634765625,1327.8135986328125,1311.3427734375,11394393,Reliance
2019-05-23,1359.116943359375,1378.9290771484375,1312.5582275390625,1321.3746337890625,1304.983642578125,17890505,Reliance
2019-05-24,1335.34228515625,1341.0877685546875,1304.1380615234375,1324.2969970703125,1307.869873046875,10277262,Reliance
2019-05-27,1324.544677734375,1324.94091796875,1294.727294921875,1298.343017578125,1282.23779296875,7419387,Reliance
2019-05-28,1307.4071044921875,1322.2662353515625,1301.0177001953125,1311.3199462890625,1295.0535888671875,19657240,Reliance
2019-05-29,1308.5958251953125,1320.7802734375,1291.904052734375,1300.720458984375,1284.585693359375,7180252,Reliance
2019-05-30,1303.890380859375,1329.398681640625,1303.890380859375,1317.263671875,1300.9237060546875,10842653,Reliance
2019-05-31,1325.337158203125,1329.299560546875,1307.8033447265625,1317.659912109375,1301.31494140625,11871652,Reliance
2019-06-03,1322.46435546875,1354.4114990234375,1308.7939453125,1347.427734375,1330.7135009765625,8564026,Reliance
2019-06-04,1344.70361328125,1361.3458251953125,1335.44140625,1338.9580078125,1322.348876953125,7126831,Reliance
2019-06-06,1349.11181640625,1349.11181640625,1308.69482421875,1314.88623046875,1298.57568359375,7736969,Reliance
2019-06-07,1313.4993896484375,1314.787109375,1293.3404541015625,1302.5531005859375,1286.3956298828125,6794394,Reliance
2019-06-10,1308.4967041015625,1314.5394287109375,1297.7982177734375,1306.76318359375,1290.553466796875,5431146,Reliance
2019-06-11,1309.4378662109375,1321.968994140625,1305.6240234375,1316.6693115234375,1300.3365478515625,5303590,Reliance
2019-06-12,1322.167236328125,1325.8323974609375,1312.5582275390625,1319.64111328125,1303.2716064453125,4752340,Reliance
2019-06-13,1317.5113525390625,1322.167236328125,1296.36181640625,1314.787109375,1298.4779052734375,7239164,Reliance
2019-06-14,1309.4874267578125,1312.5582275390625,1297.104736328125,1305.17822265625,1288.988037109375,6896085,Reliance
2019-06-17,1307.605224609375,1307.605224609375,1266.494873046875,1270.2591552734375,1254.5023193359375,6880158,Reliance
2019-06-18,1266.89111328125,1275.856201171875,1257.18310546875,1268.971435546875,1253.23046875,7751984,Reliance
2019-06-19,1274.8160400390625,1289.774169921875,1250.744140625,1265.355712890625,1249.6595458984375,6688408,Reliance
2019-06-20,1267.9808349609375,1287.79296875,1265.9996337890625,1284.573486328125,1268.638916015625,4960591,Reliance
2019-06-21,1283.781005859375,1283.83056640625,1263.5726318359375,1267.4854736328125,1251.7630615234375,10723794,Reliance
2019-06-24,1260.2044677734375,1264.464111328125,1245.2958984375,1250.5460205078125,1235.03369140625,5199824,Reliance
2019-06-25,1247.0789794921875,1285.811767578125,1242.47265625,1283.6820068359375,1267.758544921875,6907221,Reliance
2019-06-26,1278.8775634765625,1292.349853515625,1274.271240234375,1281.9979248046875,1266.095458984375,5350180,Reliance
2019-06-27,1281.00732421875,1284.72216796875,1259.0653076171875,1262.185791015625,1246.529052734375,11493899,Reliance
2019-06-28,1265.1080322265625,1270.8040771484375,1236.9251708984375,1241.3333740234375,1225.935302734375,8741806,Reliance
2019-07-01,1246.2369384765625,1260.6998291015625,1234.745849609375,1256.935546875,1241.343994140625,6220490,Reliance
2019-07-02,1261.9876708984375,1268.971435546875,1251.4376220703125,1266.494873046875,1250.7845458984375,4682721,Reliance
2019-07-03,1270.8536376953125,1274.4197998046875,1263.0772705078125,1270.5068359375,1254.746826171875,4064194,Reliance
2019-07-04,1269.36767578125,1278.8775634765625,1267.9808349609375,1271.9432373046875,1256.1654052734375,4315672,Reliance
2019-07-05,1273.032958984375,1278.3822021484375,1248.1685791015625,1251.4871826171875,1235.963134765625,5042694,Reliance
2019-07-08,1246.1873779296875,1256.1925048828125,1236.4793701171875,1240.293212890625,1224.907958984375,6465252,Reliance
2019-07-09,1237.222412109375,1271.447998046875,1233.8048095703125,1268.079833984375,1252.349853515625,8092747,Reliance
2019-07-10,1268.0303955078125,1277.2430419921875,1256.786865234375,1266.841552734375,1251.126953125,5546395,Reliance
2019-07-11,1274.9150390625,1277.6888427734375,1267.287353515625,1269.5162353515625,1253.7684326171875,3972764,Reliance
2019-07-12,1270.95263671875,1287.79296875,1266.049072265625,1268.47607421875,1252.7413330078125,7242056,Reliance
2019-07-15,1272.933837890625,1277.3916015625,1258.42138671875,1264.117431640625,1248.436767578125,4919356,Reliance
2019-07-16,1267.9312744140625,1282.7408447265625,1265.0584716796875,1280.8587646484375,1264.970458984375,4647660,Reliance
2019-07-17,1282.146484375,1284.8211669921875,1267.9808349609375,1269.8134765625,1254.0621337890625,4376049,Reliance
2019-07-18,1269.9620361328125,1274.3206787109375,1246.1873779296875,1250.001220703125,1234.4954833984375,5511650,Reliance
2019-07-19,1256.2916259765625,1260.9969482421875,1231.031005859375,1237.2718505859375,1221.924072265625,7539309,Reliance
2019-07-22,1239.253173828125,1272.4385986328125,1215.775634765625,1268.47607421875,1252.7413330078125,13426225,Reliance
2019-07-23,1272.933837890625,1281.750244140625,1248.5648193359375,1261.5914306640625,1245.9420166015625,9375991,Reliance
2019-07-24,1261.5418701171875,1266.7921142578125,1241.7791748046875,1247.277099609375,1231.80517578125,7009804,Reliance
2019-07-25,1252.131103515625,1257.1336669921875,1215.478515625,1219.936279296875,1204.8035888671875,10063036,Reliance
2019-07-26,1219.936279296875,1230.8328857421875,1198.6380615234375,1202.4024658203125,1187.4873046875,9408829,Reliance
2019-07-29,1205.4732666015625,1210.525390625,1193.7841796875,1199.5792236328125,1184.698974609375,8134417,Reliance
2019-07-30,1202.551025390625,1208.544189453125,1164.9078369140625,1169.8114013671875,1155.300537109375,9623710,Reliance
2019-07-31,1164.709716796875,1173.872802734375,1151.485107421875,1155.2989501953125,1140.9678955078125,9797618,Reliance
2019-08-01,1152.4757080078125,1177.0428466796875,1139.5482177734375,1169.16748046875,1154.66455078125,10442920,Reliance
2019-08-02,1164.66015625,1186.9984130859375,1151.1878662109375,1173.22900390625,1165.0921630859375,10968377,Reliance
2019-08-05,1156.0418701171875,1156.0418701171875,1117.4080810546875,1132.6138916015625,1124.7587890625,14029195,Reliance
2019-08-06,1124.0947265625,1138.8052978515625,1111.4644775390625,1117.705322265625,1109.9534912109375,13414874,Reliance
2019-08-07,1115.922119140625,1127.8590087890625,1092.741943359375,1098.9827880859375,1091.36083984375,11698729,Reliance
2019-08-08,1097.942626953125,1147.1263427734375,1085.01513671875,1141.5294189453125,1133.6124267578125,14398134,Reliance
2019-08-09,1150.940185546875,1164.4620361328125,1141.4798583984375,1151.1878662109375,1143.203857421875,10139155,Reliance
2019-08-13,1221.5706787109375,1290.5667724609375,1214.4879150390625,1262.7801513671875,1254.0223388671875,48377710,Reliance
2019-08-14,1291.7554931640625,1292.201171875,1268.3275146484375,1276.1533203125,1267.302734375,14624460,Reliance
2019-08-16,1279.07568359375,1279.6700439453125,1261.0465087890625,1265.9996337890625,1257.2193603515625,10142736,Reliance
2019-08-19,1269.02099609375,1284.623046875,1267.9808349609375,1280.4625244140625,1271.58203125,7530571,Reliance
2019-08-20,1277.6888427734375,1280.4625244140625,1260.6502685546875,1263.9688720703125,1255.2027587890625,6908329,Reliance
2019-08-21,1263.671630859375,1266.6434326171875,1254.6075439453125,1259.0157470703125,1250.283935546875,4927825,Reliance
2019-08-22,1259.0157470703125,1259.0653076171875,1227.2667236328125,1235.04296875,1226.4775390625,6475744,Reliance
2019-08-23,1227.3658447265625,1271.9432373046875,1214.983154296875,1263.8697509765625,1255.104248046875,9833599,Reliance
2019-08-26,1281.849365234375,1281.849365234375,1247.177978515625,1254.90478515625,1246.2015380859375,8861952,Reliance
2019-08-27,1272.933837890625,1272.933837890625,1249.3572998046875,1262.879150390625,1254.12060546875,13107475,Reliance
2019-08-28,1261.78955078125,1268.971435546875,1244.2557373046875,1251.4376220703125,1242.7584228515625,5355931,Reliance
2019-08-29,1244.6519775390625,1248.416259765625,1223.7005615234375,1230.0899658203125,1221.5587158203125,8717834,Reliance
2019-08-30,1233.8048095703125,1242.6212158203125,1209.5347900390625,1236.826171875,1228.248291015625,11415309,Reliance
2019-09-03,1230.5853271484375,1231.3282470703125,1188.7320556640625,1195.0718994140625,1186.78369140625,8644177,Reliance
2019-09-04,1189.27685546875,1193.9327392578125,1174.9129638671875,1189.8712158203125,1181.6190185546875,15206140,Reliance
2019-09-05,1195.4681396484375,1201.80810546875,1182.094970703125,1187.34521484375,1179.1104736328125,10612413,Reliance
2019-09-06,1191.703857421875,1217.459716796875,1184.026611328125,1211.020751953125,1202.621826171875,10700713,Reliance
2019-09-09,1209.1881103515625,1221.422119140625,1201.758544921875,1210.7235107421875,1202.32666015625,5421667,Reliance
2019-09-11,1211.020751953125,1228.3564453125,1211.020751953125,1222.8089599609375,1214.328369140625,5597024,Reliance
2019-09-12,1223.4033203125,1228.8021240234375,1194.3785400390625,1198.98486328125,1190.66943359375,5482620,Reliance
2019-09-13,1200.619384765625,1216.96435546875,1195.5672607421875,1214.0916748046875,1205.6715087890625,5975368,Reliance
2019-09-16,1177.8353271484375,1207.6527099609375,1174.9625244140625,1199.381103515625,1191.06298828125,9482774,Reliance
2019-09-17,1199.628662109375,1199.628662109375,1182.2930908203125,1186.2059326171875,1177.9791259765625,7218213,Reliance
2019-09-18,1193.635498046875,1204.87890625,1185.958251953125,1194.3785400390625,1186.0950927734375,6891996,Reliance
2019-09-19,1196.50830078125,1198.3409423828125,1161.6387939453125,1167.978759765625,1159.87841796875,6353109,Reliance
2019-09-20,1176.795166015625,1257.9757080078125,1163.2733154296875,1242.5716552734375,1233.9539794921875,22228398,Reliance
2019-09-23,1262.185791015625,1268.971435546875,1223.4033203125,1227.56396484375,1219.05029296875,9973401,Reliance
2019-09-24,1231.922607421875,1286.604248046875,1231.08056640625,1266.6929931640625,1257.907958984375,16133561,Reliance
2019-09-25,1271.9432373046875,1282.8399658203125,1256.935546875,1267.5350341796875,1258.744140625,8395729,Reliance
2019-09-26,1279.8681640625,1286.604248046875,1271.447998046875,1284.623046875,1275.713623046875,8468733,Reliance
2019-09-27,1280.3634033203125,1302.652099609375,1271.9432373046875,1296.758056640625,1287.764404296875,8795570,Reliance
2019-09-30,1297.6990966796875,1323.207275390625,1293.2908935546875,1319.740234375,1310.5872802734375,11659226,Reliance
2019-10-01,1324.445556640625,1329.398681640625,1281.1558837890625,1292.64697265625,1283.681884765625,8270254,Reliance
2019-10-03,1273.9244384765625,1302.35498046875,1269.2685546875,1298.7392578125,1289.7320556640625,6241716,Reliance
2019-10-04,1307.506103515625,1316.12451171875,1291.6068115234375,1295.81689453125,1286.829833984375,6918922,Reliance
2019-10-07,1295.81689453125,1308.397705078125,1289.47705078125,1297.7982177734375,1288.7974853515625,4643419,Reliance
2019-10-09,1296.411376953125,1317.4617919921875,1280.3634033203125,1312.310546875,1303.2091064453125,8117158,Reliance
2019-10-10,1312.5582275390625,1356.1451416015625,1308.5958251953125,1349.9537353515625,1340.5911865234375,16155443,Reliance
2019-10-11,1350.8948974609375,1352.7769775390625,1323.999755859375,1339.8990478515625,1330.606201171875,7659571,Reliance
2019-10-14,1352.1331787109375,1352.1331787109375,1338.16552734375,1345.2484130859375,1335.91845703125,6181455,Reliance
2019-10-15,1349.7061767578125,1357.1357421875,1341.5831298828125,1351.3406982421875,1341.9686279296875,4463991,Reliance
2019-10-16,1357.03662109375,1366.695068359375,1350.8948974609375,1359.463623046875,1350.03515625,8954786,Reliance
2019-10-17,1362.0887451171875,1385.8634033203125,1359.116943359375,1383.3868408203125,1373.79248046875,7401968,Reliance
2019-10-18,1390.81640625,1414.4920654296875,1385.566162109375,1403.050537109375,1393.31982421875,12978275,Reliance
2019-10-22,1411.6192626953125,1423.3580322265625,1390.172607421875,1400.87109375,1391.155517578125,12823466,Reliance
2019-10-23,1403.0009765625,1412.560302734375,1370.1622314453125,1379.3253173828125,1369.7591552734375,8512900,Reliance
2019-10-24,1387.8446044921875,1427.865234375,1373.5302734375,1422.9617919921875,1413.093017578125,10449504,Reliance
2019-10-25,1427.568115234375,1427.914794921875,1397.9984130859375,1417.760986328125,1407.92822265625,6248688,Reliance
2019-10-27,1427.468994140625,1431.4315185546875,1416.572265625,1420.7823486328125,1410.9287109375,1391348,Reliance
2019-10-29,1431.9267578125,1466.102783203125,1428.5587158203125,1453.2744140625,1443.1953125,11892161,Reliance
2019-10-30,1466.102783203125,1470.610107421875,1446.5877685546875,1465.2113037109375,1455.0494384765625,7541537,Reliance
2019-10-31,1470.0653076171875,1475.6622314453125,1447.974609375,1450.5997314453125,1440.5391845703125,8982513,Reliance
2019-11-01,1441.3375244140625,1448.07373046875,1427.468994140625,1443.2197265625,1433.21044921875,6416833,Reliance
2019-11-04,1452.13525390625,1457.1873779296875,1431.530517578125,1443.962646484375,1433.9481201171875,6490272,Reliance
2019-11-05,1449.3614501953125,1455.1566162109375,1427.468994140625,1433.7098388671875,1423.7664794921875,5854289,Reliance
2019-11-06,1429.153076171875,1432.8677978515625,1415.08642578125,1421.42626953125,1411.568115234375,6749668,Reliance
2019-11-07,1421.525390625,1449.262451171875,1418.751708984375,1444.90380859375,1434.8828125,6499781,Reliance
2019-11-08,1435.3939208984375,1445.94384765625,1427.7662353515625,1431.9267578125,1421.9957275390625,5546929,Reliance
2019-11-11,1425.5869140625,1430.6884765625,1409.1922607421875,1414.3929443359375,1404.5836181640625,5241641,Reliance
2019-11-13,1416.572265625,1462.041259765625,1416.572265625,1458.47509765625,1448.3599853515625,11641679,Reliance
2019-11-14,1462.140380859375,1467.687744140625,1442.1300048828125,1449.0147705078125,1438.96533203125,6580126,Reliance
2019-11-15,1451.8875732421875,1472.8389892578125,1449.4110107421875,1457.0386962890625,1446.93359375,7241673,Reliance
2019-11-18,1458.82177734375,1472.0465087890625,1441.7337646484375,1445.4981689453125,1435.4730224609375,6496095,Reliance
2019-11-19,1453.224853515625,1500.675048828125,1451.24365234375,1495.573486328125,1485.2010498046875,13926337,Reliance
2019-11-20,1540.4481201171875,1557.6351318359375,1528.7093505859375,1533.1175537109375,1522.4847412109375,20092835,Reliance
2019-11-21,1530.492431640625,1541.38916015625,1514.1968994140625,1523.1619873046875,1512.59814453125,6875134,Reliance
2019-11-22,1527.6197509765625,1554.762451171875,1523.1619873046875,1531.9783935546875,1521.353515625,10315843,Reliance
2019-11-25,1536.584716796875,1550.1065673828125,1536.4361572265625,1546.8870849609375,1536.1588134765625,6989948,Reliance
2019-11-26,1553.3756103515625,1561.548095703125,1541.38916015625,1545.5992431640625,1534.8798828125,16305243,Reliance
2019-11-27,1545.3021240234375,1560.7060546875,1541.48828125,1555.109130859375,1544.32373046875,4450122,Reliance
2019-11-28,1557.8828125,1569.27490234375,1549.2645263671875,1565.4609375,1554.603759765625,6344459,Reliance
2019-11-29,1567.095458984375,1567.095458984375,1533.315673828125,1536.584716796875,1525.9278564453125,8565249,Reliance
2019-12-02,1584.9759521484375,1599.290283203125,1562.1920166015625,1571.602783203125,1560.703125,14410500,Reliance
2019-12-03,1577.7940673828125,1579.0323486328125,1557.833251953125,1564.0740966796875,1553.2266845703125,5995079,Reliance
2019-12-04,1558.2294921875,1562.687255859375,1519.34814453125,1538.1201171875,1527.45263671875,9685777,Reliance
2019-12-05,1559.2200927734375,1564.9161376953125,1529.5018310546875,1536.2874755859375,1525.6326904296875,9203442,Reliance
2019-12-06,1538.4173583984375,1553.2764892578125,1526.6290283203125,1540.299560546875,1529.616943359375,6038833,Reliance
2019-12-09,1541.5377197265625,1562.5882568359375,1531.9783935546875,1557.833251953125,1547.029052734375,5834593,Reliance
2019-12-10,1557.2884521484375,1558.8238525390625,1539.5565185546875,1547.2833251953125,1536.55224609375,4694991,Reliance
2019-12-11,1540.992919921875,1559.7154541015625,1536.0399169921875,1547.7291259765625,1536.9949951171875,5706279,Reliance
2019-12-12,1555.50537109375,1559.071533203125,1542.0330810546875,1553.474609375,1542.7005615234375,4765727,Reliance
2019-12-13,1565.163818359375,1575.0699462890625,1557.6351318359375,1568.03662109375,1557.16162109375,5846419,Reliance
2019-12-16,1577.0511474609375,1578.933349609375,1549.6607666015625,1551.8896484375,1541.126708984375,5488487,Reliance
2019-12-17,1552.0382080078125,1564.1732177734375,1540.943359375,1548.0262451171875,1537.2900390625,9379800,Reliance
2019-12-18,1548.323486328125,1565.163818359375,1547.3328857421875,1561.052734375,1550.2261962890625,6803466,Reliance
2019-12-19,1558.9229736328125,1599.736083984375,1557.040771484375,1594.8326416015625,1583.7718505859375,9464354,Reliance
2019-12-20,1599.835205078125,1602.3612060546875,1581.1126708984375,1584.08447265625,1573.09814453125,9816798,Reliance
2019-12-23,1545.45068359375,1562.73681640625,1543.1722412109375,1556.64453125,1545.8485107421875,11587233,Reliance
2019-12-24,1554.1680908203125,1557.2884521484375,1528.0159912109375,1531.9288330078125,1521.3043212890625,8329356,Reliance
2019-12-26,1527.1739501953125,1538.3677978515625,1495.9697265625,1501.17041015625,1490.7591552734375,13734705,Reliance
2019-12-27,1512.6614990234375,1531.68115234375,1507.0150146484375,1527.8673095703125,1517.2708740234375,8158196,Reliance
2019-12-30,1531.43359375,1533.1175537109375,1513.70166015625,1529.699951171875,1519.0908203125,7902607,Reliance
2019-12-31,1527.5206298828125,1529.2047119140625,1493.889404296875,1499.8331298828125,1489.43115234375,10246683,Reliance
2020-01-01,1503.7459716796875,1512.760498046875,1491.3634033203125,1495.4249267578125,1485.053466796875,6463060,Reliance
2020-01-02,1497.8023681640625,1526.48046875,1497.8023681640625,1520.883544921875,1510.3355712890625,8173308,Reliance
2020-01-03,1518.6051025390625,1527.1739501953125,1508.6990966796875,1522.7161865234375,1512.155517578125,9684434,Reliance
2020-01-06,1505.7271728515625,1513.552978515625,1483.933837890625,1487.40087890625,1477.0850830078125,11315596,Reliance
2020-01-07,1504.736572265625,1520.091064453125,1499.2882080078125,1510.2840576171875,1499.8095703125,7699489,Reliance
2020-01-08,1500.774169921875,1520.04150390625,1495.8211669921875,1498.9415283203125,1488.5457763671875,7406104,Reliance
2020-01-09,1524.152587890625,1535.445556640625,1516.87158203125,1533.4642333984375,1522.8291015625,6914533,Reliance
2020-01-10,1537.32763671875,1543.32080078125,1525.1927490234375,1533.1175537109375,1522.4847412109375,5758760,Reliance
2020-01-13,1530.5419921875,1544.0638427734375,1523.9544677734375,1529.2047119140625,1518.5989990234375,8437316,Reliance
2020-01-14,1525.5394287109375,1535.445556640625,1507.559814453125,1515.0389404296875,1504.531494140625,7299328,Reliance
2020-01-15,1521.4283447265625,1525.4403076171875,1503.99365234375,1509.541015625,1499.07177734375,7299939,Reliance
2020-01-16,1514.6427001953125,1528.85791015625,1513.652099609375,1523.4591064453125,1512.893310546875,5929338,Reliance
2020-01-17,1538.91259765625,1570.0673828125,1538.615478515625,1566.1544189453125,1555.29248046875,13597387,Reliance
2020-01-20,1593.8914794921875,1593.8914794921875,1512.067138671875,1517.9613037109375,1507.4337158203125,15019904,Reliance
2020-01-21,1514.2464599609375,1531.33447265625,1507.7083740234375,1519.4967041015625,1508.9583740234375,8732832,Reliance
2020-01-22,1529.5018310546875,1532.22607421875,1516.7230224609375,1518.951904296875,1508.4173583984375,4763978,Reliance
2020-01-23,1522.072265625,1527.4710693359375,1506.420654296875,1512.512939453125,1502.0230712890625,5190829,Reliance
2020-01-24,1512.6614990234375,1521.9237060546875,1504.290771484375,1507.2626953125,1496.8092041015625,6751025,Reliance
2020-01-27,1500.675048828125,1510.1353759765625,1490.8680419921875,1492.403564453125,1482.0531005859375,6178444,Reliance
2020-01-28,1494.4342041015625,1495.8211669921875,1449.8568115234375,1457.9302978515625,1447.8189697265625,11321622,Reliance
2020-01-29,1460.208740234375,1480.3675537109375,1450.3026123046875,1465.9542236328125,1455.787353515625,11420535,Reliance
2020-01-30,1465.1121826171875,1465.8056640625,1426.4783935546875,1430.1932373046875,1420.274169921875,10338837,Reliance
2020-01-31,1439.3563232421875,1439.60400390625,1393.9864501953125,1398.3946533203125,1388.6962890625,16037262,Reliance
2020-02-03,1357.03662109375,1386.804443359375,1350.2509765625,1372.4901123046875,1362.971435546875,14173717,Reliance
2020-02-04,1386.85400390625,1419.048828125,1384.6746826171875,1413.006103515625,1403.206298828125,11714666,Reliance
2020-02-05,1421.42626953125,1439.158203125,1416.8695068359375,1434.8985595703125,1424.9468994140625,8524871,Reliance
2020-02-06,1440.446044921875,1453.224853515625,1426.5775146484375,1444.111328125,1434.0958251953125,7171051,Reliance
2020-02-07,1437.3751220703125,1438.71240234375,1414.8883056640625,1420.18798828125,1410.33837890625,5634549,Reliance
2020-02-10,1414.591064453125,1431.9267578125,1397.2059326171875,1422.1197509765625,1412.2568359375,6988250,Reliance
2020-02-11,1433.8089599609375,1452.432373046875,1431.48095703125,1439.108642578125,1429.1278076171875,6460912,Reliance
2020-02-12,1442.476806640625,1461.001220703125,1441.3375244140625,1456.493896484375,1446.3924560546875,6245738,Reliance
2020-02-13,1463.8739013671875,1463.8739013671875,1448.8662109375,1460.3077392578125,1450.179931640625,6260549,Reliance
2020-02-14,1463.378662109375,1487.3514404296875,1439.4554443359375,1473.6314697265625,1463.4112548828125,9796645,Reliance
2020-02-17,1475.018310546875,1492.0072021484375,1460.456298828125,1464.3692626953125,1454.2132568359375,6068321,Reliance
2020-02-18,1462.041259765625,1462.041259765625,1443.7149658203125,1453.62109375,1443.53955078125,5135183,Reliance
2020-02-19,1465.4588623046875,1492.304443359375,1461.248779296875,1489.6793212890625,1479.3477783203125,6499952,Reliance
2020-02-20,1482.9432373046875,1493.83984375,1469.8671875,1471.9969482421875,1461.7879638671875,7795779,Reliance
2020-02-24,1455.9490966796875,1463.1309814453125,1426.0325927734375,1431.3819580078125,1421.4547119140625,9862350,Reliance
2020-02-25,1437.7713623046875,1437.7713623046875,1396.7601318359375,1403.0999755859375,1393.368896484375,12804341,Reliance
2020-02-26,1396.7601318359375,1399.0880126953125,1374.32275390625,1378.9290771484375,1369.3656005859375,13550903,Reliance
2020-02-27,1374.9666748046875,1380.7122802734375,1356.1451416015625,1373.233154296875,1363.709228515625,11562875,Reliance
2020-02-28,1342.177490234375,1344.2578125,1312.5582275390625,1316.1739501953125,1307.045654296875,18144221,Reliance
2020-03-02,1342.3756103515625,1356.1451416015625,1288.8826904296875,1303.7913818359375,1294.7490234375,13614473,Reliance
2020-03-03,1317.214111328125,1341.1868896484375,1309.58642578125,1330.2406005859375,1321.0147705078125,12644541,Reliance
2020-03-04,1339.3046875,1341.0877685546875,1295.6187744140625,1327.1202392578125,1317.9161376953125,10201574,Reliance
2020-03-05,1339.5028076171875,1345.1988525390625,1293.7366943359375,1298.8382568359375,1289.830322265625,14080540,Reliance
2020-03-06,1258.07470703125,1276.0543212890625,1229.446044921875,1259.0653076171875,1250.333251953125,15568253,Reliance
2020-03-09,1228.4058837890625,1229.3470458984375,1084.718017578125,1103.6881103515625,1096.0335693359375,40698294,Reliance
2020-03-11,1097.595947265625,1167.3843994140625,1097.595947265625,1142.7181396484375,1134.79296875,27495503,Reliance
2020-03-12,1074.8118896484375,1090.66162109375,1038.8526611328125,1053.0184326171875,1045.71533203125,25830369,Reliance
2020-03-13,988.6287841796876,1129.29541015625,933.5508422851562,1094.9212646484375,1087.32763671875,33826739,Reliance
2020-03-16,1050.5914306640625,1069.5616455078125,995.5630493164062,1006.16259765625,999.1844482421876,17759556,Reliance
2020-03-17,1037.4163818359375,1050.046630859375,993.7799682617188,998.534912109375,991.6096801757812,20973312,Reliance
2020-03-18,1015.6724243164062,1026.1728515625,951.9761962890624,959.40576171875,952.7518920898438,20643079,Reliance
2020-03-19,911.4602661132812,957.9198608398438,883.822265625,909.0828247070312,902.7779541015624,28337941,Reliance
2020-03-20,930.6781005859376,1025.1822509765625,921.267333984375,1008.3914794921876,1001.3978881835938,29240849,Reliance
2020-03-23,907.5968627929688,941.0795288085938,867.4276733398438,875.748779296875,869.6751098632812,18769636,Reliance
2020-03-24,921.267333984375,960.8917236328124,887.388427734375,934.54150390625,928.0601196289062,21106643,Reliance
2020-03-25,954.7499389648438,1140.7369384765625,954.205078125,1072.087646484375,1064.6522216796875,33749620,Reliance
2020-03-26,1085.510498046875,1106.412353515625,1032.5623779296875,1056.1883544921875,1048.86328125,21111073,Reliance
2020-03-27,1084.718017578125,1096.9024658203125,1036.376220703125,1055.593994140625,1048.2730712890625,19225132,Reliance
2020-03-30,1030.8287353515625,1064.7076416015625,1010.4221801757812,1020.7741088867188,1013.6946411132812,13951078,Reliance
2020-03-31,1063.8656005859375,1119.191162109375,1038.1593017578125,1103.2918701171875,1095.64013671875,20441125,Reliance
2020-04-01,1111.7120361328125,1114.0400390625,1035.3856201171875,1070.3045654296875,1062.881591796875,19197220,Reliance
2020-04-03,1123.7974853515625,1123.7974853515625,1046.38134765625,1067.332763671875,1059.930419921875,19091236,Reliance
2020-04-07,1091.7513427734375,1202.6005859375,1089.6710205078125,1194.7747802734375,1186.488525390625,25093419,Reliance
2020-04-08,1168.9197998046875,1217.459716796875,1149.107666015625,1180.9556884765625,1172.7652587890625,23019764,Reliance
2020-04-09,1202.6005859375,1221.2239990234375,1181.7977294921875,1208.49462890625,1200.1131591796875,15244658,Reliance
2020-04-13,1192.6448974609375,1203.5911865234375,1168.9197998046875,1177.98388671875,1169.8140869140625,10925447,Reliance
2020-04-15,1185.8096923828125,1224.3939208984375,1132.2672119140625,1139.0528564453125,1131.153076171875,16301024,Reliance
2020-04-16,1139.0528564453125,1176.2998046875,1134.2484130859375,1157.08203125,1149.0572509765625,17285802,Reliance
2020-04-17,1204.581787109375,1218.4503173828125,1181.4510498046875,1212.506591796875,1204.0972900390625,15353792,Reliance
2020-04-20,1214.4879150390625,1245.19677734375,1190.7132568359375,1232.1207275390625,1223.575439453125,16628269,Reliance
2020-04-21,1198.6380615234375,1240.2437744140625,1153.070068359375,1225.7313232421875,1217.2303466796875,28322996,Reliance
2020-04-22,1307.605224609375,1371.895751953125,1287.79296875,1350.7957763671875,1341.4273681640625,65848350,Reliance
2020-04-23,1354.5106201171875,1372.8369140625,1340.592529296875,1358.0272216796875,1348.6087646484375,30211857,Reliance
2020-04-24,1337.4720458984375,1480.9124755859375,1334.5498046875,1403.6943359375,1393.9591064453125,62296159,Reliance
2020-04-27,1420.5347900390625,1461.1497802734375,1409.6380615234375,1416.32470703125,1406.5018310546875,26989849,Reliance
2020-04-28,1436.384521484375,1441.7833251953125,1379.0777587890625,1414.7396240234375,1404.9278564453125,36206232,Reliance
2020-04-29,1431.3323974609375,1440.000244140625,1406.666259765625,1413.5509033203125,1403.747314453125,17303785,Reliance
2020-04-30,1440.29736328125,1480.9124755859375,1424.5467529296875,1452.2342529296875,1442.1624755859375,32926121,Reliance
2020-05-04,1426.4783935546875,1451.24365234375,1404.14013671875,1421.7235107421875,1411.86328125,24670336,Reliance
2020-05-05,1440.0498046875,1465.1121826171875,1433.61083984375,1446.9344482421875,1436.8992919921875,20723079,Reliance
2020-05-06,1450.2530517578125,1471.00634765625,1431.9267578125,1447.0335693359375,1436.997802734375,18685710,Reliance
2020-05-07,1441.3375244140625,1499.4368896484375,1431.4315185546875,1492.7998046875,1482.4466552734375,23087436,Reliance
2020-05-08,1530.492431640625,1565.064697265625,1522.6666259765625,1547.134765625,1536.40478515625,38887255,Reliance
2020-05-11,1565.163818359375,1599.835205078125,1557.5361328125,1561.993896484375,1551.1607666015625,30959745,Reliance
2020-05-12,1550.1065673828125,1553.6231689453125,1451.24365234375,1465.35986328125,1455.197021484375,46465281,Reliance
2020-05-13,1527.0,1527.0,1454.0,1496.449951171875,1486.0714111328125,30657492,Reliance
2020-05-14,1469.0,1496.699951171875,1430.050048828125,1435.949951171875,1425.9910888671875,22736607,Reliance
2020-05-15,1444.0,1466.699951171875,1415.0999755859375,1459.4000244140625,1449.2784423828125,28683258,Reliance
2020-05-18,1470.0,1482.0,1428.0,1440.75,1430.7578125,28980385,Reliance
2020-05-19,1457.0,1461.699951171875,1403.25,1408.9000244140625,1399.1287841796875,19528760,Reliance
2020-05-20,1410.0,1446.8499755859375,1393.0,1433.699951171875,1423.7567138671875,25530626,Reliance
2020-05-21,1435.0,1461.449951171875,1425.0,1441.25,1431.25439453125,18076017,Reliance
2020-05-22,1451.800048828125,1458.0,1426.5,1431.550048828125,1421.6217041015625,17458065,Reliance
2020-05-26,1448.1500244140625,1449.699951171875,1416.300048828125,1424.050048828125,1414.1737060546875,15329472,Reliance
2020-05-27,1431.0,1454.0,1412.0,1445.550048828125,1435.524658203125,16460756,Reliance
2020-05-28,1455.0,1479.75,1449.0,1472.25,1462.0394287109375,18518271,Reliance
2020-05-29,1468.0,1472.0,1452.6500244140625,1464.4000244140625,1454.2437744140625,18470390,Reliance
2020-06-01,1480.0,1538.3499755859375,1475.949951171875,1520.3499755859375,1509.8057861328125,18434012,Reliance
2020-06-02,1526.0,1540.0,1520.800048828125,1535.699951171875,1525.0491943359375,10224049,Reliance
2020-06-03,1545.0,1560.0,1533.3499755859375,1541.6500244140625,1530.9581298828125,11713461,Reliance
2020-06-04,1544.0,1589.5,1541.0,1579.800048828125,1568.843505859375,15784379,Reliance
2020-06-05,1595.0,1618.0,1573.699951171875,1581.699951171875,1570.730224609375,15264885,Reliance
2020-06-08,1618.4000244140625,1618.4000244140625,1565.0,1569.5,1558.6148681640625,14497996,Reliance
2020-06-09,1560.300048828125,1583.0,1533.0,1537.1500244140625,1526.4892578125,11933076,Reliance
2020-06-10,1543.0999755859375,1579.550048828125,1540.050048828125,1572.1500244140625,1561.2464599609375,10214213,Reliance
2020-06-11,1566.0,1567.949951171875,1531.0,1537.699951171875,1527.035400390625,9408046,Reliance
2020-06-12,1500.0,1593.0,1497.0,1588.800048828125,1577.7811279296875,17790311,Reliance
2020-06-15,1565.0,1626.949951171875,1561.0999755859375,1614.550048828125,1603.3525390625,24509058,Reliance
2020-06-16,1643.0,1648.550048828125,1585.300048828125,1617.699951171875,1606.48046875,23622794,Reliance
2020-06-17,1608.25,1635.449951171875,1602.0999755859375,1615.3499755859375,1604.1468505859375,19282411,Reliance
2020-06-18,1607.0,1665.0,1605.5999755859375,1655.9000244140625,1644.415771484375,18677617,Reliance
2020-06-19,1670.0,1788.800048828125,1662.0,1759.4000244140625,1747.1978759765625,48828609,Reliance
2020-06-22,1773.4000244140625,1804.199951171875,1735.0,1746.1500244140625,1734.039794921875,27781693,Reliance
2020-06-23,1750.0,1763.75,1716.0999755859375,1720.9000244140625,1708.9649658203125,17519493,Reliance
2020-06-24,1735.9000244140625,1772.699951171875,1711.699951171875,1727.8499755859375,1715.86669921875,23807033,Reliance
2020-06-25,1727.0,1749.0,1713.050048828125,1717.9000244140625,1705.9857177734375,18312025,Reliance
2020-06-26,1728.800048828125,1752.0,1717.0,1741.6500244140625,1729.571044921875,14270458,Reliance
2020-06-29,1728.050048828125,1739.75,1715.550048828125,1723.1500244140625,1711.1993408203125,11824524,Reliance
2020-06-30,1737.0,1741.0,1695.550048828125,1704.0999755859375,1692.2813720703125,13972563,Reliance
2020-07-01,1720.0,1749.0,1708.050048828125,1737.5999755859375,1725.549072265625,13136179,Reliance
2020-07-02,1743.0,1767.5999755859375,1735.050048828125,1760.3499755859375,1754.7052001953125,13286365,Reliance
2020-07-03,1779.800048828125,1793.0,1768.0,1787.9000244140625,1782.1668701171875,13583909,Reliance
2020-07-06,1805.0,1858.0,1792.0999755859375,1851.800048828125,1845.862060546875,21697962,Reliance
2020-07-07,1860.0,1864.3499755859373,1806.300048828125,1823.449951171875,1817.6029052734373,16239990,Reliance
2020-07-08,1824.050048828125,1834.949951171875,1790.0,1798.0,1792.2344970703125,12093186,Reliance
2020-07-09,1809.0,1835.0,1786.25,1824.25,1818.400390625,16807336,Reliance
2020-07-10,1828.5,1884.5999755859373,1824.25,1878.050048828125,1872.02783203125,20195218,Reliance
2020-07-13,1903.3499755859373,1947.699951171875,1900.0,1935.0,1928.795166015625,32124262,Reliance
2020-07-14,1934.0,1941.699951171875,1887.300048828125,1917.0,1910.8529052734373,31073305,Reliance
2020-07-15,1937.949951171875,1978.800048828125,1798.0,1844.0,1838.0870361328125,64457578,Reliance
2020-07-16,1847.0,1869.0,1812.449951171875,1843.4000244140625,1837.489013671875,28133826,Reliance
2020-07-17,1845.0,1920.0,1838.0,1911.699951171875,1905.56982421875,22948894,Reliance
2020-07-20,1917.800048828125,1932.0,1899.6500244140625,1919.9000244140625,1913.74365234375,16887635,Reliance
2020-07-21,1939.0,1977.0,1936.5,1971.550048828125,1965.22802734375,19463004,Reliance
2020-07-22,1983.0,2010.0,1960.699951171875,2004.0,1997.573974609375,27584518,Reliance
2020-07-23,2003.949951171875,2079.699951171875,1991.3499755859373,2057.800048828125,2051.201416015625,26921017,Reliance
2020-07-24,2058.0,2163.0,2057.800048828125,2146.14990234375,2139.26806640625,55655668,Reliance
2020-07-27,2178.800048828125,2198.800048828125,2127.89990234375,2156.199951171875,2149.285888671875,37060665,Reliance
2020-07-28,2156.199951171875,2194.0,2150.64990234375,2177.699951171875,2170.716796875,25435297,Reliance
2020-07-29,2177.89990234375,2182.800048828125,2070.449951171875,2096.64990234375,2089.9267578125,33534147,Reliance
2020-07-30,2099.0,2139.699951171875,2072.0,2108.85009765625,2102.087890625,33623699,Reliance
2020-07-31,2114.5,2129.0,2052.800048828125,2067.10009765625,2060.4716796875,34593133,Reliance
2020-08-03,2051.300048828125,2057.0,2003.0999755859373,2009.0,2002.557861328125,21559142,Reliance
2020-08-04,2020.5999755859373,2167.0,2000.25,2150.60009765625,2143.703857421875,42476932,Reliance
2020-08-05,2169.0,2196.0,2118.300048828125,2126.449951171875,2119.63134765625,34404810,Reliance
2020-08-06,2157.0,2167.699951171875,2107.800048828125,2134.10009765625,2127.2568359375,22762545,Reliance
2020-08-07,2129.800048828125,2157.800048828125,2120.199951171875,2146.449951171875,2139.567138671875,15222303,Reliance
2020-08-10,2159.10009765625,2165.0,2108.10009765625,2119.85009765625,2113.052490234375,12441573,Reliance
2020-08-11,2134.800048828125,2160.0,2100.35009765625,2133.800048828125,2126.957763671875,21611256,Reliance
2020-08-12,2121.0,2145.0,2106.800048828125,2127.60009765625,2120.77783203125,13967116,Reliance
2020-08-13,2128.0,2138.89990234375,2110.0,2122.050048828125,2115.245361328125,11459190,Reliance
2020-08-14,2122.550048828125,2157.0,2089.25,2113.800048828125,2107.02197265625,15333164,Reliance
2020-08-17,2105.0,2105.0,2070.10009765625,2091.35009765625,2084.64404296875,14296834,Reliance
2020-08-18,2085.0,2134.300048828125,2082.35009765625,2118.550048828125,2111.756591796875,14097746,Reliance
2020-08-19,2141.0,2154.0,2121.35009765625,2131.550048828125,2124.715087890625,15731396,Reliance
2020-08-20,2120.0,2123.89990234375,2088.0,2097.050048828125,2090.32568359375,10401212,Reliance
2020-08-21,2118.0,2122.0,2077.0,2081.85009765625,2075.17431640625,11667129,Reliance
2020-08-24,2091.39990234375,2104.5,2070.5,2095.75,2089.02978515625,15098991,Reliance
2020-08-25,2106.0,2111.300048828125,2078.0,2082.10009765625,2075.423583984375,8947563,Reliance
2020-08-26,2085.0,2147.949951171875,2047.0,2137.300048828125,2130.446533203125,27630190,Reliance
2020-08-27,2148.0,2150.0,2103.25,2110.60009765625,2103.832275390625,12961252,Reliance
2020-08-28,2120.0,2132.89990234375,2106.25,2116.14990234375,2109.3642578125,12537520,Reliance
2020-08-31,2174.0,2174.0,2060.35009765625,2080.699951171875,2074.028076171875,28648125,Reliance
2020-09-01,2100.0,2122.39990234375,2062.39990234375,2087.25,2080.556884765625,17821397,Reliance
2020-09-02,2092.0,2138.0,2085.0,2128.199951171875,2121.375732421875,12437162,Reliance
2020-09-03,2128.0,2138.75,2103.0,2112.10009765625,2105.327392578125,8577634,Reliance
2020-09-04,2083.550048828125,2096.949951171875,2072.199951171875,2077.25,2070.589111328125,13141644,Reliance
2020-09-07,2084.0,2105.75,2044.25,2082.64990234375,2075.9716796875,10119064,Reliance
2020-09-08,2092.0,2121.0,2080.5,2107.10009765625,2100.343505859375,12643749,Reliance
2020-09-09,2085.0,2167.800048828125,2081.449951171875,2161.35009765625,2154.41943359375,25525961,Reliance
2020-09-10,2183.10009765625,2344.949951171875,2175.35009765625,2314.0,2306.579833984375,64750460,Reliance
2020-09-11,2312.0,2337.85009765625,2287.10009765625,2319.75,2312.3115234375,27445768,Reliance
2020-09-14,2325.0,2360.0,2282.0,2302.550048828125,2295.166748046875,20335273,Reliance
2020-09-15,2311.949951171875,2325.75,2288.14990234375,2318.85009765625,2311.41455078125,12542824,Reliance
2020-09-16,2320.0,2369.35009765625,2310.550048828125,2324.550048828125,2317.09619140625,15668979,Reliance
2020-09-17,2320.0,2333.699951171875,2291.85009765625,2298.75,2291.37890625,11919927,Reliance
2020-09-18,2314.25,2319.449951171875,2276.550048828125,2305.699951171875,2298.306396484375,15264068,Reliance
2020-09-21,2300.0,2336.0,2247.35009765625,2255.85009765625,2248.616455078125,15519031,Reliance
2020-09-22,2277.0,2277.0,2201.550048828125,2211.14990234375,2204.0595703125,16056620,Reliance
2020-09-23,2260.0,2276.75,2205.300048828125,2230.800048828125,2223.646728515625,19839282,Reliance
2020-09-24,2207.89990234375,2226.0,2176.050048828125,2181.199951171875,2174.205810546875,13764841,Reliance
2020-09-25,2189.0,2212.800048828125,2167.300048828125,2201.699951171875,2194.639892578125,13095028,Reliance
2020-09-28,2227.0,2238.0,2207.050048828125,2216.25,2209.143310546875,9076248,Reliance
2020-09-29,2225.0,2264.0,2216.25,2245.050048828125,2237.85107421875,11926328,Reliance
2020-09-30,2260.0,2267.0,2225.0,2234.35009765625,2227.185302734375,11290667,Reliance
2020-10-01,2263.800048828125,2263.800048828125,2214.0,2225.25,2218.114501953125,9591456,Reliance
2020-10-05,2244.0,2249.14990234375,2206.0,2212.199951171875,2205.106201171875,8732869,Reliance
2020-10-06,2225.25,2233.89990234375,2201.64990234375,2210.35009765625,2203.262451171875,8497216,Reliance
2020-10-07,2235.0,2309.0,2220.0,2257.5,2250.260986328125,24538346,Reliance
2020-10-08,2259.0,2268.0,2222.10009765625,2239.25,2232.069580078125,9727405,Reliance
2020-10-09,2235.0,2253.0,2217.10009765625,2233.449951171875,2226.2880859375,8558745,Reliance
2020-10-12,2235.0,2255.75,2226.25,2237.050048828125,2229.876708984375,6565515,Reliance
2020-10-13,2230.60009765625,2285.75,2225.85009765625,2280.699951171875,2273.38671875,10666190,Reliance
2020-10-14,2278.89990234375,2304.0,2268.5,2287.5,2280.164794921875,12341434,Reliance
2020-10-15,2290.0,2290.0,2195.0,2206.5,2199.424560546875,9246702,Reliance
2020-10-16,2215.0,2232.5,2172.64990234375,2175.800048828125,2168.822998046875,9960828,Reliance
2020-10-19,2190.050048828125,2228.699951171875,2155.14990234375,2176.199951171875,2169.2216796875,14398973,Reliance
2020-10-20,2179.0,2193.0,2152.25,2155.89990234375,2148.98681640625,8529573,Reliance
2020-10-21,2168.0,2192.0,2097.75,2124.60009765625,2117.787353515625,15728986,Reliance
2020-10-22,2127.39990234375,2132.5,2091.0,2106.949951171875,2100.19384765625,14215215,Reliance
2020-10-23,2106.0,2135.0,2096.39990234375,2113.050048828125,2106.2744140625,10809307,Reliance
2020-10-26,2101.949951171875,2101.949951171875,2018.5,2029.0999755859373,2022.5933837890625,17225212,Reliance
2020-10-27,2034.9000244140625,2059.85009765625,2005.0,2034.5,2027.9761962890625,16835005,Reliance
2020-10-28,2041.800048828125,2057.699951171875,2007.4000244140625,2011.449951171875,2005.0,13809929,Reliance
2020-10-29,1997.0,2042.0,1991.0,2026.9000244140625,2020.4005126953125,14147418,Reliance
2020-10-30,2033.5,2065.10009765625,2021.800048828125,2054.5,2047.9119873046875,15700946,Reliance
2020-11-02,2027.0,2027.0,1859.1500244140625,1877.449951171875,1871.4296875,45857806,Reliance
2020-11-03,1890.0,1909.0,1835.0999755859373,1850.4000244140625,1844.466552734375,40931170,Reliance
2020-11-04,1837.0,1929.0,1837.0,1913.199951171875,1907.0650634765625,37003111,Reliance
2020-11-05,1954.949951171875,1960.949951171875,1932.0,1955.0,1948.7310791015625,17170274,Reliance
2020-11-06,1990.0,2040.0,1978.1500244140625,2029.1500244140625,2022.643310546875,30770080,Reliance
2020-11-09,2062.10009765625,2069.0,2036.0,2050.699951171875,2044.1241455078125,16539467,Reliance
2020-11-10,2077.0,2090.0,2041.199951171875,2084.550048828125,2077.86572265625,17045147,Reliance
2020-11-11,2089.0,2095.0,1978.0999755859373,1997.199951171875,1990.795654296875,26178477,Reliance
2020-11-12,1981.0,2008.449951171875,1965.0,1980.0,1973.65087890625,18481466,Reliance
2020-11-13,1982.0,2036.6500244140625,1981.75,1996.4000244140625,1989.998291015625,20946864,Reliance
2020-11-14,2014.9000244140625,2015.300048828125,1995.3499755859373,2002.300048828125,1995.87939453125,2411900,Reliance
2020-11-17,2085.0,2085.0,1985.0,1993.25,1986.8583984375,21479385,Reliance
2020-11-18,1993.25,2006.5,1960.0999755859373,1987.199951171875,1980.8277587890625,14030652,Reliance
2020-11-19,1987.199951171875,2010.449951171875,1968.199951171875,1973.1500244140625,1966.8228759765625,12828008,Reliance
2020-11-20,1975.0,1983.800048828125,1895.0,1899.5,1893.4090576171875,26522972,Reliance
2020-11-23,1951.0,1970.0,1926.25,1950.699951171875,1944.44482421875,20918665,Reliance
2020-11-24,1964.0,1974.0,1932.0,1964.050048828125,1957.7520751953125,14277083,Reliance
2020-11-25,1980.0,1992.949951171875,1942.199951171875,1947.800048828125,1941.55419921875,15062376,Reliance
2020-11-26,1953.050048828125,1965.0,1930.050048828125,1952.5999755859373,1946.3387451171875,11924527,Reliance
2020-11-27,1940.5,1956.0999755859373,1921.4000244140625,1929.800048828125,1923.6119384765625,21845931,Reliance
2020-12-01,1940.3499755859373,1966.25,1930.050048828125,1954.9000244140625,1948.6314697265625,9114939,Reliance
2020-12-02,1958.5,1962.0,1935.0,1958.1500244140625,1951.8709716796875,10240168,Reliance
2020-12-03,1972.0,1981.0999755859373,1958.6500244140625,1964.050048828125,1957.7520751953125,12822945,Reliance
2020-12-04,1969.0,1969.0,1940.0,1946.75,1940.507568359375,8521388,Reliance
2020-12-07,1940.5999755859373,1965.0,1940.5999755859373,1958.199951171875,1951.9207763671875,8418767,Reliance
2020-12-08,1961.1500244140625,2014.25,1950.0,1993.75,1987.3568115234373,20030506,Reliance
2020-12-09,2009.949951171875,2033.800048828125,1999.25,2026.949951171875,2020.4503173828125,13464375,Reliance
2020-12-10,2021.5999755859373,2028.5,2001.0,2007.0,2000.5643310546875,7414229,Reliance
2020-12-11,2013.0,2038.0,1974.25,2005.800048828125,1999.3682861328125,12434745,Reliance
2020-12-14,2007.949951171875,2015.0,1986.3499755859373,1991.300048828125,1984.9146728515625,7989830,Reliance
2020-12-15,1989.699951171875,1989.699951171875,1961.0999755859373,1974.3499755859373,1968.01904296875,8561406,Reliance
2020-12-16,1988.0,1994.949951171875,1965.699951171875,1976.550048828125,1970.2120361328125,8565904,Reliance
2020-12-17,1984.5,2005.0,1977.1500244140625,1985.5999755859373,1979.23291015625,9346460,Reliance
2020-12-18,1980.0999755859373,2004.9000244140625,1965.0,1991.550048828125,1985.1639404296875,8522215,Reliance
2020-12-21,2010.0,2022.0,1855.25,1939.699951171875,1933.4801025390625,20368545,Reliance
2020-12-22,1949.0,1958.9000244140625,1888.449951171875,1936.699951171875,1930.48974609375,12986606,Reliance
2020-12-23,1930.0,1951.449951171875,1920.6500244140625,1943.8499755859373,1937.6168212890625,8999898,Reliance
2020-12-24,1947.0,1998.800048828125,1945.9000244140625,1994.1500244140625,1987.755615234375,9588577,Reliance
2020-12-28,2006.699951171875,2018.0,1995.300048828125,2003.300048828125,1996.876220703125,7947719,Reliance
2020-12-29,2009.0,2012.300048828125,1982.550048828125,1990.050048828125,1983.668701171875,8589407,Reliance
2020-12-30,1995.25,2007.199951171875,1975.550048828125,1995.5,1989.1011962890625,10173132,Reliance
2020-12-31,1993.5,2011.9000244140625,1978.5999755859373,1985.300048828125,1978.9339599609373,8667516,Reliance
2021-01-01,1988.0,1997.0,1982.0,1987.5,1981.1268310546875,4622002,Reliance
2021-01-04,1995.0999755859373,1998.9000244140625,1968.0,1990.8499755859373,1984.466064453125,11312992,Reliance
2021-01-05,1969.0,1983.5999755859373,1956.0,1966.0999755859373,1959.79541015625,11132803,Reliance
2021-01-06,1965.9000244140625,1966.0,1905.1500244140625,1914.25,1908.1116943359373,21414270,Reliance
2021-01-07,1920.5,1945.0,1905.1500244140625,1911.1500244140625,1905.021728515625,14918406,Reliance
2021-01-08,1918.0,1938.4000244140625,1912.0999755859373,1933.699951171875,1927.499267578125,12709792,Reliance
2021-01-11,1938.800048828125,1938.800048828125,1892.5,1897.25,1891.166259765625,15371556,Reliance
2021-01-12,1903.0,1960.0,1899.9000244140625,1957.050048828125,1950.7745361328125,18996047,Reliance
2021-01-13,1963.550048828125,1974.949951171875,1918.449951171875,1938.800048828125,1932.5831298828125,12284876,Reliance
2021-01-14,1945.0,1966.9000244140625,1939.050048828125,1960.5999755859373,1954.3131103515625,9946818,Reliance
2021-01-15,1960.5999755859373,1973.800048828125,1920.050048828125,1937.449951171875,1931.2373046875,9503790,Reliance
2021-01-18,1949.0999755859373,1997.0,1923.3499755859373,1983.949951171875,1977.5882568359373,16198856,Reliance
2021-01-19,1994.6500244140625,2031.0,1994.6500244140625,2016.4000244140625,2009.9342041015625,14771048,Reliance
2021-01-20,2021.4000244140625,2058.0,2001.4000244140625,2054.699951171875,2048.111328125,14271669,Reliance
2021-01-21,2082.0,2120.0,2075.0,2099.39990234375,2092.66796875,18038987,Reliance
2021-01-22,2111.0,2115.35009765625,2035.1500244140625,2049.60009765625,2043.02783203125,14090818,Reliance
2021-01-25,2034.949951171875,2034.949951171875,1932.0,1941.0,1934.7760009765625,25016570,Reliance
2021-01-27,1925.0,1925.0,1888.0,1895.0,1888.9234619140625,19553809,Reliance
2021-01-28,1880.1500244140625,1923.300048828125,1870.0,1876.550048828125,1870.53271484375,15722291,Reliance
2021-01-29,1894.300048828125,1913.0999755859373,1830.0,1841.949951171875,1836.0435791015625,20173258,Reliance
2021-02-01,1859.4000244140625,1905.0,1848.0,1895.300048828125,1889.2225341796875,15774504,Reliance
2021-02-02,1914.25,1940.0,1854.949951171875,1925.800048828125,1919.624755859375,19138414,Reliance
2021-02-03,1928.300048828125,1952.0,1900.0,1930.6500244140625,1924.459228515625,13984228,Reliance
2021-02-04,1924.0,1940.0,1905.0,1924.300048828125,1918.1295166015625,11826848,Reliance
2021-02-05,1930.050048828125,1944.6500244140625,1920.0,1923.75,1917.581298828125,9344470,Reliance
2021-02-08,1933.050048828125,1969.0,1929.050048828125,1951.449951171875,1945.1923828125,9776136,Reliance
2021-02-09,1961.949951171875,1989.5999755859373,1952.300048828125,1956.1500244140625,1949.87744140625,9047308,Reliance
2021-02-10,1953.75,1984.75,1927.300048828125,1974.300048828125,1967.96923828125,9799560,Reliance
2021-02-11,1980.0,2064.199951171875,1972.25,2055.699951171875,2049.108154296875,19631870,Reliance
2021-02-12,2055.5,2078.0,2015.4000244140625,2041.5999755859373,2035.0533447265625,14074374,Reliance
2021-02-15,2048.050048828125,2061.300048828125,2025.0,2032.5999755859373,2026.082275390625,7287590,Reliance
2021-02-16,2039.75,2079.39990234375,2035.0,2059.5,2052.89599609375,9886093,Reliance
2021-02-17,2060.0,2095.949951171875,2050.60009765625,2083.25,2076.56982421875,10957388,Reliance
2021-02-18,2085.0,2108.39990234375,2059.10009765625,2067.699951171875,2061.069580078125,8605531,Reliance
2021-02-19,2057.0,2104.949951171875,2053.300048828125,2080.300048828125,2073.62939453125,10800704,Reliance
2021-02-22,2080.0,2089.89990234375,1994.949951171875,2008.0999755859373,2001.6607666015625,10985697,Reliance
2021-02-23,2048.0,2052.89990234375,2013.5999755859373,2023.449951171875,2016.9615478515625,11834752,Reliance
2021-02-24,2030.0,2065.25,2026.1500244140625,2061.0,2054.39111328125,4987735,Reliance
2021-02-25,2076.0,2152.0,2073.0,2144.35009765625,2137.47412109375,16085897,Reliance
2021-02-26,2117.0,2133.89990234375,2070.699951171875,2085.800048828125,2079.11181640625,17297575,Reliance
2021-03-01,2110.199951171875,2112.0,2062.5,2101.699951171875,2094.960693359375,8159670,Reliance
2021-03-02,2122.0,2130.0,2089.10009765625,2106.0,2099.246826171875,7915073,Reliance
2021-03-03,2121.050048828125,2219.89990234375,2107.199951171875,2202.10009765625,2195.038818359375,14733134,Reliance
2021-03-04,2180.0,2189.949951171875,2157.699951171875,2175.85009765625,2168.873046875,9892597,Reliance
2021-03-05,2156.0,2211.949951171875,2153.050048828125,2178.699951171875,2171.713623046875,11773630,Reliance
2021-03-08,2168.5,2231.89990234375,2168.0,2191.10009765625,2184.073974609375,9002404,Reliance
2021-03-09,2200.0,2213.800048828125,2146.60009765625,2191.050048828125,2184.024169921875,6993792,Reliance
2021-03-10,2207.0,2215.10009765625,2170.25,2181.949951171875,2174.953369140625,5316182,Reliance
2021-03-12,2195.0,2206.39990234375,2123.89990234375,2137.60009765625,2130.74560546875,7783173,Reliance
2021-03-15,2140.050048828125,2148.89990234375,2080.5,2108.89990234375,2102.137451171875,7706170,Reliance
2021-03-16,2114.0,2126.0,2095.5,2100.60009765625,2093.8642578125,6402757,Reliance
2021-03-17,2098.050048828125,2103.0,2035.0999755859373,2055.35009765625,2048.75927734375,8865521,Reliance
2021-03-18,2072.89990234375,2084.800048828125,2001.0,2009.0999755859373,2002.6575927734373,9528809,Reliance
2021-03-19,1991.0,2095.85009765625,1982.800048828125,2082.0,2075.32373046875,19284892,Reliance
2021-03-22,2071.0,2074.0,2033.199951171875,2062.39990234375,2055.78662109375,8571196,Reliance
2021-03-23,2061.949951171875,2109.699951171875,2056.0,2087.5,2080.80615234375,8039865,Reliance
2021-03-24,2079.75,2079.75,2040.4000244140625,2047.300048828125,2040.735107421875,7763726,Reliance
2021-03-25,2054.0,2054.0,1985.0,1991.449951171875,1985.0640869140625,10153757,Reliance
2021-03-26,2012.0,2013.699951171875,1973.699951171875,1994.6500244140625,1988.25390625,9313160,Reliance
2021-03-30,2008.0,2048.89990234375,1991.550048828125,2029.300048828125,2022.7928466796875,9433842,Reliance
2021-03-31,2018.0,2049.89990234375,1999.0,2003.0999755859373,1996.6767578125,7499740,Reliance
2021-04-01,2018.0,2030.0,2003.1500244140625,2021.8499755859373,2015.36669921875,5410307,Reliance
2021-04-05,2024.949951171875,2025.0,1962.0999755859373,1992.5999755859373,1986.21044921875,6864856,Reliance
2021-04-06,2004.0,2004.949951171875,1969.0,1984.300048828125,1977.9371337890625,6465241,Reliance
2021-04-07,2000.0,2046.9000244140625,1993.300048828125,2002.8499755859373,1996.4276123046875,11198918,Reliance
2021-04-08,2011.0,2022.0,1993.0,2005.3499755859373,1998.9195556640625,7092878,Reliance
2021-04-09,1998.449951171875,2006.3499755859373,1980.0,1982.050048828125,1975.6943359375,6478482,Reliance
2021-04-12,1959.0,1961.4000244140625,1900.25,1911.1500244140625,1905.021728515625,9646031,Reliance
2021-04-13,1924.0,1940.5999755859373,1917.8499755859373,1931.800048828125,1925.60546875,8958261,Reliance
2021-04-15,1926.300048828125,1961.0,1913.0,1944.300048828125,1938.0654296875,9102492,Reliance
2021-04-16,1936.5999755859373,1949.9000244140625,1926.449951171875,1932.0999755859373,1925.904541015625,7225679,Reliance
2021-04-19,1904.0,1916.4000244140625,1890.0,1901.699951171875,1895.6019287109373,8527967,Reliance
2021-04-20,1910.5,1919.0,1890.449951171875,1901.1500244140625,1895.0538330078125,7939490,Reliance
2021-04-22,1892.25,1914.449951171875,1876.699951171875,1906.4000244140625,1900.2869873046875,6687573,Reliance
2021-04-23,1906.0,1918.9000244140625,1895.3499755859373,1904.3499755859373,1898.243408203125,5459016,Reliance
2021-04-26,1920.0,1962.0,1911.5,1937.8499755859373,1931.635986328125,9620785,Reliance
2021-04-27,1940.0,1997.199951171875,1938.25,1988.6500244140625,1982.273193359375,9226547,Reliance
2021-04-28,1997.8499755859373,2008.0,1980.1500244140625,1997.300048828125,1990.8955078125,7902002,Reliance
2021-04-29,2022.9000244140625,2044.5,2007.300048828125,2024.050048828125,2017.5596923828125,8035915,Reliance
2021-04-30,2008.5,2036.0,1987.550048828125,1994.5,1988.1043701171875,9150974,Reliance
2021-05-03,1966.0,1979.0,1943.0999755859373,1959.050048828125,1952.7681884765625,10909942,Reliance
2021-05-04,1950.0,1967.800048828125,1911.0,1916.5999755859373,1910.4542236328125,10083693,Reliance
2021-05-05,1923.3499755859373,1938.5,1908.050048828125,1920.0999755859373,1913.9429931640625,5719649,Reliance
2021-05-06,1921.8499755859373,1935.0,1906.5999755859373,1931.0,1924.8079833984373,6749281,Reliance
2021-05-07,1937.75,1955.6500244140625,1926.0,1931.75,1925.5556640625,5671163,Reliance
2021-05-10,1939.0,1946.800048828125,1920.949951171875,1926.199951171875,1920.0234375,6433879,Reliance
2021-05-11,1915.0,1938.550048828125,1910.0,1933.1500244140625,1926.951171875,6220217,Reliance
2021-05-12,1930.0999755859373,1932.9000244140625,1907.0,1913.1500244140625,1907.0152587890625,6081627,Reliance
2021-05-14,1928.050048828125,1942.0,1906.0,1937.300048828125,1931.087890625,6134079,Reliance
2021-05-17,1937.300048828125,1963.449951171875,1930.4000244140625,1960.3499755859373,1954.0638427734373,5479424,Reliance
2021-05-18,1981.0,2002.5999755859373,1972.5,1987.949951171875,1981.5753173828125,5567958,Reliance
2021-05-19,1980.0,2016.449951171875,1972.0,1997.050048828125,1990.646240234375,7530294,Reliance
2021-05-20,1997.9000244140625,2010.9000244140625,1981.0,1985.4000244140625,1979.0335693359373,5271497,Reliance
2021-05-21,1992.0,2009.5999755859373,1986.0,2002.550048828125,1996.128662109375,4977555,Reliance
2021-05-24,2008.0,2009.800048828125,1982.0,1985.6500244140625,1979.2828369140625,3946636,Reliance
2021-05-25,1996.4000244140625,1997.0,1960.0,1963.1500244140625,1956.85498046875,6821015,Reliance
2021-05-26,1975.0,1979.5,1965.300048828125,1970.050048828125,1963.73291015625,3452113,Reliance
2021-05-27,1970.300048828125,1993.0,1962.25,1976.0999755859373,1969.763427734375,12377100,Reliance
2021-05-28,1990.0,2105.0,1990.0,2094.800048828125,2088.082763671875,26060864,Reliance
2021-05-31,2102.0,2191.699951171875,2085.050048828125,2160.300048828125,2153.372802734375,27285782,Reliance
2021-06-01,2166.0,2202.0,2146.5,2168.89990234375,2161.945068359375,12928379,Reliance
2021-06-02,2157.0,2209.5,2157.0,2201.25,2194.19140625,11366816,Reliance
2021-06-03,2221.0,2250.0,2196.10009765625,2209.64990234375,2202.564453125,11064116,Reliance
2021-06-04,2214.800048828125,2216.449951171875,2184.25,2190.5,2183.475830078125,6677278,Reliance
2021-06-07,2202.0,2242.0,2185.0,2227.39990234375,2220.257568359375,7539326,Reliance
2021-06-08,2226.60009765625,2227.14990234375,2198.14990234375,2214.60009765625,2207.498779296875,4464889,Reliance
2021-06-09,2219.0,2221.0,2157.949951171875,2175.0,2168.025634765625,5265326,Reliance
2021-06-10,2193.39990234375,2230.0,2177.550048828125,2183.0,2176.0,6532832,Reliance
2021-06-11,2182.89990234375,2228.0,2180.10009765625,2213.14990234375,2213.14990234375,6351520,Reliance
2021-06-14,2215.0,2258.25,2195.050048828125,2244.89990234375,2244.89990234375,9383416,Reliance
2021-06-15,2261.0,2274.89990234375,2240.300048828125,2250.0,2250.0,7002898,Reliance
2021-06-16,2244.89990234375,2247.050048828125,2205.85009765625,2211.60009765625,2211.60009765625,4982975,Reliance
2021-06-17,2200.0,2235.0,2179.89990234375,2215.64990234375,2215.64990234375,7266765,Reliance
2021-06-18,2225.5,2235.0,2184.35009765625,2225.64990234375,2225.64990234375,13553801,Reliance
2021-06-21,2203.5,2247.5,2200.14990234375,2237.25,2237.25,5624044,Reliance
2021-06-22,2254.0,2261.0,2219.35009765625,2225.75,2225.75,5940386,Reliance
2021-06-23,2250.0,2250.60009765625,2201.699951171875,2205.35009765625,2205.35009765625,7685796,Reliance
2021-06-24,2206.85009765625,2214.60009765625,2140.0,2153.5,2153.5,42209687,Reliance
2021-06-25,2153.5,2153.5,2081.10009765625,2104.449951171875,2104.449951171875,25546334,Reliance
2021-06-28,2122.0,2126.5,2081.0,2086.0,2086.0,9357852,Reliance
2021-06-29,2089.5,2109.0,2084.10009765625,2087.800048828125,2087.800048828125,12526981,Reliance
2021-06-30,2096.25,2122.64990234375,2091.050048828125,2110.64990234375,2110.64990234375,9120556,Reliance
2021-07-01,2118.0,2123.14990234375,2095.0,2097.949951171875,2097.949951171875,5784627,Reliance
2021-07-02,2097.0,2132.89990234375,2092.949951171875,2129.050048828125,2129.050048828125,6500973,Reliance
2021-07-05,2136.449951171875,2153.550048828125,2131.5,2150.199951171875,2150.199951171875,5400604,Reliance
2021-07-06,2144.949951171875,2148.89990234375,2120.199951171875,2124.800048828125,2124.800048828125,4647361,Reliance
2021-07-07,2127.75,2127.75,2098.0,2110.050048828125,2110.050048828125,4824931,Reliance
2021-07-08,2116.949951171875,2116.949951171875,2081.0,2092.60009765625,2092.60009765625,5162088,Reliance
2021-07-09,2088.0,2091.699951171875,2066.10009765625,2071.199951171875,2071.199951171875,4170886,Reliance
2021-07-12,2079.75,2101.5,2074.5,2084.10009765625,2084.10009765625,3962111,Reliance
2021-07-13,2100.0,2103.050048828125,2088.050048828125,2099.699951171875,2099.699951171875,3099956,Reliance
2021-07-14,2100.35009765625,2106.85009765625,2081.25,2086.0,2086.0,3937768,Reliance
2021-07-15,2095.0,2095.0,2078.5,2082.35009765625,2082.35009765625,4360415,Reliance
2021-07-16,2087.75,2114.75,2087.60009765625,2112.39990234375,2112.39990234375,4074206,Reliance
2021-07-19,2100.0,2124.0,2092.25,2098.949951171875,2098.949951171875,3855577,Reliance
2021-07-20,2099.5,2108.0,2084.0,2093.800048828125,2093.800048828125,3111185,Reliance
2021-07-22,2119.0,2123.89990234375,2098.14990234375,2120.699951171875,2120.699951171875,3679260,Reliance
2021-07-23,2134.449951171875,2134.449951171875,2102.050048828125,2105.699951171875,2105.699951171875,4585938,Reliance
2021-07-26,2108.0,2121.0,2071.10009765625,2076.85009765625,2076.85009765625,5717830,Reliance
2021-07-27,2076.800048828125,2083.699951171875,2042.0,2055.0,2055.0,4995516,Reliance
2021-07-28,2058.0,2058.0,2016.25,2037.3499755859373,2037.3499755859373,5952355,Reliance
2021-07-29,2054.0,2074.39990234375,2043.4000244140625,2053.25,2053.25,6352886,Reliance
2021-07-30,2058.0,2067.949951171875,2031.0999755859373,2035.300048828125,2035.300048828125,5238304,Reliance
2021-08-02,2054.300048828125,2079.39990234375,2041.1500244140625,2072.5,2072.5,5041934,Reliance
2021-08-03,2090.0,2091.0,2064.199951171875,2087.75,2087.75,5453682,Reliance
2021-08-04,2094.39990234375,2114.0,2087.0,2103.75,2103.75,6077861,Reliance
2021-08-05,2114.300048828125,2154.800048828125,2104.25,2134.25,2134.25,9807831,Reliance
2021-08-06,2129.949951171875,2146.949951171875,2078.75,2089.050048828125,2089.050048828125,7670583,Reliance
2021-08-09,2081.0,2089.800048828125,2066.5,2077.14990234375,2077.14990234375,3458546,Reliance
2021-08-10,2082.0,2113.0,2073.75,2088.050048828125,2088.050048828125,5500708,Reliance
2021-08-11,2096.949951171875,2120.0,2083.39990234375,2117.300048828125,2117.300048828125,4238859,Reliance
2021-08-12,2124.89990234375,2126.199951171875,2105.0,2110.5,2110.5,3755507,Reliance
2021-08-13,2117.300048828125,2149.89990234375,2108.949951171875,2145.64990234375,2145.64990234375,5898384,Reliance
2021-08-16,2149.35009765625,2203.0,2128.14990234375,2173.5,2173.5,10123204,Reliance
2021-08-17,2168.85009765625,2185.199951171875,2147.85009765625,2164.25,2164.25,5841743,Reliance
2021-08-18,2174.0,2186.800048828125,2152.60009765625,2172.64990234375,2172.64990234375,4650008,Reliance
2021-08-20,2143.0,2172.0,2137.0,2148.25,2148.25,4350228,Reliance
2021-08-23,2174.0,2174.0,2132.300048828125,2162.35009765625,2162.35009765625,4547802,Reliance
2021-08-24,2165.050048828125,2192.0,2155.60009765625,2183.699951171875,2183.699951171875,5475452,Reliance
2021-08-25,2185.39990234375,2220.0,2180.10009765625,2202.60009765625,2202.60009765625,6175126,Reliance
2021-08-26,2208.0,2244.89990234375,2205.0,2230.449951171875,2230.449951171875,8579105,Reliance
2021-08-27,2237.0,2242.75,2216.050048828125,2227.39990234375,2227.39990234375,4836812,Reliance
2021-08-30,2250.0,2275.85009765625,2236.800048828125,2270.25,2270.25,6473487,Reliance
2021-08-31,2276.89990234375,2283.75,2242.25,2258.14990234375,2258.14990234375,12223037,Reliance
2021-09-01,2273.0,2292.89990234375,2263.0,2267.10009765625,2267.10009765625,5143640,Reliance
2021-09-02,2255.0,2307.800048828125,2255.0,2294.39990234375,2294.39990234375,4595048,Reliance
2021-09-03,2310.0,2395.0,2302.5,2388.5,2388.5,14151629,Reliance
2021-09-06,2413.0,2480.0,2412.0,2425.60009765625,2425.60009765625,15525644,Reliance
2021-09-07,2430.0,2458.0,2412.0,2440.89990234375,2440.89990234375,8006968,Reliance
2021-09-08,2452.0,2454.0,2406.64990234375,2431.35009765625,2431.35009765625,6600210,Reliance
2021-09-09,2427.89990234375,2437.85009765625,2416.10009765625,2425.60009765625,2425.60009765625,4136538,Reliance
2021-09-13,2433.0,2433.0,2368.050048828125,2371.550048828125,2371.550048828125,7527598,Reliance
2021-09-14,2375.0,2394.0,2366.0,2368.449951171875,2368.449951171875,4111205,Reliance
2021-09-15,2368.5,2395.75,2368.5,2378.300048828125,2378.300048828125,4186300,Reliance
2021-09-16,2381.550048828125,2436.75,2367.0,2428.199951171875,2428.199951171875,6206657,Reliance
2021-09-17,2446.0,2455.85009765625,2375.60009765625,2390.550048828125,2390.550048828125,16098099,Reliance
2021-09-20,2372.10009765625,2418.35009765625,2370.0,2394.35009765625,2394.35009765625,5436385,Reliance
2021-09-21,2405.0,2416.60009765625,2384.0,2404.699951171875,2404.699951171875,4576111,Reliance
2021-09-22,2408.0,2442.0,2398.25,2430.5,2430.5,5074612,Reliance
2021-09-23,2447.39990234375,2497.0,2445.5,2489.89990234375,2489.89990234375,7267883,Reliance
2021-09-24,2503.550048828125,2505.449951171875,2472.0,2482.699951171875,2482.699951171875,7011181,Reliance
2021-09-27,2487.0,2529.89990234375,2475.300048828125,2524.449951171875,2524.449951171875,7095022,Reliance
2021-09-28,2534.0,2564.89990234375,2512.800048828125,2548.050048828125,2548.050048828125,8323269,Reliance
2021-09-29,2570.0,2570.0,2520.050048828125,2527.85009765625,2527.85009765625,4485721,Reliance
2021-09-30,2525.0,2534.60009765625,2500.35009765625,2519.25,2519.25,6272085,Reliance
2021-10-01,2501.949951171875,2539.800048828125,2495.0,2523.699951171875,2523.699951171875,4134544,Reliance
2021-10-04,2553.0,2574.85009765625,2537.050048828125,2556.14990234375,2556.14990234375,5038910,Reliance
2021-10-05,2555.10009765625,2612.0,2547.35009765625,2609.199951171875,2609.199951171875,6245770,Reliance
2021-10-06,2619.949951171875,2619.949951171875,2551.10009765625,2559.85009765625,2559.85009765625,4734472,Reliance
2021-10-07,2595.0,2598.75,2567.699951171875,2572.39990234375,2572.39990234375,2924370,Reliance
2021-10-08,2585.25,2684.39990234375,2581.5,2671.25,2671.25,7279003,Reliance
2021-10-11,2701.39990234375,2720.0,2645.35009765625,2652.64990234375,2652.64990234375,6815737,Reliance
2021-10-12,2645.0,2683.0,2641.25,2667.800048828125,2667.800048828125,3083747,Reliance
2021-10-13,2679.0,2719.5,2669.300048828125,2694.949951171875,2694.949951171875,4596429,Reliance
2021-10-14,2700.35009765625,2717.449951171875,2687.199951171875,2700.39990234375,2700.39990234375,3979730,Reliance
2021-10-18,2668.60009765625,2745.0,2662.300048828125,2707.60009765625,2707.60009765625,6273850,Reliance
2021-10-19,2723.800048828125,2751.35009765625,2708.0,2731.85009765625,2731.85009765625,4076617,Reliance
2021-10-20,2742.75,2742.75,2691.5,2700.39990234375,2700.39990234375,5865926,Reliance
2021-10-21,2727.39990234375,2728.0,2603.199951171875,2622.5,2622.5,9613812,Reliance
2021-10-22,2620.0,2664.89990234375,2611.5,2627.39990234375,2627.39990234375,5089178,Reliance
2021-10-25,2680.0,2680.0,2570.0,2601.800048828125,2601.800048828125,7937067,Reliance
2021-10-26,2617.10009765625,2668.89990234375,2603.14990234375,2661.050048828125,2661.050048828125,4499706,Reliance
2021-10-27,2652.0,2676.800048828125,2619.949951171875,2627.39990234375,2627.39990234375,4567140,Reliance
2021-10-28,2620.0,2637.949951171875,2590.5,2598.60009765625,2598.60009765625,4562471,Reliance
2021-10-29,2596.14990234375,2596.14990234375,2501.699951171875,2536.25,2536.25,6568539,Reliance
2021-11-01,2536.25,2556.0,2494.10009765625,2537.800048828125,2537.800048828125,7144532,Reliance
2021-11-02,2545.0,2548.0,2495.25,2500.800048828125,2500.800048828125,4877652,Reliance
2021-11-03,2506.050048828125,2520.0,2461.0,2483.60009765625,2483.60009765625,5533120,Reliance
2021-11-04,2492.949951171875,2504.89990234375,2490.0,2498.85009765625,2498.85009765625,787160,Reliance
2021-11-08,2519.39990234375,2520.0,2456.39990234375,2501.949951171875,2501.949951171875,9385607,Reliance
2021-11-09,2505.0,2528.89990234375,2487.050048828125,2521.699951171875,2521.699951171875,7237470,Reliance
2021-11-10,2516.699951171875,2558.0,2503.64990234375,2549.89990234375,2549.89990234375,4731975,Reliance
2021-11-11,2540.050048828125,2570.5,2535.550048828125,2554.550048828125,2554.550048828125,4948422,Reliance
2021-11-12,2562.89990234375,2598.75,2557.0,2593.10009765625,2593.10009765625,4020744,Reliance
2021-11-15,2600.0,2602.199951171875,2570.0,2577.800048828125,2577.800048828125,2216708,Reliance
2021-11-16,2572.050048828125,2575.0,2495.0,2517.89990234375,2517.89990234375,5232292,Reliance
2021-11-17,2498.949951171875,2498.949951171875,2461.0,2464.0,2464.0,4708235,Reliance
2021-11-18,2460.0,2489.0,2450.050048828125,2473.300048828125,2473.300048828125,3925345,Reliance
2021-11-22,2436.10009765625,2449.0,2351.0,2363.75,2363.75,11133364,Reliance
2021-11-23,2333.050048828125,2401.25,2309.0,2385.85009765625,2385.85009765625,11688406,Reliance
2021-11-24,2380.0,2409.89990234375,2343.550048828125,2351.39990234375,2351.39990234375,7762564,Reliance
2021-11-25,2373.0,2502.0,2357.14990234375,2492.949951171875,2492.949951171875,19568487,Reliance
2021-11-26,2467.800048828125,2477.60009765625,2401.5,2412.60009765625,2412.60009765625,7274686,Reliance
2021-11-29,2439.10009765625,2500.0,2399.10009765625,2441.5,2441.5,11226147,Reliance
2021-11-30,2468.0,2475.89990234375,2388.85009765625,2405.39990234375,2405.39990234375,14847511,Reliance
2021-12-01,2433.0,2474.0,2425.10009765625,2467.0,2467.0,4663276,Reliance
2021-12-02,2469.699951171875,2496.199951171875,2461.60009765625,2482.85009765625,2482.85009765625,5870468,Reliance
2021-12-03,2498.39990234375,2498.5,2400.0,2408.25,2408.25,8871172,Reliance
2021-12-06,2416.0,2425.0,2357.14990234375,2362.60009765625,2362.60009765625,4768334,Reliance
2021-12-07,2376.14990234375,2404.0,2360.0,2381.85009765625,2381.85009765625,5185007,Reliance
2021-12-08,2424.10009765625,2431.800048828125,2406.300048828125,2418.10009765625,2418.10009765625,4035437,Reliance
2021-12-09,2435.0,2474.89990234375,2425.0,2456.449951171875,2456.449951171875,6098050,Reliance
2021-12-10,2440.25,2466.0,2430.35009765625,2458.949951171875,2458.949951171875,3860176,Reliance
2021-12-13,2473.5,2474.10009765625,2404.0,2409.64990234375,2409.64990234375,5954148,Reliance
2021-12-14,2380.0,2406.0,2373.39990234375,2380.14990234375,2380.14990234375,5995586,Reliance
2021-12-15,2384.0,2405.0,2361.10009765625,2373.199951171875,2373.199951171875,4322855,Reliance
2021-12-16,2405.699951171875,2415.5,2368.64990234375,2403.89990234375,2403.89990234375,4504829,Reliance
2021-12-17,2398.050048828125,2408.0,2320.0,2340.449951171875,2340.449951171875,9714489,Reliance
2021-12-20,2317.85009765625,2317.85009765625,2247.10009765625,2277.35009765625,2277.35009765625,6611376,Reliance
2021-12-21,2311.35009765625,2346.0,2292.199951171875,2311.25,2311.25,5924071,Reliance
2021-12-22,2324.89990234375,2371.89990234375,2322.0,2366.10009765625,2366.10009765625,8149415,Reliance
2021-12-23,2374.0,2380.0,2358.050048828125,2365.25,2365.25,4186912,Reliance
2021-12-24,2370.0,2392.0,2337.550048828125,2372.800048828125,2372.800048828125,3639616,Reliance
2021-12-27,2361.550048828125,2378.0,2348.10009765625,2370.25,2370.25,1853948,Reliance
2021-12-28,2375.60009765625,2404.85009765625,2373.050048828125,2398.39990234375,2398.39990234375,2941883,Reliance
2021-12-29,2391.0,2419.0,2382.10009765625,2402.5,2402.5,7118779,Reliance
2021-12-30,2400.0,2404.949951171875,2345.60009765625,2359.10009765625,2359.10009765625,13537254,Reliance
2021-12-31,2373.0,2383.89990234375,2360.0,2368.14990234375,2368.14990234375,4373768,Reliance
2012-01-02,580.5,592.9749755859375,576.5,589.2999877929688,485.2531127929688,2248542,TCS
2012-01-03,591.625,604.9500122070312,590.0,598.7999877929688,493.0757141113281,2708884,TCS
2012-01-04,602.4500122070312,602.5,584.6500244140625,586.5,482.9473571777344,2386770,TCS
2012-01-05,586.4000244140625,592.5,583.6749877929688,586.0,482.53564453125,2547312,TCS
2012-01-06,583.0,594.1749877929688,578.4000244140625,584.7000122070312,481.4652099609375,2119728,TCS
2012-01-09,585.5,589.8499755859375,582.625,585.6749877929688,482.2681274414063,1509028,TCS
2012-01-10,587.5,592.75,579.25,582.7000122070312,479.8182678222656,3591790,TCS
2012-01-11,585.7000122070312,587.5,566.5750122070312,568.5,468.1255187988281,5675380,TCS
2012-01-12,550.5,557.5,534.3250122070312,544.75,448.5687561035156,9528684,TCS
2012-01-13,548.5750122070312,551.6749877929688,536.5,542.875,447.0248107910156,4019828,TCS
2012-01-16,542.0,557.0,539.4500122070312,554.7000122070312,456.76214599609375,3047202,TCS
2012-01-17,559.9500122070312,562.3499755859375,547.0,551.9749755859375,454.5181884765625,3704218,TCS
2012-01-18,540.0,548.1500244140625,522.6500244140625,538.0750122070312,443.0723876953125,11665532,TCS
2012-01-19,543.5,544.4500122070312,532.7000122070312,537.7750244140625,442.8253173828125,4163292,TCS
2012-01-20,539.9749755859375,545.4749755859375,536.5,539.75,444.45159912109375,2572694,TCS
2012-01-23,543.0,545.7249755859375,537.0750122070312,538.8499755859375,443.71044921875,2130496,TCS
2012-01-24,544.0,547.5,539.0,544.3499755859375,448.2394714355469,2641310,TCS
2012-01-25,547.4500122070312,554.9749755859375,545.5250244140625,549.0,453.3174133300781,5845238,TCS
2012-01-27,552.5,560.2750244140625,550.0499877929688,554.375,457.7557678222656,5209718,TCS
2012-01-30,551.25,559.4749755859375,550.375,555.875,458.9943542480469,2595558,TCS
2012-01-31,556.5,567.9500122070312,556.5,566.2000122070312,467.5198364257813,3538120,TCS
2012-02-01,564.7000122070312,567.5,554.125,564.3499755859375,465.99224853515625,2288804,TCS
2012-02-02,568.0,576.3250122070312,565.1500244140625,574.0,473.96044921875,3386140,TCS
2012-02-03,572.5,588.0,570.5,585.7750244140625,483.6831665039063,2777558,TCS
2012-02-06,591.8499755859375,600.0250244140625,586.6749877929688,596.9249877929688,492.8897705078125,3427196,TCS
2012-02-07,604.8499755859375,604.8499755859375,595.9500122070312,599.0,494.6033630371094,3407656,TCS
2012-02-08,608.2000122070312,613.4249877929688,605.5,609.8250122070312,503.5416259765625,3627184,TCS
2012-02-09,605.5499877929688,616.0,594.0,614.2999877929688,507.2367248535156,3038062,TCS
2012-02-10,614.0,619.0,606.0,616.7000122070312,509.2184753417969,2324302,TCS
2012-02-13,611.0999755859375,618.9749755859375,607.0,612.8499755859375,506.039306640625,1631770,TCS
2012-02-14,612.5,614.7750244140625,607.5,610.0,503.6860961914063,1826646,TCS
2012-02-15,613.5750122070312,624.4000244140625,609.75,620.7999877929688,512.603759765625,2167166,TCS
2012-02-16,619.0,621.0,609.0,612.6749877929688,505.89501953125,1886660,TCS
2012-02-17,617.4249877929688,627.0,610.5,614.375,507.298583984375,4096568,TCS
2012-02-21,611.7750244140625,620.0,602.375,618.5250244140625,510.725341796875,2489504,TCS
2012-02-22,617.5,633.4249877929688,614.5,626.1749877929688,517.0420532226562,3141826,TCS
2012-02-23,624.5250244140625,637.4500122070312,622.0,629.9000244140625,520.1177978515625,4086880,TCS
2012-02-24,629.5,640.4249877929688,628.625,635.0,524.3289184570312,2346400,TCS
2012-02-27,639.5,639.9749755859375,622.7999877929688,626.0250244140625,516.9183349609375,1861370,TCS
2012-02-28,627.625,630.2000122070312,609.5499877929688,613.2750244140625,506.3901672363281,3973490,TCS
2012-02-29,620.0,620.0,606.125,610.9749755859375,504.4913024902344,3060216,TCS
2012-03-01,611.5,613.4749755859375,605.0250244140625,609.7999877929688,503.5210876464844,1568594,TCS
2012-03-02,613.0,613.5,603.5,608.625,502.551025390625,2309232,TCS
2012-03-05,607.0,611.2249755859375,600.5,603.6500244140625,498.4428405761719,1540878,TCS
2012-03-06,601.5,610.6500244140625,594.5,601.0,496.2548828125,1717722,TCS
2012-03-07,597.5,603.0,593.2750244140625,596.4249877929688,492.4771423339844,1945666,TCS
2012-03-09,613.5,613.5,601.4749755859375,604.2750244140625,498.9590759277344,2225758,TCS
2012-03-12,607.9500122070312,609.4249877929688,591.5999755859375,594.5250244140625,490.9083251953125,2240278,TCS
2012-03-13,595.0,607.4749755859375,595.0,598.5,494.1903991699219,2492464,TCS
2012-03-14,605.0499877929688,607.0,575.5,577.2750244140625,476.6648559570313,8065314,TCS
2012-03-15,579.5,585.4749755859375,572.5,581.8499755859375,480.4421081542969,4284236,TCS
2012-03-16,584.9749755859375,590.0,579.0,584.7750244140625,482.8575439453125,2054724,TCS
2012-03-19,584.7750244140625,584.7750244140625,555.9000244140625,561.0,463.2261047363281,5132864,TCS
2012-03-20,564.5,572.5,560.0,567.4249877929688,468.53131103515625,3683204,TCS
2012-03-21,568.4749755859375,589.9000244140625,568.2750244140625,587.875,485.41705322265625,4553242,TCS
2012-03-22,587.3499755859375,594.8499755859375,580.0,583.875,482.1143798828125,3421694,TCS
2012-03-23,587.5,595.9500122070312,582.4000244140625,592.3250122070312,489.0914916992188,3158436,TCS
2012-03-26,588.5,592.5,577.0,580.7999877929688,479.5752868652344,3053384,TCS
2012-03-27,586.5,589.8250122070312,575.9749755859375,587.375,485.00439453125,1588246,TCS
2012-03-28,587.0,587.3250122070312,577.2249755859375,582.5499877929688,481.0202026367188,2051096,TCS
2012-03-29,575.5,582.0,566.2000122070312,570.5999755859375,471.1529846191406,2681214,TCS
2012-03-30,572.75,587.875,572.75,584.4000244140625,482.5479431152344,2543342,TCS
2012-04-02,585.0,599.5,585.0,597.125,493.0550231933594,2326988,TCS
2012-04-03,600.0999755859375,603.6749877929688,587.6500244140625,589.0,486.3460388183594,2269154,TCS
2012-04-04,584.5,594.9000244140625,583.5,589.2249755859375,486.531982421875,2165054,TCS
2012-04-09,585.0,594.0,579.125,582.0499877929688,480.6072692871094,1576628,TCS
2012-04-10,583.1500244140625,587.8250122070312,576.125,578.0999755859375,477.3457946777344,1532992,TCS
2012-04-11,574.8499755859375,577.5,567.5999755859375,569.0499877929688,469.8731994628906,1781586,TCS
2012-04-12,570.125,574.0,564.5499877929688,565.8250122070312,467.2101745605469,2114686,TCS
2012-04-13,545.6749877929688,552.3499755859375,530.625,534.1749877929688,441.07623291015625,8994680,TCS
2012-04-16,532.625,537.1500244140625,526.6500244140625,534.875,441.65435791015625,5016110,TCS
2012-04-17,542.5,547.4749755859375,536.9000244140625,545.4249877929688,450.365478515625,2473664,TCS
2012-04-18,550.0,557.3499755859375,546.9249877929688,548.7750244140625,453.13177490234375,2882264,TCS
2012-04-19,550.4500122070312,553.4000244140625,545.5499877929688,551.4749755859375,455.3611450195313,1767416,TCS
2012-04-20,546.625,553.9749755859375,538.7000122070312,544.2249755859375,449.3748168945313,2450024,TCS
2012-04-23,546.9749755859375,551.2000122070312,523.8250122070312,532.125,439.3836364746094,2843868,TCS
2012-04-24,561.0,602.5,558.6500244140625,597.0999755859375,493.0343322753906,18113782,TCS
2012-04-25,594.5,595.0,583.75,585.5250244140625,483.4767761230469,5417898,TCS
2012-04-26,585.0,600.9500122070312,582.25,597.3250122070312,493.2201232910156,5476292,TCS
2012-04-27,595.0,606.0,595.0,602.0,497.0803833007813,3711146,TCS
2012-04-30,602.0,625.0,602.0,623.2999877929688,514.6682739257812,4604822,TCS
2012-05-02,621.0499877929688,637.2000122070312,621.0499877929688,633.625,523.1936645507812,3981448,TCS
2012-05-03,631.3499755859375,642.0499877929688,629.2750244140625,639.75,528.2511596679688,3358922,TCS
2012-05-04,640.0,647.625,631.5250244140625,638.4000244140625,527.1365966796875,3571718,TCS
2012-05-07,630.0,639.25,624.2000122070312,636.625,525.6708984375,2627762,TCS
2012-05-08,612.5,617.3499755859375,597.8250122070312,600.3499755859375,495.7179870605469,9631578,TCS
2012-05-09,597.5,617.2999877929688,597.0499877929688,612.7750244140625,505.9777221679688,9271544,TCS
2012-05-10,612.7750244140625,620.9000244140625,612.5,616.2750244140625,508.8673400878906,2992620,TCS
2012-05-11,612.0,618.4500122070312,610.5999755859375,615.375,508.12451171875,2745190,TCS
2012-05-14,613.6500244140625,617.0,610.0,612.9749755859375,506.1426086425781,2573752,TCS
2012-05-15,612.0,616.5,609.9000244140625,613.1500244140625,506.28717041015625,1875510,TCS
2012-05-16,610.0,620.9500122070312,603.375,611.7000122070312,505.08990478515625,4567936,TCS
2012-05-17,611.0,617.5,599.5250244140625,611.0,504.51171875,4137524,TCS
2012-05-18,602.4000244140625,612.4500122070312,601.3250122070312,605.3250122070312,499.8260192871094,2656670,TCS
2012-05-21,605.5,612.5,602.0250244140625,604.5999755859375,499.2273254394531,2227088,TCS
2012-05-22,610.5,620.0,606.5,612.0250244140625,505.3583679199219,2360916,TCS
2012-05-23,616.5,617.7750244140625,607.0499877929688,612.5750122070312,505.812255859375,2162806,TCS
2012-05-24,612.5,614.4749755859375,603.5499877929688,610.7249755859375,504.2848510742188,1205674,TCS
2012-05-25,606.0499877929688,612.5,604.5499877929688,610.4000244140625,504.0164489746094,915046,TCS
2012-05-28,612.0,615.0,607.5250244140625,612.3499755859375,505.6265258789063,790194,TCS
2012-05-29,614.0,624.0,609.2000122070312,620.1749877929688,512.0877685546875,1575032,TCS
2012-05-30,615.625,628.5,615.625,620.2750244140625,512.1704711914062,1581514,TCS
2012-05-31,610.5,627.9500122070312,610.5,622.6749877929688,514.1522216796875,4411602,TCS
2012-06-01,620.0,622.5,609.25,612.2999877929688,505.5853576660156,1479528,TCS
2012-06-04,605.0,608.0,598.0999755859375,606.625,500.8994140625,1204430,TCS
2012-06-05,607.0,615.4500122070312,607.0,613.25,506.3695373535156,2063398,TCS
2012-06-06,615.0,631.875,614.5499877929688,625.5750122070312,516.546875,3291908,TCS
2012-06-07,623.5,624.9500122070312,615.7750244140625,620.0999755859375,515.3208618164062,2149728,TCS
2012-06-08,615.5999755859375,621.2999877929688,612.0750122070312,615.4500122070312,511.4567565917969,2400244,TCS
2012-06-11,616.5,623.0250244140625,613.5499877929688,616.7750244140625,512.5576782226562,1545048,TCS
2012-06-12,610.5499877929688,626.5,610.5499877929688,624.0499877929688,518.6033935546875,1092142,TCS
2012-06-13,624.5,630.0,621.2999877929688,625.2000122070312,519.5592041015625,1450858,TCS
2012-06-14,624.5,630.75,622.5,627.0,521.054931640625,1471124,TCS
2012-06-15,627.0250244140625,640.0,624.5,636.2249755859375,528.72119140625,1986040,TCS
2012-06-18,638.0,643.1749877929688,625.0,628.5750122070312,522.3638305664062,1495388,TCS
2012-06-19,628.4500122070312,639.625,627.5499877929688,636.9749755859375,529.3445434570312,1769058,TCS
2012-06-20,637.0,637.0,621.6500244140625,626.4000244140625,520.5562133789062,1753740,TCS
2012-06-21,622.5250244140625,626.0,604.5,612.0250244140625,508.6103515625,4155980,TCS
2012-06-22,607.125,619.9500122070312,607.125,616.7249755859375,512.5160522460938,1919560,TCS
2012-06-25,618.5,619.25,605.5,608.375,505.5770263671875,1588758,TCS
2012-06-26,608.75,618.5,608.5250244140625,617.5499877929688,513.2017822265625,1109714,TCS
2012-06-27,618.125,629.4000244140625,618.125,623.3499755859375,518.0216064453125,2305862,TCS
2012-06-28,623.4749755859375,631.9500122070312,618.125,629.4249877929688,523.0703125,1894228,TCS
2012-06-29,631.6749877929688,643.5,631.4500122070312,638.7249755859375,530.7988891601562,1990150,TCS
2012-07-02,639.5,639.5,628.2249755859375,629.7249755859375,523.319580078125,2111100,TCS
2012-07-03,632.5,634.9000244140625,615.1500244140625,619.7000122070312,514.9885864257812,2227292,TCS
2012-07-04,621.75,624.75,615.7750244140625,623.9249877929688,518.4994506835938,1301806,TCS
2012-07-05,623.9249877929688,623.9249877929688,617.5999755859375,620.2999877929688,515.4869995117188,1520876,TCS
2012-07-06,620.0,626.4000244140625,613.5,623.875,518.4581298828125,1929928,TCS
2012-07-09,622.5,632.2750244140625,621.6749877929688,629.7000122070312,523.2987670898438,1912768,TCS
2012-07-10,632.5,635.125,624.7750244140625,630.8499755859375,524.254638671875,2517598,TCS
2012-07-11,626.625,637.25,626.625,629.1500244140625,522.841796875,2034538,TCS
2012-07-12,612.5,625.0,609.6500244140625,618.0,513.575927734375,7859080,TCS
2012-07-13,636.9000244140625,642.0,621.5,624.7000122070312,519.1434936523438,7217154,TCS
2012-07-16,624.5,629.625,601.4500122070312,603.6749877929688,501.6711730957031,3620626,TCS
2012-07-17,609.0,612.0,587.5999755859375,592.9500122070312,492.7585754394531,6383816,TCS
2012-07-18,597.5,602.2000122070312,589.25,597.6500244140625,496.6640625,2975286,TCS
2012-07-19,601.5,605.0,597.625,600.5,499.0327453613281,1335352,TCS
2012-07-20,600.5,614.0,600.1500244140625,611.5250244140625,508.1946716308594,3378226,TCS
2012-07-23,604.0,613.5999755859375,600.5,607.125,505.7788696289063,2903198,TCS
2012-07-24,604.0499877929688,609.3250122070312,598.5499877929688,604.5750122070312,503.6544494628906,1648092,TCS
2012-07-25,602.0,608.5,598.4500122070312,606.5750122070312,505.3208923339844,1666030,TCS
2012-07-26,606.5,610.5,595.0999755859375,599.2249755859375,499.1976623535156,2945746,TCS
2012-07-27,607.5,615.0999755859375,601.625,612.6500244140625,510.3817138671875,1842976,TCS
2012-07-30,617.4500122070312,621.4249877929688,607.2750244140625,615.5,512.7559204101562,2625712,TCS
2012-07-31,617.5,624.625,613.125,621.8250122070312,518.025146484375,1979964,TCS
2012-08-01,619.0499877929688,622.4000244140625,611.0499877929688,612.3250122070312,510.1109924316406,1295750,TCS
2012-08-02,614.9749755859375,618.3499755859375,611.0,616.4000244140625,513.5056762695312,951058,TCS
2012-08-03,614.0,620.125,609.0499877929688,618.4500122070312,515.213623046875,977736,TCS
2012-08-06,622.5,624.0,612.5999755859375,614.4500122070312,511.8811950683594,1015540,TCS
2012-08-07,619.5,633.0999755859375,617.3250122070312,632.0250244140625,526.5226440429688,2099154,TCS
2012-08-08,632.5,633.3250122070312,623.2000122070312,624.5999755859375,520.3367919921875,1643000,TCS
2012-08-09,625.125,633.9249877929688,625.125,629.0750122070312,524.0647583007812,1129474,TCS
2012-08-10,628.0,642.5,627.875,640.0250244140625,533.1868286132812,3082356,TCS
2012-08-13,639.5499877929688,639.5499877929688,628.625,633.1500244140625,527.4595947265625,1428038,TCS
2012-08-14,630.0,636.625,629.625,634.2000122070312,528.3343505859375,1136930,TCS
2012-08-16,635.0750122070312,635.7750244140625,626.0499877929688,631.7750244140625,526.314208984375,1788292,TCS
2012-08-17,632.5250244140625,642.25,632.0,639.2999877929688,532.5830688476562,1287576,TCS
2012-08-21,639.9500122070312,652.5,638.5499877929688,649.3250122070312,540.9346313476562,2051576,TCS
2012-08-22,647.9500122070312,654.5,644.0499877929688,645.8250122070312,538.0187377929688,1134096,TCS
2012-08-23,645.875,663.0,645.875,661.7249755859375,551.2646484375,2337314,TCS
2012-08-24,660.0,664.2000122070312,656.5,661.4249877929688,551.0147094726562,1578938,TCS
2012-08-27,658.0999755859375,665.4500122070312,657.5,660.2249755859375,550.014892578125,967200,TCS
2012-08-28,663.4749755859375,677.3250122070312,657.5,675.4500122070312,562.6987915039062,2266204,TCS
2012-08-29,675.0,679.0,667.5,671.6500244140625,559.5330200195312,2139290,TCS
2012-08-30,669.9500122070312,694.4000244140625,661.7000122070312,683.5750122070312,569.4671630859375,3333432,TCS
2012-08-31,678.5,679.5,667.3250122070312,671.875,559.7203369140625,1773848,TCS
2012-09-03,675.0,677.4500122070312,666.5,668.9249877929688,557.2628173828125,1223826,TCS
2012-09-04,666.4500122070312,673.5,661.0250244140625,670.4249877929688,558.51220703125,1508018,TCS
2012-09-05,669.75,685.5,666.0,682.25,568.3634643554688,2028960,TCS
2012-09-06,682.0499877929688,689.9500122070312,676.8250122070312,687.7999877929688,572.987060546875,2291684,TCS
2012-09-07,695.0,698.4000244140625,689.4500122070312,693.3499755859375,577.6104736328125,2636656,TCS
2012-09-10,691.5999755859375,691.9500122070312,682.9749755859375,685.7249755859375,571.25830078125,1476024,TCS
2012-09-11,684.5,697.7999877929688,682.0250244140625,696.3250122070312,580.089111328125,1274180,TCS
2012-09-12,698.4749755859375,710.5,694.9500122070312,707.4500122070312,589.3568725585938,2114466,TCS
2012-09-13,706.5,711.9749755859375,704.7750244140625,708.8499755859375,590.5232543945312,1881210,TCS
2012-09-14,714.0,719.9000244140625,701.0750122070312,706.5499877929688,588.6070556640625,2814840,TCS
2012-09-17,709.125,710.7750244140625,667.75,671.0499877929688,559.0330810546875,5094390,TCS
2012-09-18,672.5,672.5,646.2750244140625,649.9000244140625,541.41357421875,7220206,TCS
2012-09-20,647.5,668.4500122070312,645.7999877929688,661.0,550.66064453125,4042506,TCS
2012-09-21,662.4500122070312,666.1500244140625,649.1500244140625,652.0250244140625,543.1840209960938,4247758,TCS
2012-09-24,655.0,656.5,638.5,644.7249755859375,537.1024780273438,4937020,TCS
2012-09-25,645.0499877929688,654.875,641.1500244140625,646.5999755859375,538.6643676757812,3823694,TCS
2012-09-26,647.5999755859375,652.5,641.0,642.7999877929688,535.4987182617188,3292812,TCS
2012-09-27,640.0499877929688,649.75,630.5499877929688,635.7750244140625,529.6463623046875,5605398,TCS
2012-09-28,639.4000244140625,652.5,638.25,647.9500122070312,539.7890625,2912996,TCS
2012-10-01,647.5,654.9000244140625,646.5250244140625,651.4749755859375,542.7257080078125,1795618,TCS
2012-10-03,650.5,662.5,650.5,661.3250122070312,550.9315185546875,2318230,TCS
2012-10-04,660.0,660.8250122070312,654.3250122070312,658.5750122070312,548.6406860351562,1319284,TCS
2012-10-05,655.125,659.6749877929688,527.5,652.0,543.1631469726562,3836110,TCS
2012-10-08,655.0,657.625,642.7249755859375,646.3499755859375,538.4560546875,1685408,TCS
2012-10-09,648.9500122070312,649.4000244140625,642.5,647.4249877929688,539.351806640625,1291154,TCS
2012-10-10,643.0,650.875,642.5,644.6749877929688,537.0606689453125,1163978,TCS
2012-10-11,645.125,650.7750244140625,643.0250244140625,644.7249755859375,537.1024780273438,1635526,TCS
2012-10-12,639.4000244140625,656.8250122070312,636.5999755859375,649.2249755859375,540.8511962890625,2469542,TCS
2012-10-15,647.0,651.2000122070312,643.75,647.3250122070312,539.2685546875,814528,TCS
2012-10-16,648.5,655.0999755859375,643.9000244140625,647.9500122070312,539.7890625,1282744,TCS
2012-10-17,650.6500244140625,652.4500122070312,636.0,641.5750122070312,534.4783325195312,1597480,TCS
2012-10-18,643.125,655.5,640.0999755859375,653.6749877929688,544.558349609375,1447128,TCS
2012-10-19,654.5,655.7000122070312,641.0,644.8499755859375,537.20654296875,2825616,TCS
2012-10-22,662.5499877929688,667.4500122070312,651.5,659.4500122070312,549.3694458007812,5397342,TCS
2012-10-23,662.0,662.0,655.9500122070312,657.2999877929688,547.5782470703125,1136696,TCS
2012-10-25,657.5,661.9500122070312,652.125,657.6749877929688,547.8907470703125,2254470,TCS
2012-10-29,655.5,659.9000244140625,650.4000244140625,654.2000122070312,544.9957885742188,815628,TCS
2012-10-30,652.2000122070312,661.0,652.2000122070312,655.75,546.2871704101562,805268,TCS
2012-10-31,654.5499877929688,658.4000244140625,652.0,657.75,549.20947265625,999536,TCS
2012-11-01,657.4500122070312,660.1749877929688,655.0999755859375,657.625,549.1051635742188,1579768,TCS
2012-11-02,662.4500122070312,669.0,659.2000122070312,665.5999755859375,555.76416015625,1673974,TCS
2012-11-05,667.9500122070312,671.6749877929688,662.6500244140625,664.7999877929688,555.09619140625,1223826,TCS
2012-11-06,662.5,668.7000122070312,659.7249755859375,660.2750244140625,551.3179321289062,1297466,TCS
2012-11-07,662.5,666.6749877929688,660.75,665.75,555.8894653320312,1058390,TCS
2012-11-08,662.0,667.3499755859375,658.2999877929688,665.5999755859375,555.76416015625,1239044,TCS
2012-11-09,665.0,666.625,660.4500122070312,662.4749755859375,553.1549072265625,711382,TCS
2012-11-12,660.0,674.0,660.0,667.25,557.14208984375,1466782,TCS
2012-11-15,660.0499877929688,661.0,645.5,647.0750122070312,540.2959594726562,1735402,TCS
2012-11-16,649.9000244140625,653.4000244140625,640.0499877929688,643.4000244140625,537.2275390625,1598890,TCS
2012-11-19,645.0499877929688,647.5,629.25,631.1749877929688,527.02001953125,1676286,TCS
2012-11-20,637.5,641.4500122070312,628.0250244140625,636.4000244140625,531.3826293945312,1256040,TCS
2012-11-21,638.125,647.3499755859375,638.125,641.0999755859375,535.3070068359375,941744,TCS
2012-11-22,641.0499877929688,642.0499877929688,635.5,638.2249755859375,532.9063110351562,611624,TCS
2012-11-23,641.0,645.7000122070312,635.625,644.2999877929688,537.9790649414062,749676,TCS
2012-11-26,644.0,647.8499755859375,642.5,646.8499755859375,540.1082153320312,456334,TCS
2012-11-27,649.9500122070312,649.9500122070312,644.1500244140625,647.5999755859375,540.734130859375,1338160,TCS
2012-11-29,655.0,656.0,646.1749877929688,649.0499877929688,541.945068359375,3470578,TCS
2012-11-30,647.5,662.5,645.5499877929688,657.0,548.5833740234375,3579294,TCS
2012-12-03,657.5,661.0,652.5999755859375,658.4000244140625,549.7521362304688,1319512,TCS
2012-12-04,657.5499877929688,660.9000244140625,646.4500122070312,649.7249755859375,542.5087890625,1595120,TCS
2012-12-05,650.0,653.7750244140625,644.2999877929688,648.9500122070312,541.8617553710938,1790058,TCS
2012-12-06,647.5,647.5,634.5,640.3499755859375,534.6807250976562,2370092,TCS
2012-12-07,638.3250122070312,640.3499755859375,628.5250244140625,632.0750122070312,527.7711791992188,1957214,TCS
2012-12-10,631.0499877929688,633.4000244140625,615.5999755859375,618.5999755859375,516.5198974609375,3029430,TCS
2012-12-11,617.5,621.5,605.1749877929688,609.8499755859375,509.2137451171875,4926914,TCS
2012-12-12,612.4500122070312,620.5,610.5499877929688,612.9000244140625,511.76080322265625,2487948,TCS
2012-12-13,615.0499877929688,617.2999877929688,608.5499877929688,611.2750244140625,510.4036560058594,2297162,TCS
2012-12-14,608.5,622.5,608.0750122070312,621.4500122070312,518.8997802734375,2196814,TCS
2012-12-17,619.5750122070312,624.4500122070312,601.0499877929688,602.75,503.2855224609375,4482898,TCS
2012-12-18,607.3499755859375,612.5,598.5,605.3250122070312,505.4355773925781,4688482,TCS
2012-12-19,608.0499877929688,618.2750244140625,608.0499877929688,616.3250122070312,514.6204223632812,6642060,TCS
2012-12-20,613.5750122070312,627.5,613.5750122070312,626.0250244140625,522.7197875976562,2314030,TCS
2012-12-21,625.0,632.2000122070312,618.8499755859375,629.3499755859375,525.49609375,2457968,TCS
2012-12-24,631.0,635.5499877929688,630.0499877929688,633.0999755859375,528.6270141601562,1254818,TCS
2012-12-26,633.5,634.5750122070312,627.6500244140625,631.0999755859375,526.9571533203125,1435258,TCS
2012-12-27,632.4500122070312,632.4500122070312,623.8250122070312,625.4749755859375,522.260498046875,1994158,TCS
2012-12-28,627.0,636.0,625.375,633.75,529.1699829101562,1501622,TCS
2012-12-31,630.5,632.7999877929688,626.0,627.9249877929688,524.30615234375,704170,TCS
2013-01-01,633.4749755859375,633.9500122070312,630.0,632.0750122070312,527.7711791992188,509580,TCS
2013-01-02,633.5,636.2000122070312,627.7750244140625,631.6500244140625,527.4165649414062,1880246,TCS
2013-01-03,632.5,642.0,629.9749755859375,640.2999877929688,534.63916015625,2635130,TCS
2013-01-04,642.5,650.5,640.4500122070312,649.5999755859375,542.4041748046875,5228760,TCS
2013-01-07,650.0,652.0,645.125,647.4249877929688,540.5883178710938,1820752,TCS
2013-01-08,647.5,652.1500244140625,647.1500244140625,650.125,542.8427124023438,2341870,TCS
2013-01-09,650.5,653.7000122070312,636.5750122070312,638.2999877929688,532.9691772460938,3135898,TCS
2013-01-10,639.9500122070312,641.0499877929688,627.6500244140625,629.2000122070312,525.3707275390625,4522838,TCS
2013-01-11,645.0,661.25,645.0,653.1749877929688,545.3892822265625,7805006,TCS
2013-01-14,659.5,674.2249755859375,653.6749877929688,667.25,557.14208984375,5790224,TCS
2013-01-15,695.0,700.0,663.5,668.7249755859375,558.3734130859375,8262978,TCS
2013-01-16,668.4500122070312,677.5,654.5,673.875,562.673583984375,4109492,TCS
2013-01-17,674.8499755859375,685.9000244140625,671.5,681.0,568.6229858398438,3028544,TCS
2013-01-18,681.25,683.0250244140625,669.0250244140625,675.5,564.03076171875,1440470,TCS
2013-01-21,676.25,677.4500122070312,663.5499877929688,665.0,555.26318359375,1260038,TCS
2013-01-22,663.0,665.8499755859375,654.0499877929688,658.75,550.0445556640625,1386630,TCS
2013-01-23,657.875,661.875,649.2000122070312,655.9749755859375,548.9775390625,1877654,TCS
2013-01-24,652.5,668.4500122070312,652.5,664.2750244140625,555.9236450195312,3498470,TCS
2013-01-25,661.875,672.5,661.875,670.25,560.9241943359375,1521100,TCS
2013-01-28,670.1500244140625,674.9749755859375,668.9749755859375,672.5250244140625,562.8279418945312,2428154,TCS
2013-01-29,670.5999755859375,678.2750244140625,670.1500244140625,672.4749755859375,562.7860717773438,1731804,TCS
2013-01-30,670.5,674.9249877929688,667.9000244140625,673.0750122070312,563.2881469726562,2279144,TCS
2013-01-31,674.4249877929688,676.2249755859375,663.2000122070312,672.0750122070312,562.451416015625,4313168,TCS
2013-02-01,672.0,676.0,671.0750122070312,674.0499877929688,564.1041259765625,1484540,TCS
2013-02-04,674.5,683.9000244140625,672.5750122070312,678.1749877929688,567.5562744140625,2487304,TCS
2013-02-05,672.5499877929688,682.5,672.5499877929688,680.0250244140625,569.1046142578125,2161994,TCS
2013-02-06,681.25,687.9500122070312,681.0,685.2750244140625,573.4982299804688,3573706,TCS
2013-02-07,680.5,695.0,680.5,693.5750122070312,580.4442749023438,2612782,TCS
2013-02-08,693.0,718.5,692.5499877929688,711.2999877929688,595.2782592773438,6973618,TCS
2013-02-11,712.0,714.4500122070312,706.125,707.3499755859375,591.9725341796875,2312126,TCS
2013-02-12,704.5250244140625,707.5,700.9249877929688,705.0250244140625,590.0267944335938,2225502,TCS
2013-02-13,704.9000244140625,720.8250122070312,702.5499877929688,717.7000122070312,600.6343994140625,3822666,TCS
2013-02-14,715.0499877929688,727.9000244140625,714.5,723.8499755859375,605.7810668945312,2946958,TCS
2013-02-15,722.0,725.9000244140625,715.3250122070312,721.0750122070312,603.458740234375,1820790,TCS
2013-02-18,720.0499877929688,720.9500122070312,710.0,712.6749877929688,596.4290161132812,952086,TCS
2013-02-19,710.7999877929688,724.4500122070312,706.3499755859375,721.7750244140625,604.0447998046875,744294,TCS
2013-02-20,720.75,728.5,720.75,726.4000244140625,607.915283203125,2261518,TCS
2013-02-21,720.3499755859375,728.4249877929688,720.3499755859375,725.5250244140625,607.1829223632812,3849146,TCS
2013-02-22,725.0,732.0250244140625,721.1500244140625,727.5499877929688,608.8776245117188,1310694,TCS
2013-02-25,726.5,737.5,725.75,736.8499755859375,616.6609497070312,1730030,TCS
2013-02-26,733.5,749.9749755859375,733.0,748.2000122070312,626.1594848632812,2853670,TCS
2013-02-27,747.625,751.5250244140625,738.6500244140625,741.5999755859375,620.6358032226562,2556682,TCS
2013-02-28,743.125,762.5,742.625,758.5,634.7793579101562,4599424,TCS
2013-03-01,757.5499877929688,758.0,749.0,750.9249877929688,628.4398193359375,2537326,TCS
2013-03-04,745.5,759.9500122070312,745.5,756.5999755859375,633.1891479492188,3136076,TCS
2013-03-05,758.5,771.5,754.2999877929688,770.0750122070312,644.4661865234375,3440054,TCS
2013-03-06,768.0750122070312,782.75,768.0750122070312,780.5999755859375,653.274658203125,2299510,TCS
2013-03-07,780.5,798.7999877929688,779.6749877929688,794.9500122070312,665.283935546875,3908702,TCS
2013-03-08,795.0,797.8250122070312,787.4500122070312,791.5750122070312,662.4595336914062,4341502,TCS
2013-03-11,787.5,794.7750244140625,778.3250122070312,783.0999755859375,655.36669921875,2221330,TCS
2013-03-12,779.0,783.9749755859375,774.0,780.25,652.981689453125,1809452,TCS
2013-03-13,778.0250244140625,779.3499755859375,774.0,775.8499755859375,649.2993774414062,1794496,TCS
2013-03-14,778.5,788.5,771.9000244140625,783.8499755859375,655.9944458007812,3051218,TCS
2013-03-15,786.0,790.2000122070312,780.2999877929688,785.125,657.0617065429688,4212398,TCS
2013-03-18,779.9249877929688,786.8250122070312,777.2000122070312,783.4749755859375,655.6806640625,1694988,TCS
2013-03-19,782.25,782.25,770.2249755859375,773.375,647.2283325195312,3739910,TCS
2013-03-20,770.0,786.3250122070312,769.9749755859375,778.8250122070312,651.7890625,4168136,TCS
2013-03-21,781.5,787.2000122070312,776.8499755859375,779.9749755859375,652.7515258789062,1664604,TCS
2013-03-22,780.7000122070312,781.0499877929688,766.0,771.0750122070312,645.3031005859375,2714456,TCS
2013-03-25,774.25,776.0,764.2000122070312,771.6749877929688,645.8053588867188,1857316,TCS
2013-03-26,770.0499877929688,785.0,768.0750122070312,778.1749877929688,651.2450561523438,1781536,TCS
2013-03-28,778.0,791.7000122070312,770.8250122070312,787.875,659.3629150390625,3065662,TCS
2013-04-01,782.5,786.8499755859375,775.625,778.4249877929688,651.4545288085938,968812,TCS
2013-04-02,778.0,785.5999755859375,770.625,783.6749877929688,655.84814453125,1130332,TCS
2013-04-03,785.0,787.5,765.5,771.7000122070312,645.8262939453125,959932,TCS
2013-04-04,770.0499877929688,770.0499877929688,750.5,753.9000244140625,630.9298095703125,1126338,TCS
2013-04-05,752.5,754.6749877929688,742.0499877929688,749.1749877929688,626.9752807617188,1865248,TCS
2013-04-08,749.4500122070312,749.4500122070312,737.5,740.375,619.6107177734375,896416,TCS
2013-04-09,740.0,756.5,738.7999877929688,748.7000122070312,626.577880859375,1672354,TCS
2013-04-10,754.9500122070312,769.4500122070312,750.5,765.2249755859375,640.4072875976562,2046284,TCS
2013-04-11,770.0,775.0499877929688,760.3499755859375,768.4500122070312,643.1065673828125,2244658,TCS
2013-04-12,740.9500122070312,762.25,739.1749877929688,755.875,632.5826416015625,5032060,TCS
2013-04-15,756.75,757.0,724.1749877929688,736.2249755859375,616.1375732421875,5391496,TCS
2013-04-16,735.0,746.7249755859375,728.9749755859375,741.5750122070312,620.6149291992188,3071582,TCS
2013-04-17,747.5,749.5,715.5,728.3250122070312,609.5262451171875,5279004,TCS
2013-04-18,743.9749755859375,747.4500122070312,713.7249755859375,726.375,607.8942260742188,8554458,TCS
2013-04-22,723.0,729.9000244140625,712.5,712.6500244140625,596.4080810546875,2962484,TCS
2013-04-23,712.2249755859375,724.0,712.0,715.2750244140625,598.6049194335938,3384170,TCS
2013-04-25,715.2750244140625,715.2750244140625,699.3250122070312,701.1500244140625,586.7838745117188,7929194,TCS
2013-04-26,696.5,696.7249755859375,682.5499877929688,684.6749877929688,572.9962158203125,4754076,TCS
2013-04-29,682.5,692.3499755859375,682.5,685.375,573.5819702148438,3968916,TCS
2013-04-30,684.0,691.0,682.5,689.2000122070312,576.7828979492188,4020570,TCS
2013-05-02,686.75,719.4000244140625,686.75,716.9500122070312,600.0065307617188,5630326,TCS
2013-05-03,713.0,723.625,703.9500122070312,709.25,593.5626831054688,3641790,TCS
2013-05-06,710.0,736.2000122070312,710.0,733.5999755859375,613.94091796875,3727118,TCS
2013-05-07,733.5499877929688,739.4249877929688,728.7000122070312,735.7999877929688,615.7820434570312,2260180,TCS
2013-05-08,736.0,743.9000244140625,735.0,740.0499877929688,619.3388671875,1768130,TCS
2013-05-09,741.5999755859375,751.7249755859375,741.5,749.2249755859375,627.0172729492188,1949700,TCS
2013-05-10,749.2249755859375,755.4500122070312,745.5499877929688,747.9500122070312,625.9501342773438,1139714,TCS
2013-05-13,740.0,740.5,722.8499755859375,725.7999877929688,607.4130859375,1862498,TCS
2013-05-14,727.5499877929688,735.2750244140625,721.875,728.9749755859375,610.0702514648438,2250100,TCS
2013-05-15,729.0499877929688,738.5999755859375,725.0,735.7750244140625,615.7611694335938,3565926,TCS
2013-05-16,734.5,734.5,723.7249755859375,727.0250244140625,608.4382934570312,2415652,TCS
2013-05-17,727.5,739.25,727.0499877929688,736.9000244140625,616.7026977539062,2900200,TCS
2013-05-20,735.625,739.0,730.5,736.2000122070312,616.1166381835938,1385504,TCS
2013-05-21,732.5,751.0,732.5,746.4249877929688,624.6740112304688,1898432,TCS
2013-05-22,749.0,754.5750122070312,746.1500244140625,749.2000122070312,626.996337890625,1846944,TCS
2013-05-23,747.5,763.375,739.1749877929688,746.3499755859375,624.6113891601562,3063962,TCS
2013-05-24,750.0,751.4749755859375,731.7999877929688,734.7750244140625,614.9242553710938,1586612,TCS
2013-05-27,734.75,750.0,730.0,749.0,626.828857421875,2023864,TCS
2013-05-28,749.0,758.25,745.1500244140625,757.0499877929688,633.5659790039062,1400254,TCS
2013-05-29,758.0,763.75,742.5499877929688,748.6749877929688,626.556884765625,1452038,TCS
2013-05-30,750.0,756.0,743.5,749.7000122070312,627.4146118164062,2408346,TCS
2013-05-31,745.5,754.625,738.375,749.2249755859375,627.0172729492188,1929868,TCS
2013-06-03,752.0,753.5,728.5499877929688,734.7000122070312,614.861572265625,3097612,TCS
2013-06-04,730.0,736.9500122070312,725.0750122070312,732.6749877929688,613.1668701171875,1305320,TCS
2013-06-05,730.5499877929688,736.3250122070312,726.3499755859375,733.9000244140625,614.1919555664062,1728676,TCS
2013-06-06,726.8499755859375,739.25,726.0250244140625,735.375,620.9259033203125,2540452,TCS
2013-06-07,735.0499877929688,769.5,734.0,759.4749755859375,641.2749633789062,3550844,TCS
2013-06-10,762.5250244140625,772.3499755859375,759.5499877929688,762.5250244140625,643.85009765625,3360430,TCS
2013-06-11,765.0999755859375,771.0,746.0,750.7750244140625,633.928955078125,2205468,TCS
2013-06-12,747.0499877929688,747.5499877929688,731.0250244140625,734.0499877929688,619.8070068359375,4805954,TCS
2013-06-13,730.0,732.0,717.5499877929688,722.8250122070312,610.3291015625,3151342,TCS
2013-06-14,724.0,728.625,715.5,725.3499755859375,612.4611206054688,3105996,TCS
2013-06-17,726.5,732.5,714.0,726.2249755859375,613.19970703125,2584162,TCS
2013-06-18,727.5,730.0,720.0750122070312,721.9000244140625,609.5478515625,2291528,TCS
2013-06-19,727.4500122070312,727.4500122070312,711.7750244140625,713.8499755859375,602.7506103515625,2139788,TCS
2013-06-20,710.5,716.5750122070312,699.5499877929688,702.25,592.9559936523438,4172878,TCS
2013-06-21,704.4000244140625,715.9249877929688,704.0,711.125,600.4497680664062,2848224,TCS
2013-06-24,707.5,717.0499877929688,700.0499877929688,705.3499755859375,595.5736694335938,1889164,TCS
2013-06-25,706.75,713.5499877929688,690.3499755859375,696.1500244140625,587.8055419921875,1860548,TCS
2013-06-26,698.4500122070312,723.875,690.5250244140625,718.8499755859375,606.9724731445312,2326488,TCS
2013-06-27,723.9000244140625,748.5,721.0,745.9500122070312,629.8548583984375,3820678,TCS
2013-06-28,747.5,762.1500244140625,729.0999755859375,759.0750122070312,640.9371948242188,4817096,TCS
2013-07-01,756.0,758.3499755859375,741.7000122070312,746.1749877929688,630.044921875,1354652,TCS
2013-07-02,746.5499877929688,754.25,743.3250122070312,750.2750244140625,633.5066528320312,1657242,TCS
2013-07-03,748.8499755859375,759.5,732.5,744.9000244140625,628.9683837890625,1530906,TCS
2013-07-04,745.4249877929688,770.5,745.0,769.1500244140625,649.4439697265625,1917060,TCS
2013-07-05,771.0,779.0,761.0,765.0999755859375,646.0244140625,1293012,TCS
2013-07-08,764.0,767.5,750.0,753.3250122070312,636.0822143554688,1658796,TCS
2013-07-09,747.6500244140625,760.875,747.6500244140625,752.4500122070312,635.34326171875,1097326,TCS
2013-07-10,755.0,763.4000244140625,749.0,755.9749755859375,638.319580078125,1322624,TCS
2013-07-11,760.0,785.0,760.0,782.2750244140625,660.5265502929688,2335274,TCS
2013-07-12,797.5,812.4000244140625,789.6500244140625,804.9249877929688,679.6513061523438,3251536,TCS
2013-07-15,800.5499877929688,823.6500244140625,799.6500244140625,820.875,693.1190185546875,2060570,TCS
2013-07-16,812.5,833.1749877929688,808.7999877929688,824.6749877929688,696.32763671875,2224986,TCS
2013-07-17,822.5250244140625,842.4749755859375,822.5250244140625,839.25,708.6343383789062,2999250,TCS
2013-07-18,840.0,846.1500244140625,822.0,830.2000122070312,700.99267578125,3445532,TCS
2013-07-19,859.5,879.5,850.0,871.4000244140625,735.780517578125,8550804,TCS
2013-07-22,870.5,879.4000244140625,864.1500244140625,873.25,737.342529296875,2974772,TCS
2013-07-23,874.0,890.2249755859375,871.7999877929688,874.9000244140625,738.7359008789062,1646502,TCS
2013-07-24,874.25,896.0,872.5,891.4000244140625,752.6680908203125,2181644,TCS
2013-07-25,890.0,905.0,883.3499755859375,897.875,758.1353149414062,4088808,TCS
2013-07-26,897.5,899.4749755859375,875.0499877929688,887.25,749.1638793945312,2379064,TCS
2013-07-29,879.0,897.2999877929688,878.625,889.5999755859375,752.8450317382812,1774262,TCS
2013-07-30,890.0,902.4749755859376,887.7249755859375,896.1500244140625,758.38818359375,2617484,TCS
2013-07-31,895.0,915.75,894.7249755859375,907.75,768.2051391601562,2826750,TCS
2013-08-01,905.0250244140624,917.4000244140624,895.0,907.7000122070312,768.1626586914062,2141178,TCS
2013-08-02,909.8499755859376,924.9500122070312,908.3499755859376,922.9249877929688,781.0471801757812,1846854,TCS
2013-08-05,920.0,938.7000122070312,920.0,933.5999755859376,790.081298828125,2355184,TCS
2013-08-06,936.5,940.9749755859376,932.3250122070312,935.0499877929688,791.30810546875,2305290,TCS
2013-08-07,937.0,945.4500122070312,906.7249755859376,911.3499755859376,771.2516479492188,2694980,TCS
2013-08-08,902.5499877929688,928.0750122070312,891.8499755859375,922.7000122070312,780.8567504882812,2158628,TCS
2013-08-12,920.5,920.5,904.0750122070312,907.0,767.5704956054688,2077574,TCS
2013-08-13,910.0999755859376,922.4249877929688,904.9749755859376,909.9000244140624,770.0245971679688,2168296,TCS
2013-08-14,912.25,929.0,901.0,916.75,775.8214111328125,3302068,TCS
2013-08-16,912.0999755859376,915.0,877.7750244140625,890.4500122070312,753.5643920898438,2779930,TCS
2013-08-19,899.0,903.5,877.7750244140625,888.7249755859375,752.1046142578125,2121352,TCS
2013-08-20,894.9000244140625,894.9000244140625,865.0,868.2000122070312,734.7350463867188,2724844,TCS
2013-08-21,870.0499877929688,871.8499755859375,850.5750122070312,858.9000244140625,726.8646240234375,3623994,TCS
2013-08-22,852.5,898.5750122070312,847.5999755859375,889.4749755859375,752.7392578125,4260988,TCS
2013-08-23,897.0,919.0,892.1500244140625,914.7249755859376,774.1078491210938,4032884,TCS
2013-08-26,911.5499877929688,939.2999877929688,907.0,921.0,779.4180908203125,2663238,TCS
2013-08-27,919.5,939.4249877929688,915.0,919.4000244140624,778.0639038085938,1945284,TCS
2013-08-28,914.0,973.0499877929688,914.0,953.9500122070312,807.3029174804688,4444684,TCS
2013-08-29,950.5,985.0,939.1500244140624,973.5499877929688,823.8898315429688,5905182,TCS
2013-08-30,969.5,1025.0,965.0,1016.5999755859376,860.3218994140625,5282942,TCS
2013-09-02,1010.0,1034.5,1008.75,1028.425048828125,870.3291015625,2154034,TCS
2013-09-03,1025.050048828125,1033.5,993.0750122070312,1000.5499877929688,846.7390747070312,2355064,TCS
2013-09-04,1000.0,1039.4000244140625,996.9749755859376,1034.550048828125,875.5125122070312,2626516,TCS
2013-09-05,1034.5,1034.5,990.5250244140624,995.375,842.3598022460938,3927492,TCS
2013-09-06,1004.5,1012.5,987.5,994.4000244140624,841.5345458984375,2759596,TCS
2013-09-10,993.0,1008.3499755859376,990.5,993.9500122070312,841.1538696289062,4300972,TCS
2013-09-11,1004.0,1009.0,991.75,996.9000244140624,843.6505126953125,3008494,TCS
2013-09-12,997.5,999.2750244140624,972.9000244140624,983.9500122070312,832.691162109375,1905568,TCS
2013-09-13,982.5,995.0,973.2750244140624,976.875,826.70361328125,2096320,TCS
2013-09-16,975.0,992.5,947.0250244140624,951.2750244140624,805.0391845703125,2460506,TCS
2013-09-17,950.0,976.2750244140624,948.5499877929688,973.7249755859376,824.0379638671875,3327816,TCS
2013-09-18,971.0250244140624,982.4000244140624,968.9500122070312,977.25,827.0209350585938,2109818,TCS
2013-09-19,974.0,995.0,963.25,983.1500244140624,832.0140991210938,3907240,TCS
2013-09-20,975.0,994.9500122070312,970.5,975.1500244140624,825.2440185546875,3591858,TCS
2013-09-23,975.0,988.5999755859376,970.0,977.5499877929688,827.27490234375,2988758,TCS
2013-09-24,977.5,988.9500122070312,963.0,969.75,820.6738891601562,4940300,TCS
2013-09-25,970.75,985.4749755859376,960.0999755859376,979.5250244140624,828.9462890625,4333858,TCS
2013-09-26,977.4000244140624,987.0499877929688,967.5499877929688,971.4500122070312,822.112548828125,4919704,TCS
2013-09-27,971.5499877929688,980.9749755859376,968.7249755859376,974.0499877929688,824.3129272460938,1784666,TCS
2013-09-30,977.0,980.9249877929688,960.0,963.9000244140624,815.7232055664062,1987350,TCS
2013-10-01,966.0,977.4249877929688,958.3499755859376,974.5250244140624,824.7150268554688,1591994,TCS
2013-10-03,985.9000244140624,1018.4500122070312,980.2000122070312,1012.2999877929688,856.6827392578125,4672354,TCS
2013-10-04,1016.0,1034.5,1013.4749755859376,1016.7999877929688,860.4908447265625,1934032,TCS
2013-10-07,1017.5,1048.8499755859375,1012.6500244140624,1044.875,884.2503051757812,1993878,TCS
2013-10-08,1041.5,1049.0,1028.2750244140625,1030.7249755859375,872.2755737304688,1828106,TCS
2013-10-09,1027.75,1048.824951171875,1022.5499877929688,1045.425048828125,884.715576171875,1775858,TCS
2013-10-10,1044.0,1049.0,1033.625,1040.0,880.124755859375,1164320,TCS
2013-10-11,1051.5,1069.0,1041.199951171875,1061.0250244140625,897.9175415039062,2284448,TCS
2013-10-14,1063.75,1112.5,1062.5,1106.375,936.2959594726562,4374460,TCS
2013-10-15,1117.5,1129.425048828125,1100.5,1107.699951171875,937.4171752929688,4665092,TCS
2013-10-17,1115.0,1115.0,1047.8499755859375,1054.2249755859375,892.1630249023438,6687214,TCS
2013-10-18,1052.4000244140625,1066.9000244140625,1030.7750244140625,1060.324951171875,897.324951171875,5346166,TCS
2013-10-21,1062.5,1063.9749755859375,1025.0,1035.824951171875,876.5914306640625,3685372,TCS
2013-10-22,1044.0,1053.824951171875,1038.425048828125,1044.675048828125,884.0809936523438,2044614,TCS
2013-10-23,1044.25,1051.5,1023.0750122070312,1030.574951171875,872.1485595703125,2455496,TCS
2013-10-24,1021.0,1041.175048828125,1000.9249877929688,1004.3499755859376,849.955078125,3617758,TCS
2013-10-25,997.5,1036.0,997.5,1033.875,876.687255859375,2527402,TCS
2013-10-28,1034.0,1044.9000244140625,1026.2750244140625,1031.9749755859375,875.0758666992188,1803942,TCS
2013-10-29,1032.5,1042.9000244140625,1023.9500122070312,1034.9000244140625,877.5562133789062,1829076,TCS
2013-10-30,1035.125,1050.0,1035.125,1045.9749755859375,886.947265625,2114874,TCS
2013-10-31,1044.5,1064.5,1039.699951171875,1056.0250244140625,895.469482421875,3523076,TCS
2013-11-01,1055.0,1070.9749755859375,1045.550048828125,1048.800048828125,889.3429565429688,1346480,TCS
2013-11-05,1050.0,1052.5,1015.8499755859376,1021.0,865.76953125,2261286,TCS
2013-11-06,1031.5,1051.7750244140625,1029.5250244140625,1045.550048828125,886.5867919921875,1667750,TCS
2013-11-07,1050.0,1074.074951171875,1040.1500244140625,1060.9749755859375,899.6669311523438,1956948,TCS
2013-11-08,1065.0,1065.875,1035.5999755859375,1045.425048828125,886.48095703125,1609346,TCS
2013-11-11,1045.0,1070.0,1025.0,1047.324951171875,888.0919799804688,1961138,TCS
2013-11-12,1048.425048828125,1060.8499755859375,1039.5,1043.574951171875,884.9121704101562,1000682,TCS
2013-11-13,1049.4749755859375,1053.0999755859375,1021.8250122070312,1024.5,868.7374877929688,1208338,TCS
2013-11-14,1036.0,1036.0,1010.9249877929688,1013.0999755859376,859.070556640625,2129704,TCS
2013-11-18,1023.0,1029.949951171875,1016.125,1022.0,866.6175537109375,2831602,TCS
2013-11-19,1024.9749755859375,1027.5,1010.5999755859376,1014.9500122070312,860.6392822265625,2077864,TCS
2013-11-20,1023.4249877929688,1024.949951171875,1008.5,1011.7999877929688,857.9683227539062,1658696,TCS
2013-11-21,1011.5999755859376,1017.3499755859376,990.0,993.2999877929688,842.2810668945312,2302882,TCS
2013-11-22,995.5,1005.5,992.5499877929688,1000.4249877929688,848.3225708007812,1494494,TCS
2013-11-25,1004.0,1013.4249877929688,996.5499877929688,1006.625,853.580078125,1950998,TCS
2013-11-26,1001.5499877929688,1008.2249755859376,993.5,996.8499755859376,845.2911376953125,2047412,TCS
2013-11-27,1004.5,1006.8499755859376,987.5,993.2249755859376,842.2172241210938,2120978,TCS
2013-11-28,996.5499877929688,998.2750244140624,985.0,992.2999877929688,841.4329833984375,2805722,TCS
2013-11-29,996.0,1007.3499755859376,990.9000244140624,1002.1749877929688,849.8067016601562,1924812,TCS
2013-12-02,997.5,1010.5,997.5,1006.9500122070312,853.8557739257812,1253260,TCS
2013-12-03,1008.0250244140624,1021.0,1007.5250244140624,1010.4000244140624,856.781005859375,1449184,TCS
2013-12-04,1009.9500122070312,1015.7999877929688,996.8250122070312,1000.0250244140624,847.9834594726562,1519036,TCS
2013-12-05,1008.0,1016.7750244140624,991.5250244140624,993.5750122070312,842.5140991210938,1397190,TCS
2013-12-06,995.5,1005.0,995.5,1000.1500244140624,848.0894775390625,1446962,TCS
2013-12-09,1014.5,1014.9749755859376,1000.0,1002.4249877929688,850.0186767578125,1826340,TCS
2013-12-10,1000.0,1044.5,1000.0,1041.375,883.046630859375,3653334,TCS
2013-12-11,1039.5,1043.425048828125,1021.5,1029.0250244140625,872.5743408203125,1556062,TCS
2013-12-12,1022.5,1032.0,1012.5499877929688,1014.4500122070312,860.215087890625,1655964,TCS
2013-12-13,1018.9749755859376,1022.5,997.5,1000.9000244140624,848.7254638671875,3463350,TCS
2013-12-16,1006.8499755859376,1019.9000244140624,1002.5750122070312,1009.5750122070312,856.0816040039062,2858500,TCS
2013-12-17,1015.7999877929688,1032.925048828125,1015.0,1022.6749877929688,867.189697265625,2995474,TCS
2013-12-18,1020.0,1035.5,1019.0,1027.9000244140625,871.62060546875,1587990,TCS
2013-12-19,1037.9749755859375,1055.0,1031.324951171875,1040.75,882.5169067382812,2161986,TCS
2013-12-20,1044.050048828125,1065.0,1042.925048828125,1060.2750244140625,899.0733032226562,1965812,TCS
2013-12-23,1064.9749755859375,1071.7249755859375,1048.9749755859375,1054.5250244140625,894.197509765625,1321224,TCS
2013-12-24,1059.9000244140625,1064.5,1052.125,1055.3499755859375,894.8971557617188,870156,TCS
2013-12-26,1057.5,1058.5,1045.7249755859375,1050.1500244140625,890.4876708984375,2297194,TCS
2013-12-27,1053.5,1084.949951171875,1052.5,1080.324951171875,916.0750732421876,2479946,TCS
2013-12-30,1085.0,1087.625,1073.3499755859375,1078.0250244140625,914.1243896484376,1668776,TCS
2013-12-31,1080.050048828125,1092.4749755859375,1075.449951171875,1086.0250244140625,920.9085083007812,1245776,TCS
2014-01-01,1090.050048828125,1092.25,1075.550048828125,1076.6500244140625,912.9586181640624,529952,TCS
2014-01-02,1083.0,1094.5,1078.074951171875,1083.5,918.7672729492188,1726948,TCS
2014-01-03,1082.3499755859375,1114.550048828125,1073.625,1111.0999755859375,942.1708984375,2618174,TCS
2014-01-06,1114.5,1122.0,1098.5,1119.800048828125,949.5482788085938,2311810,TCS
2014-01-07,1120.0,1128.2249755859375,1099.5,1103.074951171875,935.365966796875,2897486,TCS
2014-01-08,1106.0,1122.0,1105.0,1116.324951171875,946.6015014648438,2550020,TCS
2014-01-09,1114.375,1127.75,1111.050048828125,1120.9749755859375,950.5444946289062,2582206,TCS
2014-01-10,1130.0,1154.9000244140625,1117.5,1140.449951171875,967.0584716796876,3369334,TCS
2014-01-13,1142.5,1192.0,1142.5,1184.375,1004.3056030273438,3814316,TCS
2014-01-14,1186.0,1192.4000244140625,1160.0,1163.375,986.4984741210938,2974964,TCS
2014-01-15,1171.2249755859375,1189.0999755859375,1163.5,1176.800048828125,997.8821411132812,3048854,TCS
2014-01-16,1190.0,1190.050048828125,1162.5,1175.1500244140625,996.4832153320312,2997962,TCS
2014-01-17,1149.0,1149.0,1103.0250244140625,1106.5250244140625,938.2915649414062,7564756,TCS
2014-01-20,1109.4749755859375,1175.0,1107.75,1169.0999755859375,991.3527221679688,6010558,TCS
2014-01-21,1167.0,1169.625,1137.550048828125,1140.1500244140625,966.8040771484376,3132282,TCS
2014-01-22,1143.550048828125,1148.425048828125,1132.050048828125,1137.0250244140625,964.1542358398438,2384030,TCS
2014-01-23,1134.050048828125,1138.3499755859375,1118.6500244140625,1126.2249755859375,954.996337890625,2290762,TCS
2014-01-24,1122.0,1141.625,1117.5,1124.3499755859375,953.4063720703124,1850266,TCS
2014-01-27,1113.0,1129.75,1110.050048828125,1114.800048828125,946.9931030273438,2532948,TCS
2014-01-28,1116.0,1123.925048828125,1098.050048828125,1106.175048828125,939.6663818359376,2852166,TCS
2014-01-29,1120.0,1120.0,1102.5,1104.9000244140625,938.583251953125,1698076,TCS
2014-01-30,1099.0250244140625,1113.5,1095.0,1108.800048828125,941.89599609375,2225250,TCS
2014-01-31,1112.550048828125,1134.9000244140625,1110.5,1120.5250244140625,951.856201171875,2174246,TCS
2014-02-03,1111.0,1122.125,1095.4000244140625,1097.2249755859375,932.0631713867188,1362480,TCS
2014-02-04,1087.0,1087.5,1056.0250244140625,1075.675048828125,913.7574462890624,2694166,TCS
2014-02-05,1081.9000244140625,1100.0,1070.0,1097.199951171875,932.0419921875,1853650,TCS
2014-02-06,1090.0,1094.949951171875,1072.5,1087.625,923.9085693359376,1922652,TCS
2014-02-07,1095.0,1097.5,1065.5,1072.199951171875,910.8052978515624,1990912,TCS
2014-02-10,1072.0,1072.0,1042.550048828125,1046.7750244140625,889.2074584960938,4019270,TCS
2014-02-11,1050.0,1063.25,1048.0,1050.8499755859375,892.6690673828125,3568786,TCS
2014-02-12,1059.0,1061.800048828125,1047.5,1052.7249755859375,894.2618408203125,3074348,TCS
2014-02-13,1053.5,1069.199951171875,1048.25,1066.875,906.2820434570312,2094350,TCS
2014-02-14,1068.949951171875,1092.375,1064.050048828125,1083.949951171875,920.7865600585938,1910062,TCS
2014-02-17,1080.0,1093.0,1073.5999755859375,1082.699951171875,919.7247314453124,1670394,TCS
2014-02-18,1082.5,1095.5,1077.925048828125,1083.0,919.9794311523438,1526916,TCS
2014-02-19,1085.0,1107.5,1081.125,1098.9749755859375,933.5496826171876,1072918,TCS
2014-02-20,1103.0,1111.0,1091.4000244140625,1094.675048828125,929.8970947265624,1587924,TCS
2014-02-21,1099.0,1106.5,1095.375,1102.8499755859375,936.8416748046876,1717860,TCS
2014-02-24,1102.0,1102.625,1085.050048828125,1088.949951171875,925.0339965820312,2450424,TCS
2014-02-25,1094.5,1099.75,1090.0,1094.449951171875,929.7062377929688,3305374,TCS
2014-02-26,1097.0,1097.5,1088.574951171875,1091.074951171875,926.83935546875,3859712,TCS
2014-02-28,1080.5,1140.0,1080.074951171875,1137.875,966.5946044921876,3988192,TCS
2014-03-03,1135.9000244140625,1149.5,1114.0,1120.0250244140625,951.431640625,1606078,TCS
2014-03-04,1116.5999755859375,1127.0,1112.0,1120.324951171875,951.6860961914062,2030332,TCS
2014-03-05,1127.425048828125,1143.125,1121.2750244140625,1125.949951171875,956.4644165039062,2302006,TCS
2014-03-06,1126.425048828125,1130.0,1116.074951171875,1120.375,951.7284545898438,1314562,TCS
2014-03-07,1122.75,1125.0250244140625,1076.4000244140625,1114.25,946.525390625,4698472,TCS
2014-03-10,1114.050048828125,1114.25,1067.5,1071.324951171875,910.061767578125,3829768,TCS
2014-03-11,1077.5,1088.824951171875,1061.0,1075.824951171875,913.8846435546876,2550254,TCS
2014-03-12,1076.5,1094.875,1076.5,1089.7249755859375,925.6923828125,1669788,TCS
2014-03-13,1074.0250244140625,1101.0,1068.425048828125,1074.7750244140625,912.99267578125,2019884,TCS
2014-03-14,1070.5,1080.25,1062.1500244140625,1069.7750244140625,908.7453002929688,2161246,TCS
2014-03-18,1067.75,1075.9000244140625,1052.125,1061.0,901.2911987304688,2565842,TCS
2014-03-19,1037.5,1037.5,1006.5250244140624,1019.7000122070312,866.2078857421875,8652662,TCS
2014-03-20,1019.0,1061.449951171875,1005.7000122070312,1054.0999755859375,895.429931640625,5728956,TCS
2014-03-21,1062.5,1072.5,1042.5,1063.5,903.4148559570312,4680776,TCS
2014-03-24,1068.4749755859375,1078.9749755859375,1063.074951171875,1076.300048828125,914.2880859375,2183014,TCS
2014-03-25,1072.0,1086.0,1065.0,1073.324951171875,911.7609252929688,2249968,TCS
2014-03-26,1074.0250244140625,1079.25,1043.7750244140625,1046.75,889.1860961914062,3192350,TCS
2014-03-27,1050.4749755859375,1057.5,1032.5250244140625,1047.125,889.5047607421875,5012476,TCS
2014-03-28,1048.5,1061.425048828125,1040.0250244140625,1051.050048828125,892.8390502929688,2971162,TCS
2014-03-31,1052.0,1072.4749755859375,1041.0,1066.574951171875,906.02685546875,2683268,TCS
2014-04-01,1072.5,1092.5,1072.449951171875,1088.3499755859375,924.524169921875,2755932,TCS
2014-04-02,1095.0,1101.0,1080.5250244140625,1086.125,922.63427734375,3763016,TCS
2014-04-03,1086.425048828125,1091.0,1073.800048828125,1083.25,920.192138671875,1581194,TCS
2014-04-04,1086.0,1093.5,1065.0,1069.425048828125,908.4479370117188,1694656,TCS
2014-04-07,1065.050048828125,1082.9749755859375,1060.3499755859375,1076.9000244140625,914.7977294921876,2594986,TCS
2014-04-09,1076.0,1081.0,1052.5,1070.199951171875,909.1060791015624,3350500,TCS
2014-04-10,1070.199951171875,1074.324951171875,1057.5999755859375,1063.074951171875,903.0536499023438,2152886,TCS
2014-04-11,1059.0,1087.449951171875,1050.0,1082.050048828125,919.1727294921876,2340742,TCS
2014-04-15,1090.5,1129.0,1087.0250244140625,1126.375,956.8253784179688,3597244,TCS
2014-04-16,1132.0,1132.0,1092.0999755859375,1098.1500244140625,932.8490600585938,3475910,TCS
2014-04-17,1110.0,1113.5,1071.3499755859375,1111.449951171875,944.1472778320312,7681438,TCS
2014-04-21,1110.0,1121.449951171875,1105.6500244140625,1110.875,943.6586303710938,1842594,TCS
2014-04-22,1116.9749755859375,1124.949951171875,1109.949951171875,1110.5250244140625,943.361083984375,1486274,TCS
2014-04-23,1115.699951171875,1121.949951171875,1100.550048828125,1106.875,940.2606811523438,1938992,TCS
2014-04-24,1106.875,1106.875,1106.875,1106.875,940.2606811523438,0,TCS
2014-04-25,1113.5,1117.5,1096.5999755859375,1102.625,936.6504516601562,3160448,TCS
2014-04-28,1102.625,1111.3499755859375,1090.050048828125,1095.675048828125,930.7468872070312,2550766,TCS
2014-04-29,1093.0,1103.175048828125,1088.449951171875,1097.125,931.9786376953124,1846180,TCS
2014-04-30,1092.550048828125,1102.800048828125,1090.5,1094.5999755859375,929.8331909179688,2397378,TCS
2014-05-02,1090.625,1109.949951171875,1090.625,1104.2249755859375,938.0097045898438,1917778,TCS
2014-05-05,1105.4000244140625,1114.5,1102.074951171875,1106.8499755859375,940.2396240234376,1314478,TCS
2014-05-06,1106.8499755859375,1110.800048828125,1095.0,1099.449951171875,933.9533081054688,961232,TCS
2014-05-07,1095.5250244140625,1101.5,1070.050048828125,1082.7750244140625,919.78857421875,4716182,TCS
2014-05-08,1082.550048828125,1090.9000244140625,1073.824951171875,1081.0250244140625,918.3017578125,2606900,TCS
2014-05-09,1076.0,1092.3499755859375,1076.0,1079.949951171875,917.388916015625,1799440,TCS
2014-05-12,1076.5,1083.3499755859375,1061.574951171875,1079.675048828125,917.1550903320312,2886064,TCS
2014-05-13,1082.9000244140625,1119.5,1082.9000244140625,1105.4749755859375,939.0715942382812,2547484,TCS
2014-05-14,1107.199951171875,1118.8499755859375,1100.550048828125,1108.050048828125,941.2589111328124,1389228,TCS
2014-05-15,1108.050048828125,1112.5,1085.574951171875,1096.574951171875,931.5110473632812,2520196,TCS
2014-05-16,1100.0250244140625,1126.699951171875,1050.125,1080.375,917.7496337890624,5241798,TCS
2014-05-19,1075.0,1080.0,999.75,1018.3499755859376,865.06103515625,6516606,TCS
2014-05-20,1014.0,1080.0,1014.0,1034.0999755859375,878.4404296875,4702114,TCS
2014-05-21,1030.5999755859375,1044.5,1027.9000244140625,1041.425048828125,884.6629638671875,4116946,TCS
2014-05-22,1048.375,1062.0,1037.550048828125,1055.9749755859375,897.0225219726562,4216842,TCS
2014-05-23,1059.5,1074.5,1048.0,1063.949951171875,903.7972412109376,3094780,TCS
2014-05-26,1074.5,1084.800048828125,1066.800048828125,1077.0,914.8826904296876,2650850,TCS
2014-05-27,1080.074951171875,1092.300048828125,1059.0,1065.7249755859375,905.3050537109376,1795094,TCS
2014-05-28,1070.0,1079.375,1061.2249755859375,1075.2750244140625,913.4175415039062,1887488,TCS
2014-05-29,1072.5,1090.0,1067.5999755859375,1079.9749755859375,917.4098510742188,2820710,TCS
2014-05-30,1079.4000244140625,1083.5,1065.074951171875,1070.675048828125,909.5098266601562,2585648,TCS
2014-06-02,1072.0,1078.875,1058.0250244140625,1064.925048828125,904.625244140625,1095158,TCS
2014-06-03,1064.925048828125,1069.0,1052.5999755859375,1064.300048828125,904.094482421875,2484628,TCS
2014-06-04,1065.0,1067.449951171875,1038.5,1044.625,887.3809814453125,2141062,TCS
2014-06-05,1041.550048828125,1058.199951171875,1034.0,1052.074951171875,893.7095947265625,4348470,TCS
2014-06-06,1050.074951171875,1053.9000244140625,1028.0,1042.125,893.7525024414062,3361586,TCS
2014-06-09,1043.5,1059.0,1040.0,1056.9000244140625,906.4239501953124,2666196,TCS
2014-06-10,1057.5,1080.4749755859375,1057.5,1079.074951171875,925.4417724609376,2628068,TCS
2014-06-11,1082.5,1107.0,1069.0999755859375,1103.4749755859375,946.3677368164062,3544562,TCS
2014-06-12,1124.5,1127.0,1091.9000244140625,1118.675048828125,959.4039916992188,2734338,TCS
2014-06-13,1119.0,1119.5,1092.5250244140625,1106.7750244140625,949.1982421875,1904022,TCS
2014-06-16,1105.0,1138.4749755859375,1105.0,1134.875,973.29736328125,2439906,TCS
2014-06-17,1142.449951171875,1148.5,1135.5,1139.925048828125,977.628173828125,1918144,TCS
2014-06-18,1146.5,1146.5,1110.6500244140625,1113.5250244140625,954.9869995117188,1948824,TCS
2014-06-19,1115.0,1144.5,1105.050048828125,1138.0250244140625,975.9989624023438,1896354,TCS
2014-06-20,1142.449951171875,1149.5,1131.0,1146.199951171875,983.009765625,1155674,TCS
2014-06-23,1146.5,1149.949951171875,1127.0250244140625,1134.425048828125,972.9114379882812,1262734,TCS
2014-06-24,1134.5,1159.75,1127.5,1154.5250244140625,990.1495971679688,1479100,TCS
2014-06-25,1155.0,1160.0,1146.5,1155.2750244140625,990.7928466796876,1028422,TCS
2014-06-26,1148.0,1172.074951171875,1145.574951171875,1153.824951171875,989.5493774414062,2036182,TCS
2014-06-27,1158.5,1203.449951171875,1157.5,1199.7750244140625,1028.957275390625,3058836,TCS
2014-06-30,1200.2750244140625,1217.5,1188.300048828125,1212.699951171875,1040.0421142578125,2146470,TCS
2014-07-01,1209.449951171875,1209.5,1191.1500244140625,1195.375,1025.183837890625,1092790,TCS
2014-07-02,1200.0,1205.875,1191.75,1200.800048828125,1029.8360595703125,907740,TCS
2014-07-03,1199.5,1222.5,1196.0,1208.949951171875,1036.82568359375,1526762,TCS
2014-07-04,1206.199951171875,1212.75,1200.5,1205.25,1033.65283203125,536136,TCS
2014-07-07,1210.0250244140625,1249.0,1205.199951171875,1244.2750244140625,1067.12109375,2204902,TCS
2014-07-08,1242.4749755859375,1243.074951171875,1216.625,1224.7249755859375,1050.354736328125,2500588,TCS
2014-07-09,1235.0,1236.324951171875,1190.800048828125,1199.074951171875,1028.3568115234375,1554242,TCS
2014-07-10,1199.7750244140625,1209.800048828125,1167.5,1175.9000244140625,1008.4811401367188,1990562,TCS
2014-07-11,1185.5,1205.0,1180.550048828125,1197.2249755859375,1026.7698974609375,1329446,TCS
2014-07-14,1209.4000244140625,1219.5,1192.625,1213.125,1040.40625,1587924,TCS
2014-07-15,1213.0999755859375,1215.0,1196.875,1199.6500244140625,1028.8502197265625,1389656,TCS
2014-07-16,1204.824951171875,1212.0,1193.425048828125,1200.925048828125,1029.9434814453125,1407240,TCS
2014-07-17,1205.0,1214.9000244140625,1187.5,1190.9749755859375,1021.4097290039062,1790220,TCS
2014-07-18,1226.0,1242.5,1217.5,1220.5999755859375,1046.817138671875,3507488,TCS
2014-07-21,1234.0,1234.925048828125,1221.5250244140625,1231.875,1056.4869384765625,981072,TCS
2014-07-22,1232.5,1270.0,1230.949951171875,1266.199951171875,1085.9248046875,2399016,TCS
2014-07-23,1270.0,1298.1500244140625,1266.1500244140625,1293.074951171875,1108.97314453125,2065858,TCS
2014-07-24,1297.449951171875,1301.0,1283.5,1297.5999755859375,1112.8541259765625,1481418,TCS
2014-07-25,1297.0,1307.175048828125,1283.5,1302.875,1117.378173828125,1806914,TCS
2014-07-28,1288.574951171875,1299.824951171875,1277.5,1294.6500244140625,1127.6341552734375,1314922,TCS
2014-07-30,1292.4000244140625,1305.0,1286.300048828125,1297.5250244140625,1130.1383056640625,1899252,TCS
2014-07-31,1287.550048828125,1299.0,1284.625,1290.0250244140625,1123.60595703125,2407210,TCS
2014-08-01,1287.5,1293.9749755859375,1255.0,1258.199951171875,1095.8865966796875,2381882,TCS
2014-08-04,1266.0,1270.949951171875,1244.0,1263.0250244140625,1100.0888671875,1828636,TCS
2014-08-05,1272.449951171875,1272.5,1245.050048828125,1261.8499755859375,1099.0654296875,1404656,TCS
2014-08-06,1258.074951171875,1267.425048828125,1245.125,1253.324951171875,1091.640380859375,1837562,TCS
2014-08-07,1245.0,1247.5,1229.5250244140625,1234.9000244140625,1075.5921630859375,1672656,TCS
2014-08-08,1232.5,1253.8499755859375,1232.5,1239.3499755859375,1079.4678955078125,1464790,TCS
2014-08-11,1245.449951171875,1247.7750244140625,1227.5,1234.199951171875,1074.982666015625,1290896,TCS
2014-08-12,1244.949951171875,1244.949951171875,1220.0999755859375,1235.875,1076.4412841796875,984552,TCS
2014-08-13,1235.0,1265.0,1235.0,1250.0250244140625,1088.765869140625,2768378,TCS
2014-08-14,1257.0,1266.0,1245.0250244140625,1249.875,1088.635986328125,1578056,TCS
2014-08-18,1245.5250244140625,1252.5,1235.0,1243.800048828125,1083.3436279296875,1373260,TCS
2014-08-19,1250.0,1252.449951171875,1217.5,1219.25,1061.961181640625,3234156,TCS
2014-08-20,1222.25,1227.5250244140625,1215.0250244140625,1218.0999755859375,1060.9595947265625,2056758,TCS
2014-08-21,1223.5,1230.0,1215.0,1216.2249755859375,1059.3265380859375,2265450,TCS
2014-08-22,1222.0,1234.0999755859375,1217.9000244140625,1232.0999755859375,1073.153564453125,3096238,TCS
2014-08-25,1235.0,1264.25,1233.449951171875,1261.0250244140625,1098.3468017578125,3143512,TCS
2014-08-26,1264.5,1275.0,1250.0,1266.9000244140625,1103.46435546875,1815490,TCS
2014-08-27,1267.0,1283.699951171875,1257.0250244140625,1274.9749755859375,1110.49755859375,1435460,TCS
2014-08-28,1273.5,1274.6500244140625,1256.5,1261.175048828125,1098.477783203125,1766288,TCS
2014-09-01,1262.699951171875,1280.0,1261.5250244140625,1268.574951171875,1104.9228515625,810148,TCS
2014-09-02,1272.9000244140625,1277.4000244140625,1257.050048828125,1268.949951171875,1105.2493896484375,1407940,TCS
2014-09-03,1269.5,1308.0,1269.5,1303.199951171875,1135.0811767578125,3061690,TCS
2014-09-04,1311.0,1313.7249755859375,1288.7249755859375,1292.375,1125.6527099609375,1701598,TCS
2014-09-05,1299.949951171875,1310.9000244140625,1291.5250244140625,1299.300048828125,1131.6845703125,1467060,TCS
2014-09-08,1306.0,1325.0,1299.5250244140625,1321.3499755859375,1150.8897705078125,1697342,TCS
2014-09-09,1326.0,1333.5,1312.550048828125,1315.625,1145.9034423828125,1418098,TCS
2014-09-10,1319.0,1321.375,1295.5999755859375,1300.074951171875,1132.3590087890625,1258768,TCS
2014-09-11,1305.0,1312.199951171875,1295.75,1299.175048828125,1131.57568359375,1075622,TCS
2014-09-12,1305.0,1312.175048828125,1296.5999755859375,1303.800048828125,1135.603759765625,1196210,TCS
2014-09-15,1307.0,1309.300048828125,1277.0,1279.1500244140625,1114.1341552734375,1151544,TCS
2014-09-16,1283.0,1287.5,1272.0,1275.425048828125,1110.889404296875,1535608,TCS
2014-09-17,1280.5,1302.375,1280.5,1295.5999755859375,1128.46142578125,1657700,TCS
2014-09-18,1295.8499755859375,1325.9000244140625,1290.5,1321.1500244140625,1150.7156982421875,1483078,TCS
2014-09-19,1321.5,1370.0,1321.0,1357.0999755859375,1182.028076171875,3587864,TCS
2014-09-22,1357.0,1367.0,1338.125,1360.9000244140625,1185.3375244140625,999584,TCS
2014-09-23,1362.0,1391.2249755859375,1341.6500244140625,1344.0999755859375,1170.7047119140625,2055990,TCS
2014-09-24,1346.5,1353.4749755859375,1316.375,1321.5,1151.0205078125,2442132,TCS
2014-09-25,1330.4749755859375,1362.5,1330.0,1354.300048828125,1179.58935546875,2473158,TCS
2014-09-26,1355.0,1362.449951171875,1335.050048828125,1342.0,1168.8758544921875,1612712,TCS
2014-09-29,1347.699951171875,1387.7249755859375,1337.6500244140625,1383.9749755859375,1205.43603515625,2089534,TCS
2014-09-30,1386.4749755859375,1388.324951171875,1354.074951171875,1368.300048828125,1191.782958984375,2788954,TCS
2014-10-01,1376.0,1401.0,1368.5,1387.800048828125,1208.767333984375,2142022,TCS
2014-10-07,1369.800048828125,1419.8499755859375,1362.800048828125,1365.675048828125,1189.4967041015625,3457674,TCS
2014-10-08,1369.0,1369.9749755859375,1324.625,1341.5999755859375,1168.52734375,1962442,TCS
2014-10-09,1354.0,1361.6500244140625,1343.25,1353.0250244140625,1178.4788818359375,1685176,TCS
2014-10-10,1353.0,1363.7249755859375,1334.25,1339.25,1166.480224609375,2344362,TCS
2014-10-13,1340.0,1362.4000244140625,1335.0,1358.2750244140625,1183.051513671875,2209532,TCS
2014-10-14,1365.0,1367.8499755859375,1339.4000244140625,1349.5999755859375,1175.4949951171875,2369406,TCS
2014-10-15,1349.5999755859375,1349.5999755859375,1349.5999755859375,1349.5999755859375,1175.4949951171875,0,TCS
2014-10-16,1365.0,1379.300048828125,1332.125,1339.050048828125,1166.306396484375,3848014,TCS
2014-10-17,1237.5,1255.675048828125,1215.0,1220.574951171875,1063.114990234375,9892812,TCS
2014-10-20,1245.0,1246.800048828125,1208.9749755859375,1211.6500244140625,1055.341796875,3399242,TCS
2014-10-21,1212.925048828125,1221.875,1207.5,1216.699951171875,1059.7401123046875,1950732,TCS
2014-10-22,1242.5,1244.5,1222.550048828125,1225.925048828125,1067.7752685546875,2067664,TCS
2014-10-27,1259.5,1259.8499755859375,1222.4749755859375,1228.574951171875,1070.0830078125,2797208,TCS
2014-10-28,1242.449951171875,1242.449951171875,1226.7249755859375,1239.300048828125,1079.4246826171875,2289958,TCS
2014-10-29,1237.5,1257.0,1236.5,1253.0250244140625,1093.585205078125,2425016,TCS
2014-10-30,1260.9000244140625,1287.449951171875,1254.5,1279.0999755859375,1116.342041015625,4111292,TCS
2014-10-31,1280.5,1310.0,1280.5,1303.925048828125,1138.0084228515625,3170070,TCS
2014-11-03,1324.5,1324.5,1290.25,1295.175048828125,1130.3719482421875,2541632,TCS
2014-11-05,1319.0,1319.0,1295.0,1299.75,1134.3646240234375,2310642,TCS
2014-11-07,1302.4000244140625,1307.8499755859375,1278.5,1286.425048828125,1122.7353515625,2126740,TCS
2014-11-10,1287.550048828125,1291.0,1275.5,1284.824951171875,1121.33837890625,1541964,TCS
2014-11-11,1289.0,1297.0,1277.699951171875,1290.3499755859375,1126.160400390625,1249940,TCS
2014-11-12,1290.0,1305.5,1287.5,1295.875,1130.982421875,1320582,TCS
2014-11-13,1297.5,1302.449951171875,1282.574951171875,1294.2249755859375,1129.5428466796875,1645540,TCS
2014-11-14,1292.5999755859375,1305.574951171875,1287.5,1303.2249755859375,1137.3975830078125,1457174,TCS
2014-11-17,1297.550048828125,1312.5,1296.125,1309.1500244140625,1142.568603515625,1570552,TCS
2014-11-18,1310.0,1313.324951171875,1289.875,1292.925048828125,1128.407958984375,1467026,TCS
2014-11-19,1299.0,1299.0,1278.7249755859375,1286.875,1123.1279296875,1865746,TCS
2014-11-20,1294.0,1305.125,1280.2750244140625,1302.7249755859375,1136.9609375,1795386,TCS
2014-11-21,1304.0,1320.0,1293.324951171875,1311.074951171875,1144.2484130859375,2001594,TCS
2014-11-24,1311.0,1332.5,1311.0,1328.8499755859375,1159.7615966796875,1942766,TCS
2014-11-25,1330.0,1339.699951171875,1308.0,1318.0,1150.292724609375,2371684,TCS
2014-11-26,1315.0250244140625,1328.175048828125,1307.5,1313.6500244140625,1146.4962158203125,1584800,TCS
2014-11-27,1313.6500244140625,1334.0,1312.6500244140625,1326.6500244140625,1157.841552734375,1732418,TCS
2014-11-28,1329.175048828125,1345.949951171875,1317.675048828125,1321.5,1153.3470458984375,1989768,TCS
2014-12-01,1325.25,1350.0,1322.625,1346.4749755859375,1175.1444091796875,1896354,TCS
2014-12-02,1346.5,1355.4749755859375,1324.675048828125,1328.6500244140625,1159.5872802734375,1436572,TCS
2014-12-03,1335.949951171875,1336.699951171875,1309.25,1317.675048828125,1150.0087890625,3094670,TCS
2014-12-04,1332.0,1333.5,1314.949951171875,1318.9749755859375,1151.1429443359375,1285308,TCS
2014-12-05,1320.449951171875,1324.9000244140625,1286.074951171875,1289.4749755859375,1125.3968505859375,2359676,TCS
2014-12-08,1297.5,1297.5,1250.824951171875,1256.4000244140625,1096.530517578125,3232574,TCS
2014-12-09,1258.0,1279.5,1254.550048828125,1257.425048828125,1097.42529296875,2487940,TCS
2014-12-10,1257.5,1265.949951171875,1248.0999755859375,1253.949951171875,1094.3924560546875,2087970,TCS
2014-12-11,1250.300048828125,1261.449951171875,1243.5,1246.074951171875,1087.5194091796875,1938822,TCS
2014-12-12,1250.0,1260.0,1211.324951171875,1225.3499755859375,1069.4315185546875,2380786,TCS
2014-12-15,1192.449951171875,1192.5,1176.125,1179.324951171875,1029.2630615234375,3487788,TCS
2014-12-16,1175.0,1229.625,1172.5,1221.5250244140625,1066.0933837890625,3339140,TCS
2014-12-17,1226.699951171875,1235.0,1202.625,1222.050048828125,1066.551513671875,2287076,TCS
2014-12-18,1227.550048828125,1234.25,1217.4000244140625,1230.3499755859375,1073.795166015625,1481444,TCS
2014-12-19,1235.6500244140625,1261.875,1234.0,1255.2750244140625,1095.5489501953125,1903130,TCS
2014-12-22,1263.0,1264.5,1237.199951171875,1256.699951171875,1096.79248046875,1643954,TCS
2014-12-23,1250.0,1268.324951171875,1247.300048828125,1258.3499755859375,1098.232421875,1266476,TCS
2014-12-24,1257.5,1260.425048828125,1232.824951171875,1239.949951171875,1082.1737060546875,3288972,TCS
2014-12-26,1243.0,1255.0,1232.5,1252.5,1093.126953125,626206,TCS
2014-12-29,1254.0,1268.4749755859375,1253.5,1261.449951171875,1100.937744140625,778920,TCS
2014-12-30,1262.5,1271.2249755859375,1258.0,1265.0250244140625,1104.058349609375,701342,TCS
2014-12-31,1266.3499755859375,1283.199951171875,1262.5,1279.125,1116.3641357421875,1573792,TCS
2015-01-01,1283.5,1283.5,1270.5,1272.7750244140625,1110.822265625,366830,TCS
2015-01-02,1275.5,1295.4749755859375,1275.300048828125,1289.7249755859375,1125.615478515625,925740,TCS
2015-01-05,1290.5,1299.949951171875,1262.324951171875,1270.125,1108.5091552734375,1754242,TCS
2015-01-06,1264.550048828125,1264.550048828125,1220.0,1223.300048828125,1067.642578125,2423784,TCS
2015-01-07,1235.0,1239.574951171875,1203.7249755859375,1208.8499755859375,1055.030517578125,2636332,TCS
2015-01-08,1221.199951171875,1224.5,1210.2750244140625,1221.9000244140625,1066.4205322265625,1565408,TCS
2015-01-09,1227.5,1259.949951171875,1225.0,1256.1500244140625,1096.3123779296875,3197642,TCS
2015-01-12,1258.5,1264.0,1240.125,1254.8499755859375,1095.1778564453125,1596006,TCS
2015-01-13,1260.0,1265.199951171875,1240.050048828125,1248.949951171875,1090.0281982421875,1468432,TCS
2015-01-14,1258.0,1265.9000244140625,1250.25,1260.9749755859375,1100.523193359375,1787096,TCS
2015-01-15,1266.5,1290.875,1261.625,1269.550048828125,1108.0074462890625,5009920,TCS
2015-01-16,1271.8499755859375,1272.5,1242.1500244140625,1266.074951171875,1104.9744873046875,5293830,TCS
2015-01-19,1268.0,1275.5,1251.5,1255.5,1095.744873046875,1135074,TCS
2015-01-20,1260.0,1265.0,1241.625,1250.2249755859375,1091.141357421875,2058566,TCS
2015-01-21,1261.0,1261.0,1244.125,1256.9000244140625,1096.9669189453125,2310480,TCS
2015-01-22,1258.25,1260.625,1247.75,1256.7750244140625,1096.85791015625,2113214,TCS
2015-01-23,1257.0,1266.0250244140625,1248.050048828125,1251.800048828125,1092.515869140625,3150380,TCS
2015-01-27,1256.175048828125,1257.5,1244.7750244140625,1251.0250244140625,1094.0244140625,2738736,TCS
2015-01-28,1251.5,1272.449951171875,1251.449951171875,1269.800048828125,1110.4429931640625,3121980,TCS
2015-01-29,1269.0,1284.3499755859375,1256.449951171875,1272.324951171875,1112.6514892578125,3734392,TCS
2015-01-30,1280.3499755859375,1287.5,1235.0,1241.0250244140625,1085.2794189453125,5817402,TCS
2015-02-02,1241.0,1260.7249755859375,1231.0250244140625,1257.0999755859375,1099.3372802734375,3181802,TCS
2015-02-03,1255.824951171875,1282.5,1253.550048828125,1279.125,1118.5977783203125,2345054,TCS
2015-02-04,1284.0,1285.8499755859375,1251.050048828125,1257.1500244140625,1099.381103515625,2245418,TCS
2015-02-05,1260.0,1295.8499755859375,1259.5,1276.199951171875,1116.039794921875,4530168,TCS
2015-02-06,1276.5,1297.4000244140625,1275.425048828125,1287.875,1126.25,2136416,TCS
2015-02-09,1280.75,1284.550048828125,1250.0,1256.449951171875,1098.7686767578125,2076432,TCS
2015-02-10,1255.0,1263.125,1216.5,1220.574951171875,1067.3956298828125,3799054,TCS
2015-02-11,1227.5250244140625,1243.625,1223.625,1229.949951171875,1075.5938720703125,2937522,TCS
2015-02-12,1239.9000244140625,1239.9000244140625,1223.5,1231.074951171875,1076.5780029296875,3107980,TCS
2015-02-13,1235.0,1273.875,1230.125,1269.375,1110.07177734375,4158326,TCS
2015-02-16,1280.0,1297.5,1277.5,1292.4000244140625,1130.20703125,2364392,TCS
2015-02-18,1292.5250244140625,1321.5,1282.625,1317.824951171875,1152.4412841796875,2660014,TCS
2015-02-19,1318.0,1343.6500244140625,1317.5,1340.5250244140625,1172.29248046875,2618002,TCS
2015-02-20,1349.4000244140625,1349.4000244140625,1321.125,1337.7750244140625,1169.8875732421875,1801588,TCS
2015-02-23,1335.5,1361.0,1335.5,1348.324951171875,1179.113525390625,1614892,TCS
2015-02-24,1347.0,1365.0,1339.5,1352.375,1182.6553955078125,2199922,TCS
2015-02-25,1355.0,1361.0,1333.925048828125,1336.0999755859375,1168.4224853515625,1767994,TCS
2015-02-26,1339.5,1346.375,1312.675048828125,1328.2249755859375,1161.5360107421875,1991994,TCS
2015-02-27,1329.7249755859375,1337.875,1308.1500244140625,1331.175048828125,1164.1160888671875,2877376,TCS
2015-03-02,1339.8499755859375,1354.4749755859375,1326.2750244140625,1334.699951171875,1167.1983642578125,2176038,TCS
2015-03-03,1341.0,1395.0,1338.074951171875,1388.0,1213.8092041015625,3424308,TCS
2015-03-04,1394.0,1406.050048828125,1357.824951171875,1373.0,1200.69189453125,3862994,TCS
2015-03-05,1375.0,1385.3499755859375,1340.5250244140625,1348.2249755859375,1179.02587890625,2173514,TCS
2015-03-09,1320.0,1339.9000244140625,1305.0,1323.4000244140625,1157.3165283203125,2883174,TCS
2015-03-10,1324.449951171875,1339.125,1297.625,1321.3499755859375,1155.523681640625,3037052,TCS
2015-03-11,1321.0,1329.9749755859375,1298.9000244140625,1303.2750244140625,1139.717529296875,2240200,TCS
2015-03-12,1311.949951171875,1312.449951171875,1295.050048828125,1309.5250244140625,1145.1824951171875,1827636,TCS
2015-03-13,1319.0,1319.9749755859375,1287.5,1291.175048828125,1129.1358642578125,1586838,TCS
2015-03-16,1292.5999755859375,1305.0,1276.0,1281.1500244140625,1120.368896484375,1556296,TCS
2015-03-17,1291.25,1303.3499755859375,1278.875,1291.8499755859375,1129.7259521484375,1267318,TCS
2015-03-18,1295.4749755859375,1299.7249755859375,1275.8499755859375,1279.675048828125,1119.0792236328125,1255170,TCS
2015-03-19,1288.0,1302.925048828125,1284.050048828125,1298.125,1135.213623046875,2448964,TCS
2015-03-20,1298.0,1309.0,1289.425048828125,1305.4749755859375,1141.640869140625,1963908,TCS
2015-03-23,1308.0,1315.5,1303.0,1308.574951171875,1144.35205078125,1566608,TCS
2015-03-24,1315.0,1318.5,1291.050048828125,1295.6500244140625,1133.04931640625,2394878,TCS
2015-03-25,1295.699951171875,1307.0,1272.5999755859375,1286.875,1125.3756103515625,2224858,TCS
2015-03-26,1276.6500244140625,1293.3499755859375,1250.5,1256.550048828125,1098.8560791015625,3091642,TCS
2015-03-27,1265.5,1285.949951171875,1252.050048828125,1257.4000244140625,1099.5992431640625,2751776,TCS
2015-03-30,1262.5,1284.949951171875,1260.0,1282.074951171875,1121.177490234375,1339006,TCS
2015-03-31,1284.7249755859375,1284.7249755859375,1260.5,1276.9749755859375,1116.7177734375,2427028,TCS
2015-04-01,1279.0,1281.800048828125,1261.125,1271.324951171875,1111.7769775390625,2075758,TCS
2015-04-06,1279.0,1281.449951171875,1250.050048828125,1273.6500244140625,1113.8101806640625,1568542,TCS
2015-04-07,1281.2249755859375,1299.5,1272.0,1292.5,1130.2943115234375,1886922,TCS
2015-04-08,1297.0,1328.25,1295.425048828125,1320.699951171875,1154.955322265625,1652134,TCS
2015-04-09,1329.5,1343.7249755859375,1317.574951171875,1332.2750244140625,1165.0780029296875,2544450,TCS
2015-04-10,1324.25,1335.4000244140625,1314.0,1326.875,1160.355224609375,1815544,TCS
2015-04-13,1332.0,1332.5,1314.0,1327.75,1161.1209716796875,1308642,TCS
2015-04-15,1327.3499755859375,1356.949951171875,1304.699951171875,1313.875,1148.9869384765625,2913934,TCS
2015-04-16,1313.4749755859375,1313.5,1285.675048828125,1291.4000244140625,1129.332763671875,3217570,TCS
2015-04-17,1278.550048828125,1280.0,1235.0,1237.425048828125,1082.130859375,9668742,TCS
2015-04-20,1240.0250244140625,1241.949951171875,1212.425048828125,1214.4000244140625,1061.9954833984375,2890722,TCS
2015-04-21,1214.4000244140625,1226.0,1200.5,1213.5250244140625,1061.2305908203125,2546032,TCS
2015-04-22,1215.75,1236.5,1203.7750244140625,1222.550048828125,1069.1226806640625,4186812,TCS
2015-04-23,1236.0,1239.9000244140625,1215.8499755859375,1228.625,1074.435546875,4342990,TCS
2015-04-24,1227.6500244140625,1257.0,1223.7750244140625,1246.5250244140625,1090.08935546875,3625158,TCS
2015-04-27,1249.75,1260.0,1243.0,1250.0999755859375,1093.215576171875,2733052,TCS
2015-04-28,1255.0,1255.0,1227.550048828125,1247.5,1090.94189453125,3088298,TCS
2015-04-29,1242.0,1247.5,1225.5250244140625,1243.6500244140625,1087.5751953125,2019620,TCS
2015-04-30,1240.0,1245.0,1213.550048828125,1231.8499755859375,1077.255859375,3738054,TCS
2015-05-04,1245.5,1252.4000244140625,1228.5999755859375,1240.7750244140625,1085.060791015625,1890630,TCS
2015-05-05,1250.5,1268.2249755859375,1250.0,1258.925048828125,1100.9332275390625,3255070,TCS
2015-05-06,1257.5,1257.5,1227.9000244140625,1231.5250244140625,1076.9716796875,3394406,TCS
2015-05-07,1232.449951171875,1276.875,1226.8499755859375,1272.625,1112.91357421875,3205028,TCS
2015-05-08,1280.0,1294.0,1258.1500244140625,1263.625,1105.0430908203125,3003664,TCS
2015-05-11,1267.5,1281.5250244140625,1262.5,1278.0,1117.6141357421875,2573082,TCS
2015-05-12,1280.0,1282.5,1256.5,1261.449951171875,1103.14111328125,2467386,TCS
2015-05-13,1273.5,1273.5,1240.2249755859375,1257.699951171875,1099.861572265625,1863774,TCS
2015-05-14,1260.0,1260.0,1242.5,1249.625,1092.7999267578125,1309050,TCS
2015-05-15,1257.5,1266.199951171875,1250.5,1255.574951171875,1098.0035400390625,1461454,TCS
2015-05-18,1257.050048828125,1262.625,1248.550048828125,1260.199951171875,1102.0478515625,4507752,TCS
2015-05-19,1259.699951171875,1265.0,1248.375,1256.3499755859375,1098.68115234375,1957722,TCS
2015-05-20,1260.0,1284.949951171875,1258.449951171875,1278.5250244140625,1118.0731201171875,1897814,TCS
2015-05-21,1278.5,1290.0,1274.074951171875,1277.75,1117.395263671875,1579578,TCS
2015-05-22,1275.0,1314.375,1269.625,1308.949951171875,1144.6798095703125,2691632,TCS
2015-05-25,1310.0,1318.449951171875,1292.8499755859375,1300.5,1137.2906494140625,982978,TCS
2015-05-26,1302.5,1311.625,1294.449951171875,1304.425048828125,1140.7227783203125,1961740,TCS
2015-05-27,1304.0,1316.574951171875,1296.0,1307.625,1143.521484375,1620690,TCS
2015-05-28,1301.949951171875,1311.5,1291.125,1304.75,1141.007080078125,2763608,TCS
2015-05-29,1308.5,1324.300048828125,1298.625,1305.1500244140625,1141.3570556640625,4423532,TCS
2015-06-01,1304.7249755859375,1323.550048828125,1304.175048828125,1308.875,1144.6143798828125,882264,TCS
2015-06-02,1308.0,1315.0,1295.25,1299.949951171875,1136.8092041015625,3935820,TCS
2015-06-03,1302.0,1312.800048828125,1295.25,1305.449951171875,1141.619384765625,1804684,TCS
2015-06-04,1308.550048828125,1311.4000244140625,1294.25,1302.824951171875,1139.32373046875,4131468,TCS
2015-06-05,1296.0,1304.5,1285.0,1287.925048828125,1136.763671875,2308534,TCS
2015-06-08,1295.0,1295.0,1280.824951171875,1288.7249755859375,1137.4700927734375,1570320,TCS
2015-06-09,1292.5,1295.0,1275.5,1280.824951171875,1130.4970703125,2578914,TCS
2015-06-10,1283.0,1305.0,1281.9000244140625,1300.375,1147.752685546875,2763350,TCS
2015-06-11,1302.75,1306.5,1278.375,1285.6500244140625,1134.7559814453125,1847336,TCS
2015-06-12,1285.949951171875,1294.4749755859375,1238.4000244140625,1252.9000244140625,1105.85009765625,2571456,TCS
2015-06-15,1252.6500244140625,1260.2249755859375,1240.5,1252.4000244140625,1105.40869140625,2525176,TCS
2015-06-16,1250.0,1259.6500244140625,1247.2249755859375,1256.0,1108.5859375,1267396,TCS
2015-06-17,1260.5,1264.574951171875,1250.9000244140625,1256.9000244140625,1109.3802490234375,1975720,TCS
2015-06-18,1257.5,1273.1500244140625,1254.0,1265.0250244140625,1116.5517578125,2165046,TCS
2015-06-19,1267.5,1277.5,1263.550048828125,1274.7750244140625,1125.157470703125,1999610,TCS
2015-06-22,1273.5,1300.0,1273.5,1295.75,1143.6707763671875,1102002,TCS
2015-06-23,1300.0,1304.0,1283.5999755859375,1287.300048828125,1136.21240234375,898318,TCS
2015-06-24,1290.0,1293.949951171875,1279.425048828125,1285.1500244140625,1134.314697265625,1170246,TCS
2015-06-25,1281.0,1286.5,1272.074951171875,1275.0,1125.35595703125,1930992,TCS
2015-06-26,1275.0999755859375,1298.175048828125,1275.0999755859375,1296.4000244140625,1144.244384765625,1290102,TCS
2015-06-29,1286.0,1302.0,1271.699951171875,1296.449951171875,1144.28857421875,1372756,TCS
2015-06-30,1292.5,1294.375,1270.0,1275.4749755859375,1125.775146484375,1549952,TCS
2015-07-01,1281.949951171875,1304.0,1278.375,1296.550048828125,1144.3765869140625,1279708,TCS
2015-07-02,1300.0,1301.4749755859375,1285.5250244140625,1288.875,1137.602783203125,1445880,TCS
2015-07-03,1286.5250244140625,1305.0,1285.0,1301.949951171875,1149.1429443359375,963470,TCS
2015-07-06,1290.1500244140625,1322.5,1290.1500244140625,1316.6500244140625,1162.117919921875,1182338,TCS
2015-07-07,1316.375,1323.449951171875,1301.5,1308.125,1154.5933837890625,1642836,TCS
2015-07-08,1298.9749755859375,1310.8499755859375,1290.25,1297.550048828125,1145.2596435546875,2667850,TCS
2015-07-09,1297.5,1299.125,1253.324951171875,1261.25,1113.2197265625,3934122,TCS
2015-07-10,1279.5,1279.5,1227.5,1237.175048828125,1091.9703369140625,8263654,TCS
2015-07-13,1237.699951171875,1259.300048828125,1237.699951171875,1254.7750244140625,1107.5047607421875,2280308,TCS
2015-07-14,1255.5,1257.5,1245.0,1249.75,1103.0694580078125,1703274,TCS
2015-07-15,1250.5,1274.9749755859375,1250.0,1272.875,1123.48046875,2003660,TCS
2015-07-16,1271.8499755859375,1279.425048828125,1263.300048828125,1270.0999755859375,1121.0308837890625,1456608,TCS
2015-07-17,1273.4000244140625,1285.050048828125,1271.6500244140625,1282.199951171875,1131.7108154296875,1070526,TCS
2015-07-20,1282.0,1291.949951171875,1275.949951171875,1289.574951171875,1140.6669921875,853786,TCS
2015-07-21,1288.0,1300.175048828125,1277.550048828125,1280.699951171875,1132.8162841796875,1274500,TCS
2015-07-22,1280.5,1284.5,1260.5250244140625,1264.0250244140625,1118.067138671875,1320628,TCS
2015-07-23,1258.75,1268.925048828125,1241.5,1244.300048828125,1100.6197509765625,1496780,TCS
2015-07-24,1248.75,1258.25,1246.050048828125,1252.574951171875,1107.9390869140625,1574972,TCS
2015-07-27,1244.0,1252.5,1240.574951171875,1248.5250244140625,1104.357421875,2003738,TCS
2015-07-28,1249.75,1259.5,1246.074951171875,1251.0250244140625,1106.5682373046875,1891188,TCS
2015-07-29,1255.5,1257.5250244140625,1241.75,1253.375,1108.6468505859375,2413318,TCS
2015-07-30,1258.0250244140625,1258.4000244140625,1236.4000244140625,1240.324951171875,1097.103759765625,2770574,TCS
2015-07-31,1244.949951171875,1259.5,1243.5,1255.375,1110.415771484375,1963776,TCS
2015-08-03,1251.699951171875,1262.5,1250.449951171875,1254.800048828125,1109.9075927734375,1179324,TCS
2015-08-04,1255.199951171875,1261.5,1243.0,1254.449951171875,1109.5977783203125,2342692,TCS
2015-08-05,1260.0,1275.0,1255.5,1273.574951171875,1126.5146484375,988994,TCS
2015-08-06,1282.5,1291.5,1275.050048828125,1286.6500244140625,1138.07958984375,2211366,TCS
2015-08-07,1286.5,1286.5,1273.5,1276.0250244140625,1128.681396484375,1188506,TCS
2015-08-10,1286.0,1294.5,1278.300048828125,1286.050048828125,1137.5491943359375,1431182,TCS
2015-08-11,1289.0,1305.0,1271.050048828125,1302.0999755859375,1151.7454833984375,2200306,TCS
2015-08-12,1301.550048828125,1345.699951171875,1301.0,1335.8499755859375,1181.598388671875,3479784,TCS
2015-08-13,1335.0,1342.0,1278.0,1317.800048828125,1165.6326904296875,1406426,TCS
2015-08-14,1319.0,1359.675048828125,1318.550048828125,1351.5999755859375,1195.52978515625,2293964,TCS
2015-08-17,1345.050048828125,1348.4000244140625,1327.5,1342.375,1187.3699951171875,773644,TCS
2015-08-18,1353.449951171875,1374.949951171875,1345.0,1370.449951171875,1212.2034912109375,1916926,TCS
2015-08-19,1375.0,1376.425048828125,1360.949951171875,1366.800048828125,1208.974609375,1690070,TCS
2015-08-20,1372.5,1372.5,1336.0,1343.425048828125,1188.2987060546875,2349298,TCS
2015-08-21,1356.0,1364.949951171875,1327.550048828125,1338.074951171875,1183.5665283203125,3536080,TCS
2015-08-24,1319.5,1322.5,1284.550048828125,1289.324951171875,1140.445556640625,4692344,TCS
2015-08-25,1293.949951171875,1311.0,1267.75,1283.574951171875,1135.35986328125,3925800,TCS
2015-08-26,1279.0250244140625,1319.5,1255.9749755859375,1288.375,1139.60546875,3216158,TCS
2015-08-27,1307.449951171875,1307.449951171875,1272.9000244140625,1287.324951171875,1138.6767578125,5264798,TCS
2015-08-28,1304.5,1304.5,1278.8499755859375,1285.425048828125,1136.9964599609375,2744152,TCS
2015-08-31,1295.0,1295.0,1265.5250244140625,1282.0250244140625,1133.98876953125,3692044,TCS
2015-09-01,1278.0,1305.5999755859375,1265.0,1268.699951171875,1122.2025146484375,2987602,TCS
2015-09-02,1279.8499755859375,1310.2249755859375,1274.0,1295.9000244140625,1146.2618408203125,3765950,TCS
2015-09-03,1298.050048828125,1307.5,1288.125,1302.800048828125,1152.3648681640625,2265074,TCS
2015-09-04,1305.699951171875,1307.449951171875,1269.574951171875,1273.7249755859375,1126.6470947265625,2426396,TCS
2015-09-07,1276.5,1279.9749755859375,1266.3499755859375,1269.875,1123.24169921875,1759184,TCS
2015-09-08,1272.5,1282.050048828125,1261.75,1270.1500244140625,1123.4849853515625,1787746,TCS
2015-09-09,1281.4749755859375,1287.0,1272.0,1274.875,1127.6641845703125,2045076,TCS
2015-09-10,1271.0,1289.25,1263.5,1272.699951171875,1125.740234375,2665818,TCS
2015-09-11,1273.25,1284.199951171875,1270.300048828125,1276.0,1128.6591796875,1592672,TCS
2015-09-14,1282.5,1282.5,1271.5,1275.824951171875,1128.5045166015625,1589318,TCS
2015-09-15,1275.824951171875,1279.449951171875,1268.0,1268.625,1122.1361083984375,1379900,TCS
2015-09-16,1277.5,1282.5,1270.5250244140625,1275.175048828125,1127.9298095703125,1756816,TCS
2015-09-18,1282.5,1293.0,1269.5,1275.625,1128.327392578125,2455294,TCS
2015-09-21,1275.0,1278.550048828125,1266.5999755859375,1275.5250244140625,1128.2391357421875,1108840,TCS
2015-09-22,1278.75,1286.199951171875,1245.0,1263.4000244140625,1117.5142822265625,2081246,TCS
2015-09-23,1267.1500244140625,1278.875,1256.300048828125,1266.324951171875,1120.1015625,1228352,TCS
2015-09-24,1267.75,1295.0,1264.949951171875,1290.199951171875,1141.2196044921875,2354254,TCS
2015-09-28,1297.0,1309.5,1289.75,1296.8499755859375,1147.1016845703125,2366812,TCS
2015-09-29,1291.675048828125,1317.0,1284.925048828125,1294.125,1144.691650390625,3325952,TCS
2015-09-30,1321.8499755859375,1321.8499755859375,1285.4749755859375,1294.0250244140625,1144.602783203125,3368336,TCS
2015-10-01,1299.5,1324.9749755859375,1296.0999755859375,1322.300048828125,1169.613037109375,2834408,TCS
2015-10-05,1326.3499755859375,1385.0,1326.3499755859375,1355.824951171875,1199.2669677734375,4807306,TCS
2015-10-06,1362.5,1363.0,1342.0,1350.0,1194.1142578125,3979590,TCS
2015-10-07,1346.9749755859375,1358.5,1323.4749755859375,1326.9749755859375,1173.7484130859375,2065530,TCS
2015-10-08,1335.0,1339.175048828125,1310.0,1316.9000244140625,1164.8365478515625,2357550,TCS
2015-10-09,1325.25,1325.300048828125,1304.0,1314.824951171875,1163.0009765625,2249724,TCS
2015-10-12,1327.5,1330.175048828125,1293.5,1296.300048828125,1146.6153564453125,2455912,TCS
2015-10-13,1301.4000244140625,1306.0,1283.800048828125,1299.2750244140625,1149.24658203125,6179712,TCS
2015-10-14,1274.0,1274.0,1240.0,1241.8499755859375,1098.4525146484375,8337128,TCS
2015-10-15,1245.0,1251.75,1232.5,1233.875,1091.3985595703125,3215710,TCS
2015-10-16,1240.449951171875,1246.0,1235.0,1236.0,1093.2783203125,2333828,TCS
2015-10-19,1245.0,1247.4749755859375,1227.925048828125,1244.375,1100.686279296875,3130642,TCS
2015-10-20,1248.125,1265.0,1247.800048828125,1263.375,1117.4921875,2695084,TCS
2015-10-21,1267.5,1271.0,1261.125,1265.0,1123.822021484375,1929688,TCS
2015-10-23,1274.0,1274.0,1263.6500244140625,1268.574951171875,1129.4532470703125,2335398,TCS
2015-10-26,1274.5,1274.5,1257.550048828125,1268.2750244140625,1129.185791015625,1414630,TCS
2015-10-27,1265.0250244140625,1272.449951171875,1260.175048828125,1265.550048828125,1126.760009765625,1530420,TCS
2015-10-28,1255.0250244140625,1266.7750244140625,1255.0250244140625,1264.550048828125,1125.86962890625,1255342,TCS
2015-10-29,1266.7750244140625,1267.699951171875,1245.0250244140625,1247.675048828125,1110.84521484375,3130316,TCS
2015-10-30,1250.0,1255.949951171875,1242.5,1247.5999755859375,1110.7784423828125,1516696,TCS
2015-11-02,1250.0,1261.4000244140625,1243.7750244140625,1258.675048828125,1120.63916015625,1319294,TCS
2015-11-03,1264.0,1273.9000244140625,1259.25,1271.7249755859375,1132.2581787109375,1364906,TCS
2015-11-04,1272.5,1273.5999755859375,1260.0,1266.9000244140625,1127.9620361328125,991434,TCS
2015-11-05,1265.4000244140625,1267.4749755859375,1240.0,1241.324951171875,1105.19189453125,1596098,TCS
2015-11-06,1246.0,1259.125,1241.7249755859375,1252.875,1115.4752197265625,908024,TCS
2015-11-09,1247.5,1251.375,1234.300048828125,1235.675048828125,1100.1617431640625,2021556,TCS
2015-11-10,1236.4749755859375,1238.5,1225.0,1229.074951171875,1094.2850341796875,1361920,TCS
2015-11-13,1219.0250244140625,1219.0250244140625,1193.2750244140625,1198.699951171875,1067.2410888671875,2743232,TCS
2015-11-16,1195.0,1195.0,1178.0,1187.300048828125,1057.091552734375,2043528,TCS
2015-11-17,1190.25,1199.2249755859375,1187.5,1195.2750244140625,1064.1922607421875,1985028,TCS
2015-11-18,1194.449951171875,1194.449951171875,1173.0,1175.7249755859375,1046.7860107421875,1520352,TCS
2015-11-19,1182.675048828125,1190.800048828125,1176.0,1181.2750244140625,1051.7271728515625,1866906,TCS
2015-11-20,1183.25,1211.7750244140625,1180.9749755859375,1199.175048828125,1067.6644287109375,2012126,TCS
2015-11-23,1202.6500244140625,1206.699951171875,1191.125,1195.5250244140625,1064.4146728515625,1088082,TCS
2015-11-24,1190.0250244140625,1196.2249755859375,1182.75,1183.9749755859375,1054.1309814453125,998640,TCS
2015-11-26,1188.949951171875,1191.199951171875,1168.925048828125,1172.7750244140625,1044.1595458984375,2915292,TCS
2015-11-27,1174.0,1179.7249755859375,1166.25,1176.675048828125,1047.6317138671875,1737206,TCS
2015-11-30,1182.5,1195.625,1175.074951171875,1186.7750244140625,1056.6241455078125,4100048,TCS
2015-12-01,1181.449951171875,1189.0250244140625,1178.5250244140625,1180.949951171875,1051.4378662109375,1721994,TCS
2015-12-02,1189.0,1189.050048828125,1173.25,1182.5999755859375,1052.9066162109375,1640296,TCS
2015-12-03,1180.0,1186.5,1173.5,1175.375,1046.474609375,2283358,TCS
2015-12-04,1170.0,1173.6500244140625,1160.550048828125,1164.199951171875,1036.5252685546875,1246092,TCS
2015-12-07,1166.0999755859375,1171.949951171875,1157.625,1159.9000244140625,1032.69677734375,1382604,TCS
2015-12-08,1159.699951171875,1174.5,1158.6500244140625,1164.5,1036.7918701171875,1139964,TCS
2015-12-09,1168.949951171875,1186.4000244140625,1160.0,1183.824951171875,1053.997802734375,5282806,TCS
2015-12-10,1184.5,1195.5999755859375,1176.0,1192.2750244140625,1061.5208740234375,1723988,TCS
2015-12-11,1191.5,1195.9749755859375,1181.625,1193.0,1062.1661376953125,1652378,TCS
2015-12-14,1167.5999755859375,1193.5,1165.300048828125,1189.2249755859375,1058.8056640625,2718532,TCS
2015-12-15,1189.2249755859375,1192.5,1181.5250244140625,1187.925048828125,1057.6480712890625,1135868,TCS
2015-12-16,1192.0,1207.25,1192.0,1204.199951171875,1072.1380615234375,1435934,TCS
2015-12-17,1207.5,1222.5,1196.675048828125,1219.875,1086.093994140625,1618844,TCS
2015-12-18,1210.0,1217.0999755859375,1200.324951171875,1208.4000244140625,1075.877685546875,3024970,TCS
2015-12-21,1209.9749755859375,1225.0,1203.425048828125,1223.199951171875,1089.054443359375,1610104,TCS
2015-12-22,1220.0,1220.0,1200.0,1202.5250244140625,1070.6468505859375,1560858,TCS
2015-12-23,1207.5,1217.5,1205.2750244140625,1212.9000244140625,1079.8841552734375,849834,TCS
2015-12-24,1210.5,1219.0999755859375,1202.0,1217.125,1083.64599609375,843160,TCS
2015-12-28,1214.0,1233.199951171875,1210.0999755859375,1231.3499755859375,1096.3104248046875,3704198,TCS
2015-12-29,1229.175048828125,1232.6500244140625,1222.875,1227.9000244140625,1093.2393798828125,1708524,TCS
2015-12-30,1226.5250244140625,1229.5,1206.1500244140625,1209.1500244140625,1076.54541015625,1605762,TCS
2015-12-31,1207.875,1224.25,1203.75,1218.425048828125,1084.8033447265625,1240318,TCS
2016-01-01,1219.5,1219.5,1206.125,1208.199951171875,1075.6993408203125,712262,TCS
2016-01-04,1205.074951171875,1207.0,1183.0250244140625,1184.800048828125,1054.8656005859375,1870184,TCS
2016-01-05,1192.5,1193.300048828125,1170.5,1174.4749755859375,1045.6732177734375,2678020,TCS
2016-01-06,1175.0999755859375,1193.074951171875,1175.0999755859375,1190.800048828125,1060.2078857421875,2653228,TCS
2016-01-07,1185.0,1191.449951171875,1180.0,1185.625,1055.5999755859375,3199580,TCS
2016-01-08,1192.5,1203.675048828125,1186.25,1198.800048828125,1067.3306884765625,1907544,TCS
2016-01-11,1191.25,1192.0,1174.425048828125,1181.175048828125,1051.6383056640625,2930228,TCS
2016-01-12,1181.3499755859375,1182.5,1150.800048828125,1163.5250244140625,1035.924072265625,3482594,TCS
2016-01-13,1158.5,1163.5,1127.550048828125,1139.5999755859375,1014.6229248046876,4746092,TCS
2016-01-14,1136.5,1149.449951171875,1125.0,1139.4000244140625,1014.4450073242188,2742052,TCS
2016-01-15,1144.425048828125,1145.8499755859375,1127.5,1130.550048828125,1006.5654296875,3269408,TCS
2016-01-18,1131.0,1145.949951171875,1130.0,1138.824951171875,1013.9327392578124,2213922,TCS
2016-01-19,1138.5,1150.0,1134.1500244140625,1139.6500244140625,1014.6675415039062,967910,TCS
2016-01-20,1136.9000244140625,1142.5,1121.5,1140.050048828125,1015.023193359375,1615954,TCS
2016-01-21,1142.5,1144.949951171875,1122.875,1127.25,1006.0536499023438,2675536,TCS
2016-01-22,1136.5,1151.0250244140625,1130.0,1147.875,1024.4619140625,1343178,TCS
2016-01-25,1150.949951171875,1169.5,1145.75,1152.324951171875,1028.4332275390625,1397560,TCS
2016-01-27,1151.0,1164.9749755859375,1140.949951171875,1159.875,1035.17138671875,1626986,TCS
2016-01-28,1157.75,1174.449951171875,1154.0250244140625,1165.5999755859375,1040.2803955078125,3106660,TCS
2016-01-29,1179.3499755859375,1200.0,1167.5250244140625,1195.6500244140625,1067.0999755859375,2235744,TCS
2016-02-01,1195.550048828125,1206.4749755859375,1179.5,1201.3499755859375,1072.187255859375,1495274,TCS
2016-02-02,1204.5,1216.5,1189.8499755859375,1199.050048828125,1070.1343994140625,1475588,TCS
2016-02-03,1193.75,1214.949951171875,1180.1500244140625,1208.1500244140625,1078.2559814453125,1308692,TCS
2016-02-04,1210.949951171875,1220.0,1201.0,1210.0250244140625,1079.9296875,1250046,TCS
2016-02-05,1204.050048828125,1219.9749755859375,1204.050048828125,1210.9749755859375,1080.7769775390625,1402996,TCS
2016-02-08,1200.0,1206.0250244140625,1173.5,1181.4749755859375,1054.4488525390625,1063658,TCS
2016-02-09,1166.800048828125,1166.800048828125,1127.800048828125,1140.699951171875,1018.057861328125,2489610,TCS
2016-02-10,1137.5,1144.949951171875,1129.050048828125,1134.4000244140625,1012.4346923828124,1890732,TCS
2016-02-11,1140.0,1144.5,1085.824951171875,1098.9749755859375,980.819091796875,1962408,TCS
2016-02-12,1100.0,1121.699951171875,1082.0,1113.300048828125,993.6038208007812,2172568,TCS
2016-02-15,1125.0,1153.425048828125,1120.0,1134.574951171875,1012.5916137695312,2479712,TCS
2016-02-16,1133.0,1141.0,1121.5,1132.7750244140625,1010.9848022460938,1588702,TCS
2016-02-17,1132.5,1139.824951171875,1123.199951171875,1137.7750244140625,1015.447509765625,1585178,TCS
2016-02-18,1142.5,1159.875,1139.0,1157.925048828125,1033.4307861328125,1529140,TCS
2016-02-19,1153.675048828125,1163.5,1152.7249755859375,1159.824951171875,1035.1263427734375,879012,TCS
2016-02-22,1160.125,1171.5,1152.5,1157.949951171875,1033.4534912109375,1324884,TCS
2016-02-23,1155.125,1159.949951171875,1128.375,1132.0,1010.2930908203124,1306852,TCS
2016-02-24,1131.2249755859375,1131.2249755859375,1100.5999755859375,1105.4749755859375,986.6199951171876,1659328,TCS
2016-02-25,1109.9000244140625,1114.0,1092.824951171875,1106.425048828125,987.4681396484376,1830556,TCS
2016-02-26,1114.8499755859375,1128.449951171875,1099.800048828125,1105.25,986.4192504882812,1537536,TCS
2016-02-29,1118.5,1118.5,1057.5,1088.4000244140625,971.381103515625,2191718,TCS
2016-03-01,1096.5,1142.550048828125,1081.0,1138.324951171875,1015.93798828125,1999760,TCS
2016-03-02,1152.5,1165.0,1128.125,1159.425048828125,1034.769775390625,1527486,TCS
2016-03-03,1168.0,1195.5,1150.5,1186.574951171875,1059.000732421875,2648284,TCS
2016-03-04,1190.0,1190.0,1174.7750244140625,1178.7750244140625,1052.039306640625,1512966,TCS
2016-03-08,1171.050048828125,1183.5,1152.0999755859375,1177.1500244140625,1050.5888671875,1268152,TCS
2016-03-09,1170.5,1184.699951171875,1147.574951171875,1178.625,1051.905517578125,2017784,TCS
2016-03-10,1178.0250244140625,1179.925048828125,1157.4749755859375,1174.1500244140625,1047.9117431640625,1661666,TCS
2016-03-11,1170.0,1195.425048828125,1167.5,1182.625,1055.4752197265625,1530528,TCS
2016-03-14,1181.0,1199.0,1170.0,1177.5,1050.9014892578125,1636742,TCS
2016-03-15,1174.5250244140625,1181.75,1160.050048828125,1164.949951171875,1039.7003173828125,1623356,TCS
2016-03-16,1157.5,1166.0,1153.449951171875,1163.5250244140625,1038.4290771484375,1918246,TCS
2016-03-17,1167.0,1180.9000244140625,1166.0,1176.0250244140625,1049.5848388671875,2221088,TCS
2016-03-18,1180.0,1215.0,1180.0,1212.925048828125,1082.517333984375,3204070,TCS
2016-03-21,1213.0,1227.4749755859375,1210.0,1223.125,1091.620849609375,2336982,TCS
2016-03-22,1221.0,1242.5,1218.25,1236.550048828125,1103.6025390625,1951984,TCS
2016-03-23,1243.949951171875,1243.949951171875,1228.6500244140625,1236.9000244140625,1103.915283203125,2278434,TCS
2016-03-28,1245.5,1258.574951171875,1230.7750244140625,1236.699951171875,1103.736328125,3320882,TCS
2016-03-29,1239.0,1243.4749755859375,1227.5,1234.699951171875,1101.9515380859375,1838796,TCS
2016-03-30,1235.449951171875,1252.5,1230.0,1244.75,1110.921142578125,2136504,TCS
2016-03-31,1239.1500244140625,1275.0,1236.074951171875,1260.1500244140625,1124.6651611328125,4363964,TCS
2016-04-01,1252.5,1260.425048828125,1217.050048828125,1226.949951171875,1095.0347900390625,3041400,TCS
2016-04-04,1228.0,1244.0,1223.5,1235.625,1102.777099609375,1752352,TCS
2016-04-05,1235.4000244140625,1242.449951171875,1221.0250244140625,1231.375,1098.98388671875,1491794,TCS
2016-04-06,1235.0,1244.5,1229.675048828125,1240.949951171875,1107.5296630859375,1763150,TCS
2016-04-07,1240.0,1242.3499755859375,1228.5,1235.4000244140625,1102.576171875,2390942,TCS
2016-04-08,1233.0,1236.8499755859375,1213.5,1216.0250244140625,1085.2841796875,1399500,TCS
2016-04-11,1216.5,1258.5,1206.5,1253.324951171875,1118.5740966796875,2400648,TCS
2016-04-12,1249.0,1262.5,1244.050048828125,1259.074951171875,1123.7059326171875,1303628,TCS
2016-04-13,1265.0,1272.5,1256.25,1263.0999755859375,1127.2982177734375,1601468,TCS
2016-04-18,1226.5,1276.75,1220.0,1259.875,1124.419921875,7121504,TCS
2016-04-20,1267.449951171875,1267.449951171875,1220.0,1225.175048828125,1093.45068359375,6405024,TCS
2016-04-21,1225.5,1233.699951171875,1206.0999755859375,1212.199951171875,1081.87060546875,2525724,TCS
2016-04-22,1209.5,1217.699951171875,1202.0999755859375,1208.5250244140625,1078.5904541015625,1964126,TCS
2016-04-25,1201.1500244140625,1228.5250244140625,1201.1500244140625,1225.625,1093.8521728515625,2267654,TCS
2016-04-26,1224.5,1246.75,1221.0,1244.9000244140625,1111.0545654296875,2554368,TCS
2016-04-27,1240.0,1257.300048828125,1237.949951171875,1255.550048828125,1120.5596923828125,1848670,TCS
2016-04-28,1250.6500244140625,1270.0,1249.050048828125,1263.875,1127.9893798828125,4992744,TCS
2016-04-29,1258.5,1271.0,1255.0,1267.75,1131.4481201171875,2372178,TCS
2016-05-02,1264.5,1265.0,1250.0,1263.3499755859375,1127.5211181640625,1116692,TCS
2016-05-03,1262.5,1265.0,1236.0,1239.050048828125,1105.8336181640625,2153118,TCS
2016-05-04,1236.949951171875,1247.0250244140625,1228.5,1239.0,1105.7891845703125,1364892,TCS
2016-05-05,1239.0,1244.9749755859375,1231.7750244140625,1235.1500244140625,1102.35302734375,1246566,TCS
2016-05-06,1232.5,1242.1500244140625,1215.5,1236.699951171875,1103.736328125,885598,TCS
2016-05-09,1236.699951171875,1259.0,1228.199951171875,1256.2750244140625,1121.2066650390625,1821276,TCS
2016-05-10,1257.5,1266.9749755859375,1248.0,1261.449951171875,1125.8251953125,1158534,TCS
2016-05-11,1250.0,1262.800048828125,1245.0,1259.1500244140625,1123.772705078125,1598716,TCS
2016-05-12,1260.2750244140625,1284.949951171875,1260.2750244140625,1283.0999755859375,1145.147705078125,1513082,TCS
2016-05-13,1282.5,1283.0,1255.074951171875,1261.699951171875,1126.0482177734375,1621730,TCS
2016-05-16,1269.0,1282.4000244140625,1261.25,1275.574951171875,1138.4315185546875,1111526,TCS
2016-05-17,1282.0999755859375,1295.625,1276.0,1285.0999755859375,1146.9322509765625,1756698,TCS
2016-05-18,1282.925048828125,1282.925048828125,1263.0250244140625,1275.550048828125,1138.409912109375,1500740,TCS
2016-05-19,1277.5,1280.0,1263.050048828125,1278.4749755859375,1141.0201416015625,1038792,TCS
2016-05-20,1271.1500244140625,1282.9000244140625,1261.4000244140625,1264.6500244140625,1128.6815185546875,1230918,TCS
2016-05-23,1272.0,1272.949951171875,1240.0999755859375,1245.7249755859375,1111.7913818359375,1533016,TCS
2016-05-24,1242.0,1244.125,1229.800048828125,1233.8499755859375,1101.19287109375,1339158,TCS
2016-05-25,1240.5,1266.4749755859375,1240.5,1263.2249755859375,1127.409423828125,1548678,TCS
2016-05-26,1265.0,1282.449951171875,1252.550048828125,1274.3499755859375,1137.3385009765625,1943248,TCS
2016-05-27,1276.574951171875,1289.925048828125,1275.300048828125,1286.324951171875,1148.02587890625,1104676,TCS
2016-05-30,1291.5,1320.9749755859375,1291.0,1318.199951171875,1176.473876953125,1349464,TCS
2016-05-31,1320.0,1323.5,1281.0,1284.699951171875,1146.575439453125,3722608,TCS
2016-06-01,1285.5999755859375,1322.5,1285.5,1316.7750244140625,1175.2022705078125,1911942,TCS
2016-06-02,1300.0,1327.1500244140625,1300.0,1325.074951171875,1182.6097412109375,1408756,TCS
2016-06-03,1325.699951171875,1329.0,1310.25,1314.7750244140625,1173.417236328125,1554922,TCS
2016-06-06,1310.25,1319.5,1301.5999755859375,1306.25,1177.9033203125,1322026,TCS
2016-06-07,1307.0,1319.5,1306.5,1315.574951171875,1186.312255859375,1202194,TCS
2016-06-08,1308.625,1314.2750244140625,1302.75,1306.550048828125,1178.174072265625,938266,TCS
2016-06-09,1311.199951171875,1311.199951171875,1277.5999755859375,1288.625,1162.01025390625,1562138,TCS
2016-06-10,1283.0,1301.625,1276.5999755859375,1277.875,1152.3165283203125,1396832,TCS
2016-06-13,1270.0,1276.675048828125,1259.0,1273.5,1148.3712158203125,1029978,TCS
2016-06-14,1279.4749755859375,1279.4749755859375,1259.125,1267.425048828125,1142.893310546875,977570,TCS
2016-06-15,1265.0,1282.449951171875,1261.0,1278.425048828125,1152.812255859375,1270844,TCS
2016-06-16,1272.7750244140625,1282.3499755859375,1258.2249755859375,1279.1500244140625,1153.46630859375,1145070,TCS
2016-06-17,1279.5,1305.0,1279.5,1301.300048828125,1173.439697265625,1878988,TCS
2016-06-20,1301.300048828125,1334.0,1295.9000244140625,1329.6500244140625,1199.00439453125,1872838,TCS
2016-06-21,1331.75,1332.5,1320.699951171875,1325.5999755859375,1195.35205078125,1027690,TCS
2016-06-22,1325.0,1338.8499755859375,1315.875,1333.824951171875,1202.76904296875,1761712,TCS
2016-06-23,1327.5,1329.75,1312.6500244140625,1322.675048828125,1192.71484375,1397014,TCS
2016-06-24,1282.574951171875,1296.5999755859375,1257.074951171875,1286.9749755859375,1160.522216796875,3766586,TCS
2016-06-27,1273.5,1273.5,1241.324951171875,1247.925048828125,1125.309326171875,4272566,TCS
2016-06-28,1247.925048828125,1251.449951171875,1229.199951171875,1231.9749755859375,1110.92626953125,4499524,TCS
2016-06-29,1237.5,1256.25,1232.6500244140625,1251.449951171875,1128.4876708984375,2531264,TCS
2016-06-30,1261.0,1281.449951171875,1250.175048828125,1276.550048828125,1151.121337890625,5121812,TCS
2016-07-01,1281.0,1282.300048828125,1247.175048828125,1250.425048828125,1127.5635986328125,2197296,TCS
2016-07-04,1258.0,1262.925048828125,1241.0,1247.0999755859375,1124.5650634765625,1883484,TCS
2016-07-05,1247.0999755859375,1248.5250244140625,1238.574951171875,1242.6500244140625,1120.552734375,1559748,TCS
2016-07-07,1243.8499755859375,1245.925048828125,1212.5,1214.9000244140625,1095.5289306640625,3316800,TCS
2016-07-08,1217.5,1221.0250244140625,1201.75,1213.300048828125,1094.0863037109375,2456356,TCS
2016-07-11,1215.0,1235.9000244140625,1213.5,1232.074951171875,1111.0166015625,1543632,TCS
2016-07-12,1235.8499755859375,1237.5,1217.925048828125,1232.4749755859375,1111.37744140625,1465536,TCS
2016-07-13,1239.0,1249.625,1225.625,1246.550048828125,1124.069091796875,2102300,TCS
2016-07-14,1243.0,1264.5,1235.5,1260.949951171875,1137.054443359375,2699988,TCS
2016-07-15,1258.5,1263.9000244140625,1213.2750244140625,1222.675048828125,1102.5400390625,8336366,TCS
2016-07-18,1223.5,1234.5,1215.300048828125,1216.7249755859375,1097.174560546875,2598850,TCS
2016-07-19,1213.75,1236.4000244140625,1213.75,1233.0999755859375,1111.94091796875,2362896,TCS
2016-07-20,1225.0,1251.25,1224.074951171875,1247.4749755859375,1124.9033203125,2815252,TCS
2016-07-21,1244.75,1259.75,1232.2249755859375,1253.0250244140625,1129.9078369140625,2527148,TCS
2016-07-22,1249.449951171875,1262.0,1246.0,1257.550048828125,1133.9884033203125,1517216,TCS
2016-07-25,1256.0,1281.5999755859375,1252.9000244140625,1279.4749755859375,1156.748779296875,1688796,TCS
2016-07-26,1279.4749755859375,1284.0,1266.5,1276.300048828125,1153.878662109375,2311290,TCS
2016-07-27,1277.5,1290.199951171875,1272.5,1288.7750244140625,1165.15673828125,1750510,TCS
2016-07-28,1290.25,1314.7750244140625,1288.5250244140625,1309.625,1184.0067138671875,4632080,TCS
2016-07-29,1307.0,1317.449951171875,1299.5,1309.6500244140625,1184.029052734375,2488084,TCS
2016-08-01,1316.0,1362.5,1316.0,1354.125,1224.23828125,3961704,TCS
2016-08-02,1351.449951171875,1357.8499755859375,1344.9000244140625,1349.5999755859375,1220.1470947265625,2578162,TCS
2016-08-03,1343.0,1349.5,1324.5250244140625,1328.1500244140625,1200.7545166015625,2294702,TCS
2016-08-04,1335.0,1341.4749755859375,1318.125,1326.0,1198.81103515625,1415416,TCS
2016-08-05,1336.949951171875,1342.1500244140625,1316.0,1324.550048828125,1197.500244140625,1868484,TCS
2016-08-08,1320.0,1334.0,1314.5250244140625,1324.75,1197.68115234375,2058244,TCS
2016-08-09,1329.0,1329.9000244140625,1289.425048828125,1325.0999755859375,1197.997314453125,2261914,TCS
2016-08-10,1325.5,1341.0,1324.0,1337.699951171875,1209.388916015625,2062078,TCS
2016-08-11,1332.7750244140625,1357.5,1332.7750244140625,1354.949951171875,1224.9842529296875,2233138,TCS
2016-08-12,1352.5,1372.4000244140625,1351.0250244140625,1369.2249755859375,1237.889892578125,2327358,TCS
2016-08-16,1369.0,1370.0,1336.925048828125,1345.8499755859375,1216.757080078125,3183754,TCS
2016-08-17,1349.5,1349.5,1309.0,1312.2750244140625,1186.402587890625,1848566,TCS
2016-08-18,1317.5,1328.7750244140625,1315.050048828125,1319.2750244140625,1192.73095703125,1292064,TCS
2016-08-19,1320.0,1323.2249755859375,1300.0,1301.75,1176.8870849609375,2416244,TCS
2016-08-22,1294.0,1297.2249755859375,1268.1500244140625,1274.3499755859375,1152.115234375,2265274,TCS
2016-08-23,1272.4749755859375,1302.4749755859375,1270.0999755859375,1300.5250244140625,1175.7796630859375,1503374,TCS
2016-08-24,1294.9000244140625,1301.0,1284.5250244140625,1286.0250244140625,1162.670166015625,1116878,TCS
2016-08-25,1290.0,1294.8499755859375,1263.0,1275.5250244140625,1153.177734375,1939690,TCS
2016-08-26,1279.9000244140625,1286.2750244140625,1258.5999755859375,1262.4749755859375,1141.37939453125,1250314,TCS
2016-08-29,1267.4749755859375,1267.4749755859375,1233.375,1250.2750244140625,1130.3497314453125,1488728,TCS
2016-08-30,1255.0,1274.9000244140625,1250.625,1272.074951171875,1150.0582275390625,1444026,TCS
2016-08-31,1275.0,1275.0,1250.425048828125,1255.6500244140625,1135.208984375,3231668,TCS
2016-09-01,1262.449951171875,1267.4749755859375,1243.5250244140625,1253.75,1133.4913330078125,1345736,TCS
2016-09-02,1256.0,1259.699951171875,1248.0250244140625,1257.4000244140625,1136.791015625,1742330,TCS
2016-09-06,1259.949951171875,1260.074951171875,1240.0,1242.0250244140625,1122.8909912109375,2239066,TCS
2016-09-07,1249.8499755859375,1249.8499755859375,1211.5,1220.2750244140625,1103.22705078125,3854040,TCS
2016-09-08,1180.0,1180.0,1142.375,1161.050048828125,1049.6829833984375,7021516,TCS
2016-09-09,1164.8499755859375,1183.324951171875,1160.0250244140625,1176.2249755859375,1063.4024658203125,2742438,TCS
2016-09-12,1168.5,1181.9749755859375,1162.0,1179.5250244140625,1066.3857421875,2024454,TCS
2016-09-14,1181.0,1188.800048828125,1155.0,1164.2249755859375,1052.55322265625,2069858,TCS
2016-09-15,1169.9749755859375,1171.050048828125,1158.375,1163.4749755859375,1051.8753662109375,2818964,TCS
2016-09-16,1168.3499755859375,1188.0,1160.0,1180.8499755859375,1067.58349609375,4358004,TCS
2016-09-19,1182.5,1213.5,1175.0,1205.7249755859375,1090.0728759765625,2802546,TCS
2016-09-20,1205.5,1208.449951171875,1192.699951171875,1203.25,1087.8353271484375,1184552,TCS
2016-09-21,1203.8499755859375,1212.0,1200.3499755859375,1206.699951171875,1090.954345703125,1678020,TCS
2016-09-22,1212.625,1214.0,1185.550048828125,1189.0,1074.9521484375,2857574,TCS
2016-09-23,1191.0,1201.925048828125,1185.574951171875,1199.050048828125,1084.0379638671875,1800726,TCS
2016-09-26,1200.550048828125,1209.550048828125,1197.5,1200.550048828125,1085.394287109375,1753476,TCS
2016-09-27,1200.550048828125,1224.0,1200.550048828125,1218.050048828125,1101.215576171875,2038792,TCS
2016-09-28,1215.5,1218.75,1207.5999755859375,1211.5250244140625,1095.3165283203125,1731328,TCS
2016-09-29,1217.5,1228.25,1209.800048828125,1218.9000244140625,1101.984130859375,3603958,TCS
2016-09-30,1218.5250244140625,1224.9000244140625,1211.550048828125,1215.4000244140625,1098.8199462890625,2175364,TCS
2016-10-03,1225.0,1228.824951171875,1200.550048828125,1205.8499755859375,1090.185791015625,1818880,TCS
2016-10-04,1210.0,1212.5250244140625,1199.0,1202.574951171875,1087.2247314453125,1780718,TCS
2016-10-05,1204.0,1207.699951171875,1188.050048828125,1193.175048828125,1078.7265625,1176354,TCS
2016-10-06,1197.5,1201.199951171875,1186.375,1194.375,1079.8114013671875,2267572,TCS
2016-10-07,1194.0,1194.0,1179.0999755859375,1183.9000244140625,1070.3414306640625,1816512,TCS
2016-10-10,1184.949951171875,1193.449951171875,1177.5250244140625,1190.1500244140625,1075.991943359375,1202142,TCS
2016-10-13,1181.6500244140625,1184.949951171875,1160.449951171875,1164.449951171875,1052.7567138671875,5173334,TCS
2016-10-14,1157.5,1193.5,1145.5,1183.0999755859375,1069.6175537109375,7741214,TCS
2016-10-17,1184.449951171875,1187.9000244140625,1172.199951171875,1181.2249755859375,1067.9227294921875,2728346,TCS
2016-10-18,1188.0,1207.8499755859375,1177.4000244140625,1200.0999755859375,1084.9873046875,2128632,TCS
2016-10-19,1200.5,1205.0,1185.1500244140625,1197.550048828125,1082.68212890625,1985058,TCS
2016-10-20,1198.449951171875,1204.675048828125,1193.0,1200.574951171875,1085.416748046875,1265854,TCS
2016-10-21,1200.0,1215.949951171875,1199.125,1214.324951171875,1097.847900390625,1259660,TCS
2016-10-24,1214.0999755859375,1217.449951171875,1201.2750244140625,1213.8499755859375,1100.3631591796875,1253190,TCS
2016-10-25,1202.5,1207.300048828125,1190.5,1199.2249755859375,1087.1055908203125,1772466,TCS
2016-10-26,1199.300048828125,1201.375,1186.25,1198.125,1086.1083984375,1437130,TCS
2016-10-27,1189.8499755859375,1214.75,1182.75,1209.050048828125,1096.0120849609375,2941602,TCS
2016-10-28,1205.0,1207.550048828125,1194.0,1199.3499755859375,1087.2193603515625,1752102,TCS
2016-11-01,1199.8499755859375,1199.8499755859375,1167.074951171875,1175.0,1065.145751953125,2934776,TCS
2016-11-02,1170.5,1172.0,1147.5,1152.0250244140625,1044.3187255859375,2325076,TCS
2016-11-03,1147.0,1167.5,1142.25,1159.7249755859375,1051.2987060546875,1463310,TCS
2016-11-04,1160.0,1168.074951171875,1147.0,1165.2750244140625,1056.329833984375,1183752,TCS
2016-11-07,1168.949951171875,1172.449951171875,1130.0250244140625,1138.5250244140625,1032.0806884765625,2048052,TCS
2016-11-08,1140.2249755859375,1153.5,1130.0,1141.5999755859375,1034.8681640625,1933634,TCS
2016-11-09,1090.0,1137.5,1071.425048828125,1084.925048828125,983.4920654296876,4500226,TCS
2016-11-10,1102.4000244140625,1108.75,1070.4000244140625,1077.7249755859375,976.9649047851562,2172426,TCS
2016-11-11,1073.5250244140625,1073.5250244140625,1043.0999755859375,1050.574951171875,952.3534545898438,2398424,TCS
2016-11-15,1058.449951171875,1078.7750244140625,1025.949951171875,1060.6500244140625,961.4863891601562,6290324,TCS
2016-11-16,1072.550048828125,1104.449951171875,1069.0,1094.800048828125,992.443359375,4019958,TCS
2016-11-17,1092.5,1104.300048828125,1065.074951171875,1068.5999755859375,968.6931762695312,2504688,TCS
2016-11-18,1071.0,1075.0,1052.0999755859375,1062.550048828125,963.208740234375,2140534,TCS
2016-11-21,1063.0999755859375,1070.0,1052.5,1066.449951171875,966.744140625,1793366,TCS
2016-11-22,1066.0,1088.7249755859375,1061.0250244140625,1067.5,967.6961059570312,1318860,TCS
2016-11-23,1074.5,1081.4749755859375,1063.5999755859375,1078.175048828125,977.373046875,1275808,TCS
2016-11-24,1077.449951171875,1103.800048828125,1068.5,1094.2249755859375,991.9224243164062,3026234,TCS
2016-11-25,1106.0,1153.625,1096.0999755859375,1150.175048828125,1042.6416015625,4276148,TCS
2016-11-28,1147.0,1159.7249755859375,1125.949951171875,1141.300048828125,1034.5965576171875,1924296,TCS
2016-11-29,1137.5,1146.0,1126.2750244140625,1129.925048828125,1024.2847900390625,1442296,TCS
2016-11-30,1132.5,1147.375,1121.1500244140625,1138.0250244140625,1031.62744140625,3445832,TCS
2016-12-01,1138.5,1145.0,1127.0250244140625,1131.7249755859375,1025.9163818359375,1123052,TCS
2016-12-02,1129.0,1135.4000244140625,1102.5999755859375,1110.925048828125,1007.0612182617188,1998032,TCS
2016-12-05,1114.5,1118.925048828125,1085.0,1093.0,990.8120727539062,2249526,TCS
2016-12-06,1095.0,1101.9749755859375,1084.949951171875,1091.175048828125,989.1578369140624,1593444,TCS
2016-12-07,1091.0999755859375,1092.2249755859375,1072.824951171875,1077.2750244140625,976.5572509765624,2065706,TCS
2016-12-08,1080.25,1099.5,1080.0,1097.875,995.2313842773438,3239546,TCS
2016-12-09,1102.5,1109.949951171875,1086.6500244140625,1097.625,995.0045776367188,1588718,TCS
2016-12-12,1097.4000244140625,1108.800048828125,1081.5,1104.0999755859375,1000.8742065429688,1311758,TCS
2016-12-13,1109.0,1109.0,1091.5,1100.1500244140625,997.2932739257812,2147534,TCS
2016-12-14,1107.0,1112.3499755859375,1094.5,1103.800048828125,1000.6021728515624,1870366,TCS
2016-12-15,1101.0,1136.050048828125,1101.0,1129.6500244140625,1024.0352783203125,4295410,TCS
2016-12-16,1138.5,1145.0,1126.0,1141.324951171875,1034.6187744140625,1987230,TCS
2016-12-19,1140.0,1148.8499755859375,1130.6500244140625,1144.449951171875,1037.45166015625,1334210,TCS
2016-12-20,1146.0,1172.5,1143.5250244140625,1169.6500244140625,1060.2958984375,2922760,TCS
2016-12-21,1171.9000244140625,1171.9000244140625,1152.800048828125,1156.800048828125,1048.6474609375,2034902,TCS
2016-12-22,1153.0,1162.5,1143.0999755859375,1153.8499755859375,1045.97314453125,1868300,TCS
2016-12-23,1150.0,1158.875,1139.4000244140625,1144.050048828125,1037.08935546875,1118954,TCS
2016-12-26,1133.0,1150.800048828125,1133.0,1146.550048828125,1039.355712890625,897408,TCS
2016-12-27,1140.75,1165.0,1140.75,1161.699951171875,1053.0892333984375,1294692,TCS
2016-12-28,1163.3499755859375,1174.949951171875,1151.574951171875,1156.699951171875,1048.55615234375,1350418,TCS
2016-12-29,1151.5,1179.949951171875,1151.5,1175.8499755859375,1065.9163818359375,1963516,TCS
2016-12-30,1177.449951171875,1189.300048828125,1172.824951171875,1182.7750244140625,1072.193603515625,1405748,TCS
2017-01-02,1183.300048828125,1187.550048828125,1176.199951171875,1180.675048828125,1070.2899169921875,823132,TCS
2017-01-03,1180.625,1185.8499755859375,1171.6500244140625,1184.125,1073.4176025390625,1475324,TCS
2017-01-04,1184.8499755859375,1194.425048828125,1179.1500244140625,1189.75,1078.5164794921875,1420066,TCS
2017-01-05,1192.0,1194.9749755859375,1160.199951171875,1167.199951171875,1058.0748291015625,2216404,TCS
2017-01-06,1160.5,1164.675048828125,1128.550048828125,1140.699951171875,1034.05224609375,3009896,TCS
2017-01-09,1137.5,1155.6500244140625,1128.5,1151.8499755859375,1044.1600341796875,1854578,TCS
2017-01-10,1152.0,1164.9000244140625,1145.75,1157.675048828125,1049.440185546875,1533914,TCS
2017-01-11,1157.5,1164.800048828125,1140.0999755859375,1162.199951171875,1053.54248046875,1931296,TCS
2017-01-12,1162.199951171875,1180.0,1152.0,1172.175048828125,1062.5845947265625,2570374,TCS
2017-01-13,1174.0,1178.9749755859375,1118.925048828125,1124.6500244140625,1019.5028686523438,10235580,TCS
2017-01-16,1125.0,1136.949951171875,1114.0,1129.2750244140625,1023.6953735351562,3364808,TCS
2017-01-17,1127.449951171875,1143.9000244140625,1126.4000244140625,1139.375,1032.851318359375,3009956,TCS
2017-01-18,1139.0,1149.0,1132.7249755859375,1147.550048828125,1040.2620849609375,3136574,TCS
2017-01-19,1147.5,1147.574951171875,1141.4749755859375,1145.5,1038.4034423828125,2251676,TCS
2017-01-20,1143.5,1150.0,1132.5,1142.675048828125,1035.84326171875,2037246,TCS
2017-01-23,1132.5,1156.75,1129.9000244140625,1153.3499755859375,1048.501953125,2318546,TCS
2017-01-24,1152.0,1161.5,1145.0,1159.175048828125,1053.79736328125,2282638,TCS
2017-01-25,1161.300048828125,1180.0,1159.0250244140625,1176.5,1069.5474853515625,4111648,TCS
2017-01-27,1172.5250244140625,1189.375,1172.5250244140625,1178.9000244140625,1071.72900390625,2871658,TCS
2017-01-30,1170.5,1175.9749755859375,1159.074951171875,1166.449951171875,1060.410888671875,2577956,TCS
2017-01-31,1160.0,1166.0250244140625,1100.0250244140625,1114.9000244140625,1013.5474243164062,4666804,TCS
2017-02-01,1110.0,1119.9749755859375,1077.7750244140625,1083.949951171875,985.4107666015624,4864152,TCS
2017-02-02,1085.0250244140625,1109.5,1076.5,1103.824951171875,1003.479248046875,6009482,TCS
2017-02-03,1104.8499755859375,1121.5,1095.5,1116.2750244140625,1014.79736328125,2153372,TCS
2017-02-06,1129.0,1129.25,1107.4749755859375,1120.375,1018.5244140625,2408910,TCS
2017-02-07,1122.0,1126.300048828125,1113.0,1122.300048828125,1020.2745971679688,1814638,TCS
2017-02-08,1122.449951171875,1141.300048828125,1122.0250244140625,1135.4749755859375,1032.2518310546875,2212584,TCS
2017-02-09,1137.5,1164.0,1135.0999755859375,1158.6500244140625,1053.3203125,4033202,TCS
2017-02-10,1155.5,1212.2249755859375,1155.5,1198.9749755859375,1089.9791259765625,5782160,TCS
2017-02-13,1198.0,1214.5,1191.175048828125,1207.125,1097.388671875,3819812,TCS
2017-02-14,1209.824951171875,1209.824951171875,1199.0,1203.125,1093.751953125,2033328,TCS
2017-02-15,1198.5,1214.0,1187.550048828125,1206.8499755859375,1097.1383056640625,1924972,TCS
2017-02-16,1230.0,1239.0,1217.800048828125,1223.875,1112.61572265625,4175680,TCS
2017-02-17,1236.0,1237.800048828125,1201.0,1203.949951171875,1094.501953125,2723324,TCS
2017-02-20,1212.5,1277.5,1204.050048828125,1251.0999755859375,1137.36572265625,3973948,TCS
2017-02-21,1257.0,1262.949951171875,1227.574951171875,1232.675048828125,1120.6158447265625,5501112,TCS
2017-02-22,1232.949951171875,1235.0,1200.074951171875,1205.75,1096.1383056640625,4505496,TCS
2017-02-23,1207.5,1246.625,1207.5,1240.9000244140625,1128.092529296875,4853352,TCS
2017-02-27,1239.550048828125,1251.0,1235.0250244140625,1244.925048828125,1131.7520751953125,2139892,TCS
2017-02-28,1244.75,1245.0,1225.0,1233.125,1121.0247802734375,2354828,TCS
2017-03-01,1239.949951171875,1250.949951171875,1235.0,1239.7750244140625,1127.0703125,1130374,TCS
2017-03-02,1243.3499755859375,1255.0,1235.0250244140625,1250.7249755859375,1137.0247802734375,1544942,TCS
2017-03-03,1246.0,1249.8499755859375,1237.699951171875,1247.0250244140625,1133.6610107421875,1013970,TCS
2017-03-06,1240.0,1242.0,1227.2750244140625,1236.25,1123.8656005859375,1400694,TCS
2017-03-07,1241.449951171875,1252.5,1237.5250244140625,1249.9000244140625,1136.2745361328125,1511672,TCS
2017-03-08,1251.0,1260.0,1246.0999755859375,1256.0999755859375,1141.9111328125,1791510,TCS
2017-03-09,1257.074951171875,1262.0,1252.0250244140625,1259.875,1145.343017578125,858468,TCS
2017-03-10,1259.800048828125,1274.7750244140625,1256.9749755859375,1271.125,1155.5704345703125,1171420,TCS
2017-03-14,1278.4000244140625,1293.574951171875,1275.5250244140625,1283.75,1167.047607421875,3402294,TCS
2017-03-15,1286.0,1286.074951171875,1246.925048828125,1249.1500244140625,1135.5928955078125,3022496,TCS
2017-03-16,1253.0,1263.5,1253.0,1260.449951171875,1145.865478515625,1571818,TCS
2017-03-17,1273.0,1273.0,1254.875,1262.875,1148.070068359375,2593152,TCS
2017-03-20,1262.9749755859375,1262.9749755859375,1233.0,1240.0,1127.274658203125,3487540,TCS
2017-03-21,1241.0,1246.0,1232.5,1243.3499755859375,1130.3201904296875,3373700,TCS
2017-03-22,1240.074951171875,1248.0,1234.9749755859375,1239.4749755859375,1126.7972412109375,1888716,TCS
2017-03-23,1241.0,1242.5250244140625,1223.5999755859375,1230.175048828125,1118.3426513671875,2620638,TCS
2017-03-24,1234.9000244140625,1234.9000244140625,1211.6500244140625,1213.5999755859375,1103.274658203125,5099814,TCS
2017-03-27,1213.4749755859375,1220.0,1203.0,1206.0250244140625,1096.3885498046875,2181270,TCS
2017-03-28,1205.0,1221.699951171875,1205.0,1214.9749755859375,1104.524658203125,1153158,TCS
2017-03-29,1218.0,1225.4000244140625,1212.800048828125,1222.300048828125,1111.18359375,1717764,TCS
2017-03-30,1222.449951171875,1232.5,1217.5,1220.5,1109.5474853515625,2986086,TCS
2017-03-31,1219.199951171875,1220.425048828125,1207.5,1215.9000244140625,1105.3656005859375,1867044,TCS
2017-04-03,1217.5,1217.5,1204.0999755859375,1205.8499755859375,1096.229248046875,1196888,TCS
2017-04-05,1209.949951171875,1209.949951171875,1197.5,1200.625,1091.4791259765625,2905568,TCS
2017-04-06,1200.0,1205.0,1196.2750244140625,1200.0250244140625,1090.933837890625,1720704,TCS
2017-04-07,1197.449951171875,1216.625,1196.074951171875,1214.5250244140625,1104.1156005859375,2277012,TCS
2017-04-10,1216.0,1224.5,1202.5,1211.125,1101.024658203125,2543264,TCS
2017-04-11,1208.6500244140625,1221.550048828125,1203.0,1209.6500244140625,1099.683837890625,1557784,TCS
2017-04-12,1211.25,1214.0,1191.5,1196.625,1087.8428955078125,1050538,TCS
2017-04-13,1200.0,1204.5,1160.5250244140625,1164.324951171875,1058.4791259765625,2500472,TCS
2017-04-17,1165.199951171875,1166.449951171875,1147.574951171875,1157.425048828125,1052.2064208984375,2270882,TCS
2017-04-18,1165.0,1167.0999755859375,1151.0250244140625,1154.4000244140625,1049.45654296875,1730620,TCS
2017-04-19,1131.75,1174.3499755859375,1126.4000244140625,1149.574951171875,1045.06982421875,5626812,TCS
2017-04-20,1152.6500244140625,1166.0,1145.4749755859375,1162.75,1057.0474853515625,1268842,TCS
2017-04-21,1164.550048828125,1167.824951171875,1150.5,1155.4000244140625,1050.3656005859375,1161154,TCS
2017-04-24,1150.0,1169.824951171875,1141.25,1164.050048828125,1058.229248046875,2000020,TCS
2017-04-25,1164.0,1172.2249755859375,1151.3499755859375,1155.75,1050.683837890625,3148710,TCS
2017-04-26,1170.0,1171.9749755859375,1151.5250244140625,1155.175048828125,1050.1610107421875,2187438,TCS
2017-04-27,1153.0250244140625,1163.9000244140625,1138.824951171875,1151.324951171875,1046.6610107421875,5773186,TCS
2017-04-28,1147.0,1149.375,1134.0,1136.574951171875,1033.2518310546875,2540510,TCS
2017-05-02,1147.0,1151.0,1140.0,1144.949951171875,1040.865234375,2382696,TCS
2017-05-03,1147.5,1172.5,1134.25,1168.6500244140625,1062.410888671875,3514406,TCS
2017-05-04,1174.9749755859375,1175.0,1154.4000244140625,1165.050048828125,1059.1385498046875,2708208,TCS
2017-05-05,1154.0,1166.25,1151.25,1160.25,1054.7745361328125,1682474,TCS
2017-05-08,1160.5,1173.699951171875,1158.8499755859375,1171.2249755859375,1064.751953125,1071782,TCS
2017-05-09,1171.9749755859375,1180.5,1166.2750244140625,1176.2750244140625,1069.3428955078125,1790270,TCS
2017-05-10,1177.5,1178.074951171875,1158.0,1166.2249755859375,1060.20654296875,1206388,TCS
2017-05-11,1173.6500244140625,1180.0,1161.375,1174.7249755859375,1067.93359375,2071302,TCS
2017-05-12,1171.6500244140625,1184.949951171875,1160.0250244140625,1180.324951171875,1073.0244140625,2314446,TCS
2017-05-15,1187.550048828125,1188.9749755859375,1170.800048828125,1182.550048828125,1075.0472412109375,1817604,TCS
2017-05-16,1190.0,1217.5,1186.7249755859375,1214.574951171875,1104.1610107421875,3601026,TCS
2017-05-17,1216.75,1230.375,1211.5,1227.675048828125,1116.070556640625,2876198,TCS
2017-05-18,1225.0,1286.0,1221.125,1268.0999755859375,1152.820068359375,5138594,TCS
2017-05-19,1268.0999755859375,1270.2750244140625,1243.0,1253.574951171875,1139.6151123046875,1786044,TCS
2017-05-22,1255.0,1276.875,1255.0,1265.675048828125,1150.6158447265625,1663940,TCS
2017-05-23,1266.5999755859375,1282.074951171875,1257.0,1260.8499755859375,1146.2293701171875,2748596,TCS
2017-05-24,1267.4000244140625,1285.0,1264.824951171875,1279.574951171875,1163.2520751953125,2534548,TCS
2017-05-25,1288.5,1318.7750244140625,1284.0,1312.300048828125,1193.002197265625,4094094,TCS
2017-05-26,1312.5,1313.425048828125,1282.324951171875,1289.125,1171.933837890625,1362550,TCS
2017-05-29,1289.5,1298.25,1282.0,1286.425048828125,1169.479248046875,1749290,TCS
2017-05-30,1280.0,1287.9749755859375,1262.5,1275.550048828125,1159.59326171875,927634,TCS
2017-05-31,1266.5,1286.25,1264.0,1273.300048828125,1157.547607421875,2502730,TCS
2017-06-01,1265.0,1282.0,1265.0,1276.800048828125,1160.7293701171875,1080064,TCS
2017-06-02,1278.125,1295.925048828125,1276.25,1282.449951171875,1165.86572265625,1355648,TCS
2017-06-05,1282.5,1309.949951171875,1280.074951171875,1301.9749755859375,1183.6158447265625,1500188,TCS
2017-06-06,1315.5,1354.4749755859375,1315.0,1348.0,1225.4566650390625,5946720,TCS
2017-06-07,1348.5,1350.0,1288.2750244140625,1307.625,1188.752197265625,4927776,TCS
2017-06-08,1299.0,1302.4749755859375,1257.75,1260.800048828125,1146.18359375,3330714,TCS
2017-06-09,1260.0,1273.699951171875,1243.0,1253.5,1139.547607421875,3148034,TCS
2017-06-12,1248.5,1256.449951171875,1235.199951171875,1243.5999755859375,1130.5474853515625,1626506,TCS
2017-06-13,1232.5,1240.550048828125,1223.5,1225.7750244140625,1126.801513671875,1175414,TCS
2017-06-14,1227.5,1238.0,1227.5,1235.0999755859375,1135.3734130859375,1489142,TCS
2017-06-15,1234.5,1234.8499755859375,1202.5,1205.5999755859375,1108.25537109375,2997198,TCS
2017-06-16,1207.4749755859375,1217.5,1193.25,1199.8499755859375,1102.9697265625,2450426,TCS
2017-06-19,1208.449951171875,1223.175048828125,1202.574951171875,1215.8499755859375,1117.677734375,1644742,TCS
2017-06-20,1215.5,1224.5,1190.1500244140625,1222.5,1123.7908935546875,1670958,TCS
2017-06-21,1220.0,1221.074951171875,1198.5999755859375,1203.1500244140625,1106.0032958984375,1657818,TCS
2017-06-22,1204.5,1215.5,1192.5,1197.425048828125,1100.7406005859375,5775882,TCS
2017-06-23,1199.699951171875,1206.9749755859375,1177.0,1180.8499755859375,1085.503662109375,1424756,TCS
2017-06-27,1175.300048828125,1192.3499755859375,1165.800048828125,1171.425048828125,1076.840087890625,1974330,TCS
2017-06-28,1174.949951171875,1179.0,1167.5,1175.0250244140625,1080.1490478515625,1789726,TCS
2017-06-29,1179.5,1186.0250244140625,1161.550048828125,1166.625,1072.4276123046875,2471826,TCS
2017-06-30,1162.199951171875,1188.5,1161.550048828125,1181.175048828125,1085.802734375,1753848,TCS
2017-07-03,1178.699951171875,1191.5250244140625,1171.550048828125,1186.800048828125,1090.973876953125,1475956,TCS
2017-07-04,1186.6500244140625,1190.2249755859375,1175.0250244140625,1183.425048828125,1087.8712158203125,1215134,TCS
2017-07-05,1180.4000244140625,1182.5,1172.5,1178.0,1082.884033203125,815856,TCS
2017-07-06,1179.5,1180.949951171875,1170.050048828125,1173.7750244140625,1079.0001220703125,1026788,TCS
2017-07-07,1175.0,1178.2249755859375,1162.75,1165.9749755859375,1071.829833984375,1232090,TCS
2017-07-10,1203.0,1222.449951171875,1189.4749755859375,1217.4749755859375,1119.1717529296875,783608,TCS
2017-07-11,1213.0,1257.4000244140625,1213.0,1237.9000244140625,1137.947265625,3537504,TCS
2017-07-12,1241.25,1241.6500244140625,1215.050048828125,1219.7249755859375,1121.240234375,2646450,TCS
2017-07-13,1222.5,1236.0,1213.300048828125,1223.199951171875,1124.4342041015625,3131960,TCS
2017-07-14,1191.5,1212.5,1187.5,1198.7249755859375,1101.935546875,4508432,TCS
2017-07-17,1198.8499755859375,1211.050048828125,1191.0999755859375,1197.7249755859375,1101.0162353515625,2211822,TCS
2017-07-18,1198.074951171875,1221.5,1198.074951171875,1204.175048828125,1106.9454345703125,1908002,TCS
2017-07-19,1207.75,1230.0,1207.550048828125,1224.800048828125,1125.9052734375,3915576,TCS
2017-07-20,1224.625,1228.449951171875,1215.25,1222.3499755859375,1123.65283203125,1182504,TCS
2017-07-21,1217.449951171875,1250.0,1217.2750244140625,1245.5999755859375,1145.0257568359375,2148416,TCS
2017-07-24,1241.0,1270.0,1241.0,1265.3499755859375,1166.4588623046875,2271402,TCS
2017-07-25,1262.875,1290.0,1259.199951171875,1285.75,1185.264404296875,2678832,TCS
2017-07-26,1280.0,1287.5,1273.5,1278.0,1178.1201171875,1459826,TCS
2017-07-27,1271.0999755859375,1292.4000244140625,1233.25,1240.8499755859375,1143.873291015625,4255304,TCS
2017-07-28,1240.5,1246.5250244140625,1221.0,1242.1500244140625,1145.0721435546875,1382752,TCS
2017-07-31,1235.5,1259.5,1231.5,1245.9000244140625,1148.52880859375,2019662,TCS
2017-08-01,1250.0,1260.375,1245.5,1250.824951171875,1153.0689697265625,1747460,TCS
2017-08-02,1250.0,1254.0,1231.0,1236.9000244140625,1140.232177734375,1251024,TCS
2017-08-03,1240.0,1251.0,1233.2249755859375,1244.7249755859375,1147.445556640625,1882548,TCS
2017-08-04,1245.4000244140625,1264.1500244140625,1244.0,1261.4000244140625,1162.817626953125,1387890,TCS
2017-08-07,1258.25,1260.0,1240.5999755859375,1251.7249755859375,1153.898681640625,1885520,TCS
2017-08-08,1256.0,1264.300048828125,1248.1500244140625,1251.5250244140625,1153.71435546875,1073958,TCS
2017-08-09,1250.0,1261.425048828125,1246.6500244140625,1256.0,1157.8392333984375,992946,TCS
2017-08-10,1254.5,1260.300048828125,1243.175048828125,1255.7249755859375,1157.5859375,1526172,TCS
2017-08-11,1249.949951171875,1267.5,1241.5,1248.0250244140625,1150.48779296875,1394736,TCS
2017-08-14,1251.5,1254.949951171875,1231.5,1234.699951171875,1138.2039794921875,786504,TCS
2017-08-16,1242.0,1271.9000244140625,1232.5999755859375,1246.175048828125,1148.7822265625,1373340,TCS
2017-08-17,1250.3499755859375,1252.5,1231.050048828125,1242.824951171875,1145.6939697265625,1752374,TCS
2017-08-18,1237.0,1274.949951171875,1235.699951171875,1256.9000244140625,1158.6688232421875,2837356,TCS
2017-08-21,1252.75,1274.5,1247.1500244140625,1264.4000244140625,1165.583251953125,2304834,TCS
2017-08-22,1261.5,1269.75,1246.0,1248.7750244140625,1151.178955078125,1131326,TCS
2017-08-23,1252.5,1258.4000244140625,1236.574951171875,1244.7249755859375,1147.445556640625,1562272,TCS
2017-08-24,1248.8499755859375,1258.9749755859375,1243.074951171875,1248.300048828125,1150.7410888671875,1623908,TCS
2017-08-28,1252.300048828125,1252.699951171875,1230.5,1243.6500244140625,1146.45458984375,2036796,TCS
2017-08-29,1241.0,1248.0,1231.9749755859375,1235.425048828125,1138.872314453125,1312602,TCS
2017-08-30,1240.5,1245.0,1230.050048828125,1242.2750244140625,1145.187255859375,970782,TCS
2017-08-31,1242.5,1252.199951171875,1233.324951171875,1248.175048828125,1150.6259765625,1784664,TCS
2017-09-01,1240.0,1249.0250244140625,1218.2750244140625,1228.2249755859375,1132.235107421875,1702330,TCS
2017-09-04,1226.550048828125,1230.5,1219.0,1228.0999755859375,1132.1197509765625,1062544,TCS
2017-09-05,1230.0,1245.0,1218.5250244140625,1242.175048828125,1145.0950927734375,1165994,TCS
2017-09-06,1234.074951171875,1237.425048828125,1225.0,1226.5999755859375,1130.7373046875,1228764,TCS
2017-09-07,1229.0,1234.199951171875,1225.5250244140625,1230.050048828125,1133.917236328125,870636,TCS
2017-09-08,1226.875,1237.0,1226.2750244140625,1235.300048828125,1138.7574462890625,1021134,TCS
2017-09-11,1235.5999755859375,1241.4749755859375,1225.0,1227.2249755859375,1131.3133544921875,732764,TCS
2017-09-12,1236.949951171875,1248.5,1228.5,1244.2249755859375,1146.9847412109375,1396460,TCS
2017-09-13,1250.0,1265.824951171875,1237.5999755859375,1244.5999755859375,1147.3304443359375,1278980,TCS
2017-09-14,1241.0,1248.800048828125,1235.949951171875,1243.4749755859375,1146.293212890625,1081510,TCS
2017-09-15,1249.5,1258.5,1242.5,1253.0250244140625,1155.096923828125,2944072,TCS
2017-09-18,1252.4749755859375,1259.4749755859375,1244.625,1249.5250244140625,1151.87060546875,726600,TCS
2017-09-19,1252.5,1252.5,1245.75,1249.125,1151.501953125,782754,TCS
2017-09-20,1257.0,1257.0,1237.1500244140625,1246.7750244140625,1149.3353271484375,1334642,TCS
2017-09-21,1245.5250244140625,1270.5,1240.0,1262.449951171875,1163.7852783203125,2438740,TCS
2017-09-22,1259.949951171875,1263.449951171875,1246.0,1251.800048828125,1153.9674072265625,2435396,TCS
2017-09-25,1248.2750244140625,1267.0,1246.375,1255.375,1157.2633056640625,1599558,TCS
2017-09-26,1255.0,1263.199951171875,1233.0,1237.324951171875,1140.6239013671875,1449230,TCS
2017-09-27,1245.0,1256.0999755859375,1236.875,1247.5,1150.0037841796875,2010356,TCS
2017-09-28,1247.3499755859375,1257.0,1226.0,1238.2249755859375,1141.4534912109375,4332866,TCS
2017-09-29,1239.5,1242.0,1210.75,1217.9749755859375,1122.785888671875,1985014,TCS
2017-10-03,1220.0,1227.1500244140625,1213.5250244140625,1224.2249755859375,1128.5479736328125,1923006,TCS
2017-10-04,1224.800048828125,1227.0,1212.5,1221.1500244140625,1125.7130126953125,1300778,TCS
2017-10-05,1220.5,1221.7249755859375,1212.199951171875,1214.800048828125,1119.859375,1684686,TCS
2017-10-06,1215.0,1227.5,1214.0250244140625,1223.324951171875,1127.718017578125,1389188,TCS
2017-10-09,1220.5250244140625,1233.9749755859375,1220.5250244140625,1227.050048828125,1131.1519775390625,1773616,TCS
2017-10-10,1227.5,1234.9749755859375,1225.625,1229.625,1133.5255126953125,1222010,TCS
2017-10-11,1230.0,1257.2249755859375,1228.375,1250.175048828125,1152.4698486328125,1527746,TCS
2017-10-12,1256.5,1277.5,1253.5,1274.0999755859375,1174.52490234375,5006356,TCS
2017-10-13,1274.0999755859375,1304.4749755859375,1261.5,1279.300048828125,1179.3184814453125,4066320,TCS
2017-10-16,1277.5250244140625,1295.0,1277.5250244140625,1292.199951171875,1191.2100830078125,1218590,TCS
2017-10-17,1292.5,1307.4749755859375,1288.7750244140625,1297.2750244140625,1195.8887939453125,1443016,TCS
2017-10-18,1297.5,1306.824951171875,1290.0,1293.300048828125,1192.2242431640625,1514144,TCS
2017-10-19,1296.0,1297.9000244140625,1285.5,1291.949951171875,1190.979736328125,86822,TCS
2017-10-23,1292.0,1314.5,1273.7249755859375,1293.949951171875,1192.823486328125,1886088,TCS
2017-10-24,1310.0,1310.449951171875,1284.5250244140625,1289.199951171875,1188.4447021484375,1339020,TCS
2017-10-25,1289.25,1307.0,1277.5,1279.949951171875,1183.129638671875,1105106,TCS
2017-10-26,1267.550048828125,1284.574951171875,1258.949951171875,1269.425048828125,1173.4007568359375,3007552,TCS
2017-10-27,1269.0,1296.574951171875,1265.1500244140625,1292.1500244140625,1194.406982421875,1409270,TCS
2017-10-30,1293.0,1310.0,1290.8499755859375,1308.0999755859375,1209.1502685546875,1137252,TCS
2017-10-31,1300.6500244140625,1320.0,1300.6500244140625,1312.0,1212.755126953125,1592634,TCS
2017-11-01,1312.0,1313.425048828125,1289.425048828125,1301.425048828125,1202.97998046875,741882,TCS
2017-11-02,1304.25,1337.0,1303.375,1313.074951171875,1213.7490234375,1468422,TCS
2017-11-03,1316.199951171875,1318.3499755859375,1301.4000244140625,1310.050048828125,1210.9527587890625,666886,TCS
2017-11-06,1310.0,1335.9000244140625,1305.875,1332.7750244140625,1231.9586181640625,1377000,TCS
2017-11-07,1335.0,1384.0,1333.0250244140625,1355.0250244140625,1252.52587890625,2696892,TCS
2017-11-08,1361.5,1379.5,1359.125,1367.5,1264.0572509765625,1402252,TCS
2017-11-09,1375.0,1375.0,1359.6500244140625,1368.199951171875,1264.7041015625,1152432,TCS
2017-11-10,1361.0999755859375,1363.0,1346.675048828125,1354.375,1251.9248046875,1356566,TCS
2017-11-13,1351.0250244140625,1388.699951171875,1351.0250244140625,1379.4749755859375,1275.126220703125,1496996,TCS
2017-11-14,1378.2750244140625,1378.2750244140625,1353.75,1357.300048828125,1254.62841796875,1657252,TCS
2017-11-15,1353.0,1377.5,1350.675048828125,1352.6500244140625,1250.330322265625,6670834,TCS
2017-11-16,1355.0,1381.5,1343.4749755859375,1373.324951171875,1269.44140625,1653482,TCS
2017-11-17,1374.050048828125,1374.050048828125,1351.800048828125,1353.6500244140625,1251.2548828125,1325464,TCS
2017-11-20,1357.5,1363.449951171875,1347.6500244140625,1351.7249755859375,1249.4752197265625,1014498,TCS
2017-11-21,1350.5,1350.5,1333.0,1336.4749755859375,1235.379150390625,1527740,TCS
2017-11-22,1336.5,1354.8499755859375,1336.199951171875,1340.324951171875,1238.937744140625,1822624,TCS
2017-11-23,1340.5,1346.5,1334.5,1340.625,1239.2152099609375,793470,TCS
2017-11-24,1341.0,1351.449951171875,1336.550048828125,1344.0250244140625,1242.357666015625,2287512,TCS
2017-11-27,1344.0,1347.949951171875,1331.0999755859375,1342.925048828125,1241.3409423828125,1856786,TCS
2017-11-28,1343.0,1351.199951171875,1335.0,1342.6500244140625,1241.08642578125,911716,TCS
2017-11-29,1338.75,1346.5,1325.0,1329.074951171875,1228.5386962890625,1447532,TCS
2017-11-30,1326.824951171875,1333.4749755859375,1311.5,1318.5,1218.763427734375,4299962,TCS
2017-12-01,1317.5,1334.0,1310.75,1314.9749755859375,1215.5052490234375,1031144,TCS
2017-12-04,1311.0,1329.25,1301.4749755859375,1316.175048828125,1216.6146240234375,1259104,TCS
2017-12-05,1315.5,1325.8499755859375,1314.074951171875,1317.7750244140625,1218.0933837890625,1167914,TCS
2017-12-06,1318.0,1322.5,1306.425048828125,1316.6500244140625,1217.0533447265625,1407518,TCS
2017-12-07,1316.1500244140625,1322.9749755859375,1307.5,1308.625,1209.6356201171875,1326300,TCS
2017-12-08,1309.0,1322.5,1298.5,1300.75,1202.3565673828125,1385548,TCS
2017-12-11,1304.175048828125,1336.324951171875,1304.175048828125,1330.550048828125,1229.902099609375,1008002,TCS
2017-12-12,1330.5,1331.0,1303.699951171875,1306.074951171875,1207.278564453125,1882246,TCS
2017-12-13,1305.699951171875,1325.7249755859375,1300.5,1314.199951171875,1214.78857421875,2961458,TCS
2017-12-14,1316.0,1316.0,1265.550048828125,1278.9000244140625,1182.1593017578125,5504150,TCS
2017-12-15,1281.875,1292.2249755859375,1268.425048828125,1272.800048828125,1176.5206298828125,2718138,TCS
2017-12-18,1268.5,1294.4749755859375,1247.175048828125,1290.25,1192.650634765625,2180664,TCS
2017-12-19,1288.0,1298.9000244140625,1282.3499755859375,1287.6500244140625,1190.247314453125,1801952,TCS
2017-12-20,1291.0,1296.375,1275.324951171875,1294.4749755859375,1196.555908203125,1577570,TCS
2017-12-21,1293.5,1304.0,1290.0250244140625,1297.8499755859375,1199.6756591796875,1293648,TCS
2017-12-22,1302.0,1331.949951171875,1295.0999755859375,1323.375,1223.269775390625,3665664,TCS
2017-12-26,1343.0,1344.875,1315.800048828125,1324.7249755859375,1224.5174560546875,2175786,TCS
2017-12-27,1324.7249755859375,1329.25,1305.25,1309.949951171875,1210.860595703125,739284,TCS
2017-12-28,1304.4000244140625,1326.75,1302.824951171875,1313.4749755859375,1214.118896484375,2605088,TCS
2017-12-29,1311.550048828125,1354.449951171875,1309.2750244140625,1350.5999755859375,1248.435302734375,2609542,TCS
2018-01-01,1341.1500244140625,1347.4000244140625,1317.5,1322.800048828125,1222.73828125,1351760,TCS
2018-01-02,1330.0,1334.800048828125,1310.0999755859375,1315.5999755859375,1216.0828857421875,1920290,TCS
2018-01-03,1316.0,1334.5,1315.5999755859375,1319.324951171875,1219.526123046875,1257120,TCS
2018-01-04,1325.0,1331.0,1320.0,1328.550048828125,1228.0537109375,913082,TCS
2018-01-05,1325.0,1349.75,1325.0,1344.5999755859375,1242.889404296875,1153706,TCS
2018-01-08,1350.0,1363.425048828125,1340.925048828125,1357.199951171875,1254.536376953125,1242220,TCS
2018-01-09,1357.5,1360.5,1338.2750244140625,1354.5,1252.0404052734375,2149396,TCS
2018-01-10,1355.5,1408.0,1347.324951171875,1403.300048828125,1297.14892578125,3365850,TCS
2018-01-11,1405.0,1410.949951171875,1391.0999755859375,1395.25,1289.7081298828125,2520744,TCS
2018-01-12,1402.5,1402.5,1370.2750244140625,1388.175048828125,1283.1680908203125,3360314,TCS
2018-01-15,1388.574951171875,1404.0,1367.5250244140625,1373.050048828125,1269.187255859375,1457214,TCS
2018-01-16,1378.0,1430.824951171875,1375.2750244140625,1425.425048828125,1317.600341796875,4267752,TCS
2018-01-17,1435.0,1462.5,1431.074951171875,1444.4749755859375,1335.2091064453125,4280806,TCS
2018-01-18,1448.5,1466.5,1434.0250244140625,1459.0999755859375,1348.7281494140625,2209478,TCS
2018-01-19,1465.2750244140625,1491.0,1451.824951171875,1479.6500244140625,1367.7237548828125,1820000,TCS
2018-01-22,1480.5,1567.3499755859375,1461.0,1558.199951171875,1443.7467041015625,4367110,TCS
2018-01-23,1557.4749755859375,1571.175048828125,1545.0250244140625,1551.0,1437.0755615234375,3239610,TCS
2018-01-24,1545.0,1629.5250244140625,1541.324951171875,1587.300048828125,1470.70947265625,5621538,TCS
2018-01-25,1587.5,1589.9000244140625,1540.5,1560.5250244140625,1445.9010009765625,3833844,TCS
2018-01-29,1565.699951171875,1612.5,1561.0,1599.425048828125,1481.9437255859375,3141060,TCS
2018-01-30,1590.0,1601.9000244140625,1571.8499755859375,1576.425048828125,1460.6331787109375,1574758,TCS
2018-01-31,1568.5,1575.0,1549.300048828125,1556.175048828125,1441.8707275390625,3043214,TCS
2018-02-01,1562.0,1595.0,1544.4000244140625,1569.300048828125,1454.031494140625,2400630,TCS
2018-02-02,1560.0,1595.0,1551.7249755859375,1576.824951171875,1461.0037841796875,2456490,TCS
2018-02-05,1555.0,1594.0,1538.425048828125,1551.5999755859375,1437.631591796875,2757742,TCS
2018-02-06,1505.0,1538.574951171875,1492.5,1498.625,1388.547607421875,2657306,TCS
2018-02-07,1513.5,1515.5,1473.7249755859375,1477.5250244140625,1368.9974365234375,2180324,TCS
2018-02-08,1489.875,1513.800048828125,1479.5,1487.0999755859375,1377.8692626953125,2755004,TCS
2018-02-09,1475.0,1497.0,1448.324951171875,1485.8499755859375,1376.711181640625,2102458,TCS
2018-02-12,1489.1500244140625,1511.675048828125,1477.7750244140625,1483.6500244140625,1374.6728515625,1974562,TCS
2018-02-14,1485.0,1487.2249755859375,1446.25,1455.9000244140625,1348.9609375,2847532,TCS
2018-02-15,1465.9749755859375,1471.5,1452.550048828125,1462.925048828125,1355.4703369140625,2465236,TCS
2018-02-16,1461.5,1499.800048828125,1461.5,1466.5250244140625,1358.805419921875,2515756,TCS
2018-02-19,1472.5,1476.6500244140625,1447.5999755859375,1461.800048828125,1354.4276123046875,1568224,TCS
2018-02-20,1464.0,1492.5250244140625,1463.949951171875,1472.375,1364.2259521484375,1889068,TCS
2018-02-21,1487.0,1531.300048828125,1480.0250244140625,1521.1500244140625,1409.4183349609375,3089228,TCS
2018-02-22,1526.0,1539.5,1511.25,1525.0999755859375,1413.078125,3463010,TCS
2018-02-23,1525.0,1544.5,1496.050048828125,1537.9000244140625,1424.937744140625,3362500,TCS
2018-02-26,1537.5,1544.9749755859375,1510.5999755859375,1515.8499755859375,1404.5076904296875,1363882,TCS
2018-02-27,1520.5,1539.2750244140625,1516.0,1521.175048828125,1409.4415283203125,1717800,TCS
2018-02-28,1517.5,1531.9749755859375,1510.7249755859375,1517.5250244140625,1406.0595703125,2706864,TCS
2018-03-01,1524.5,1530.5999755859375,1510.0,1518.8499755859375,1407.2869873046875,1718124,TCS
2018-03-05,1524.5,1556.824951171875,1516.4749755859375,1552.925048828125,1438.859130859375,2858168,TCS
2018-03-06,1561.0,1563.5,1515.074951171875,1521.4000244140625,1409.6500244140625,1906764,TCS
2018-03-07,1535.0,1544.5,1509.25,1513.7249755859375,1402.53857421875,1917772,TCS
2018-03-08,1527.449951171875,1527.449951171875,1493.75,1501.9749755859375,1391.651611328125,1951826,TCS
2018-03-09,1502.5,1531.5999755859375,1488.5999755859375,1517.050048828125,1405.6195068359375,1872436,TCS
2018-03-12,1521.5,1541.949951171875,1517.75,1526.074951171875,1413.9814453125,2091340,TCS
2018-03-13,1462.449951171875,1469.8499755859375,1436.0,1443.4000244140625,1337.3790283203125,88067154,TCS
2018-03-14,1446.4749755859375,1461.5250244140625,1437.5250244140625,1443.449951171875,1337.4254150390625,3668668,TCS
2018-03-15,1447.5,1451.2750244140625,1427.800048828125,1434.8499755859375,1329.457275390625,2348906,TCS
2018-03-16,1434.4000244140625,1436.0,1402.5,1412.8499755859375,1309.0732421875,7197482,TCS
2018-03-19,1414.5,1424.0,1410.0,1415.5,1311.528564453125,3489940,TCS
2018-03-20,1410.0,1436.5999755859375,1409.5,1432.425048828125,1327.2105712890625,4024984,TCS
2018-03-21,1436.25,1442.1500244140625,1425.0,1428.375,1323.45751953125,3907678,TCS
2018-03-22,1429.9749755859375,1437.9749755859375,1411.2750244140625,1415.675048828125,1311.690673828125,2326094,TCS
2018-03-23,1401.0,1417.050048828125,1399.0250244140625,1409.074951171875,1305.575439453125,3654122,TCS
2018-03-26,1409.5,1413.699951171875,1390.7750244140625,1408.5,1305.042724609375,2964210,TCS
2018-03-27,1412.5,1431.5,1411.5250244140625,1423.8499755859375,1319.2650146484375,2494574,TCS
2018-03-28,1417.949951171875,1437.5,1412.5,1424.574951171875,1319.936767578125,6865654,TCS
2018-04-02,1420.0,1457.0,1420.0,1454.824951171875,1347.9649658203125,1662988,TCS
2018-04-03,1446.050048828125,1464.949951171875,1446.050048828125,1455.625,1348.7061767578125,1937290,TCS
2018-04-04,1464.7249755859375,1467.0,1446.0,1455.449951171875,1348.5438232421875,2841820,TCS
2018-04-05,1463.2750244140625,1481.875,1460.175048828125,1478.9749755859375,1370.341064453125,1809424,TCS
2018-04-06,1477.0,1480.0,1463.2750244140625,1475.1500244140625,1366.7972412109375,1129018,TCS
2018-04-09,1469.8499755859375,1481.75,1457.5,1461.949951171875,1354.566650390625,1235866,TCS
2018-04-10,1462.8499755859375,1478.625,1462.8499755859375,1468.800048828125,1360.91357421875,1184532,TCS
2018-04-11,1475.300048828125,1512.5,1472.800048828125,1507.074951171875,1396.3770751953125,3124416,TCS
2018-04-12,1505.0,1575.0,1503.9749755859375,1569.625,1454.3326416015625,6114360,TCS
2018-04-13,1575.0,1620.4000244140625,1566.050048828125,1576.6500244140625,1460.8419189453125,8179118,TCS
2018-04-16,1558.0,1599.9749755859375,1555.375,1593.824951171875,1476.7550048828125,6270274,TCS
2018-04-17,1593.824951171875,1597.4749755859375,1573.5999755859375,1583.300048828125,1467.00341796875,3301724,TCS
2018-04-18,1583.0,1596.7249755859375,1572.925048828125,1579.550048828125,1463.5286865234375,2433066,TCS
2018-04-19,1589.949951171875,1608.5999755859375,1582.875,1595.574951171875,1478.376708984375,4820952,TCS
2018-04-20,1625.0,1711.175048828125,1620.0,1701.2249755859375,1576.26611328125,18465662,TCS
2018-04-23,1712.0,1778.949951171875,1694.7750244140625,1704.324951171875,1579.138427734375,15185910,TCS
2018-04-24,1705.0,1721.574951171875,1671.25,1692.824951171875,1568.4833984375,8314336,TCS
2018-04-25,1692.5,1741.5,1682.5250244140625,1735.125,1607.6763916015625,8196574,TCS
2018-04-26,1733.5,1780.0,1733.5,1769.625,1639.642333984375,12135034,TCS
2018-04-27,1762.5,1772.0,1710.0,1725.9749755859375,1599.1983642578125,4501330,TCS
2018-04-30,1725.9749755859375,1774.5,1718.800048828125,1766.050048828125,1636.3297119140625,3458558,TCS
2018-05-02,1765.25,1766.0999755859375,1735.6500244140625,1749.875,1621.3427734375,3158046,TCS
2018-05-03,1754.9000244140625,1763.0,1735.199951171875,1740.925048828125,1613.05029296875,3761550,TCS
2018-05-04,1746.0,1748.5,1735.0,1740.375,1612.5406494140625,2347244,TCS
2018-05-07,1745.0,1745.0,1705.449951171875,1710.4749755859375,1584.8369140625,3484426,TCS
2018-05-08,1717.3499755859375,1743.25,1698.3499755859375,1720.5999755859375,1594.21826171875,2992820,TCS
2018-05-09,1720.0999755859375,1747.375,1720.0999755859375,1744.6500244140625,1616.501953125,2615050,TCS
2018-05-10,1751.4749755859375,1755.574951171875,1720.0999755859375,1725.625,1598.8741455078125,3858678,TCS
2018-05-11,1727.0999755859375,1742.5,1721.25,1728.4749755859375,1601.5150146484375,2627876,TCS
2018-05-14,1728.5,1735.5,1705.4000244140625,1716.7750244140625,1590.6741943359375,2433894,TCS
2018-05-15,1725.0,1747.9000244140625,1716.8499755859375,1741.199951171875,1613.30517578125,1952890,TCS
2018-05-16,1739.9749755859375,1754.5,1737.625,1746.949951171875,1618.6326904296875,1648450,TCS
2018-05-17,1756.4749755859375,1766.574951171875,1738.0,1745.9000244140625,1617.6597900390625,2968048,TCS
2018-05-18,1740.4000244140625,1758.8499755859375,1729.0,1751.0250244140625,1622.4083251953125,1874996,TCS
2018-05-21,1764.3499755859375,1796.0,1759.0250244140625,1778.375,1647.7496337890625,3446178,TCS
2018-05-22,1779.0,1787.4749755859375,1746.8499755859375,1754.449951171875,1625.5816650390625,1857416,TCS
2018-05-23,1762.5,1772.5,1740.5,1747.550048828125,1619.188720703125,1507298,TCS
2018-05-24,1755.0,1807.5,1751.175048828125,1801.8499755859373,1669.5001220703125,2962316,TCS
2018-05-25,1812.5,1837.4000244140625,1786.2750244140625,1792.9000244140625,1661.207763671875,3769772,TCS
2018-05-28,1808.25,1808.25,1743.0,1751.0250244140625,1622.4083251953125,3716798,TCS
2018-05-29,1764.949951171875,1772.0,1744.0,1761.75,1632.3453369140625,3525312,TCS
2018-05-30,1754.5250244140625,1766.5,1741.25,1757.050048828125,1627.990966796875,3779106,TCS
2018-05-31,1734.0,1759.050048828125,1726.0999755859375,1741.050048828125,1626.58935546875,5049371,TCS
2018-06-01,1754.0,1757.5,1716.300048828125,1732.449951171875,1618.5546875,1603856,TCS
2018-06-04,1745.0,1749.0,1712.5999755859375,1744.25,1629.578857421875,1681483,TCS
2018-06-05,1744.0,1751.9000244140625,1711.1500244140625,1721.5999755859375,1608.4183349609375,2449568,TCS
2018-06-06,1723.0,1734.9000244140625,1715.199951171875,1725.75,1612.29541015625,2236512,TCS
2018-06-07,1725.0,1749.0,1723.800048828125,1735.550048828125,1621.4512939453125,2414762,TCS
2018-06-08,1735.0,1757.300048828125,1735.0,1747.0999755859375,1632.2415771484375,2582138,TCS
2018-06-11,1747.0999755859375,1763.0,1743.0,1749.699951171875,1634.6707763671875,2179378,TCS
2018-06-12,1757.0,1785.0,1753.0,1781.0,1663.9130859375,4608875,TCS
2018-06-13,1816.0,1831.6500244140625,1798.0,1824.0999755859373,1704.179443359375,5370983,TCS
2018-06-14,1830.0,1832.300048828125,1784.0,1787.550048828125,1670.0325927734375,3819998,TCS
2018-06-15,1800.0,1847.0999755859373,1788.5999755859375,1840.050048828125,1719.0809326171875,9183574,TCS
2018-06-18,1867.949951171875,1867.949951171875,1822.1500244140625,1829.0,1708.75732421875,4674987,TCS
2018-06-19,1822.1500244140625,1839.0,1821.0,1824.5,1704.553466796875,3245034,TCS
2018-06-20,1832.0,1836.300048828125,1818.5999755859373,1822.449951171875,1702.6378173828125,3107695,TCS
2018-06-21,1832.0,1832.0,1817.5999755859373,1819.3499755859373,1699.741943359375,2910659,TCS
2018-06-22,1827.0,1827.0,1799.550048828125,1809.800048828125,1690.81982421875,2949458,TCS
2018-06-25,1811.9000244140625,1822.3499755859373,1806.0,1819.25,1699.648193359375,2083217,TCS
2018-06-26,1823.0,1861.0,1821.0,1852.0,1730.245361328125,4679712,TCS
2018-06-27,1860.0,1885.1500244140625,1851.25,1858.0,1735.85107421875,4081208,TCS
2018-06-28,1865.0,1871.0,1826.300048828125,1842.699951171875,1721.556640625,4888125,TCS
2018-06-29,1844.9000244140625,1867.4000244140625,1842.300048828125,1847.75,1726.27490234375,3506276,TCS
2018-07-02,1852.0,1857.800048828125,1841.0999755859373,1851.3499755859373,1729.637939453125,2650290,TCS
2018-07-03,1859.949951171875,1879.9000244140625,1857.050048828125,1874.050048828125,1750.845703125,3242233,TCS
2018-07-04,1879.9000244140625,1879.9000244140625,1857.1500244140625,1866.1500244140625,1743.4652099609375,2700614,TCS
2018-07-05,1873.0,1887.5,1862.0999755859373,1880.300048828125,1756.68505859375,2472571,TCS
2018-07-06,1882.8499755859373,1921.0,1881.6500244140625,1912.949951171875,1787.1884765625,3713781,TCS
2018-07-09,1924.0,1924.4000244140625,1876.5,1883.0,1759.20751953125,6151747,TCS
2018-07-10,1898.0,1898.9000244140625,1870.75,1875.0999755859373,1751.8267822265625,5303302,TCS
2018-07-11,1900.0,1998.0,1894.1500244140625,1979.9000244140625,1849.7369384765625,22903802,TCS
2018-07-12,1984.0,1990.9000244140625,1960.5,1971.3499755859373,1841.7491455078125,6921701,TCS
2018-07-13,1975.0,1997.9000244140625,1974.0,1981.0999755859373,1850.85791015625,4148185,TCS
2018-07-16,1990.0,1996.0,1977.449951171875,1989.199951171875,1858.42529296875,2582159,TCS
2018-07-17,1989.0,2009.0,1981.0,2002.1500244140625,1874.29296875,3315492,TCS
2018-07-18,2005.0,2011.699951171875,1993.050048828125,2000.25,1872.5142822265625,2013869,TCS
2018-07-19,2002.0999755859373,2010.449951171875,1970.0,1981.4000244140625,1854.868408203125,1746318,TCS
2018-07-20,1984.9000244140625,2000.0,1984.0,1996.5999755859373,1869.0975341796875,1934995,TCS
2018-07-23,2001.0,2009.949951171875,1986.0,2005.6500244140625,1877.5697021484373,2086201,TCS
2018-07-24,2015.0,2015.0,1984.1500244140625,1999.0,1871.344482421875,2038423,TCS
2018-07-25,2001.9000244140625,2002.0,1968.4000244140625,1981.5,1854.961669921875,1535492,TCS
2018-07-26,1974.949951171875,1985.0,1955.0999755859373,1964.699951171875,1839.234619140625,3503036,TCS
2018-07-27,1960.8499755859373,1964.6500244140625,1940.300048828125,1943.75,1819.6224365234373,2033977,TCS
2018-07-30,1943.0,1954.699951171875,1931.550048828125,1944.5999755859373,1820.41845703125,1579251,TCS
2018-07-31,1942.0,1947.0,1928.0,1940.199951171875,1816.2991943359373,2204803,TCS
2018-08-01,1949.949951171875,1981.550048828125,1949.800048828125,1976.5,1850.281005859375,2425180,TCS
2018-08-02,1980.0,1985.0,1945.0,1948.4000244140625,1823.9757080078125,1509287,TCS
2018-08-03,1956.5,1982.050048828125,1956.5,1979.449951171875,1853.042724609375,1505131,TCS
2018-08-06,1997.0,1998.949951171875,1972.25,1975.550048828125,1849.391845703125,1532249,TCS
2018-08-07,1978.199951171875,1979.1500244140625,1960.5,1967.3499755859373,1841.715576171875,1353521,TCS
2018-08-08,1972.0,1978.300048828125,1962.0,1974.0,1847.940673828125,1315062,TCS
2018-08-09,1980.0,1980.800048828125,1966.0,1974.3499755859373,1848.2685546875,2060297,TCS
2018-08-10,1980.949951171875,1996.5,1972.050048828125,1993.0999755859373,1865.821044921875,2784105,TCS
2018-08-13,1997.800048828125,2004.25,1990.0,2000.1500244140625,1872.4208984375,3559575,TCS
2018-08-14,1992.0,2024.5999755859373,1982.4000244140625,2003.550048828125,1875.60400390625,3311765,TCS
2018-08-16,2000.300048828125,2020.050048828125,1995.0,2008.5,1880.2376708984373,2152065,TCS
2018-08-17,2013.8499755859373,2021.9000244140625,2004.0,2012.75,1884.2158203125,1213731,TCS
2018-08-20,2024.0,2024.0,2003.699951171875,2009.949951171875,1881.594970703125,1587032,TCS
2018-08-21,2010.1500244140625,2024.0,2004.0,2017.6500244140625,1888.803466796875,1376866,TCS
2018-08-23,2022.800048828125,2038.0,2020.300048828125,2035.0999755859373,1905.138916015625,3046791,TCS
2018-08-24,2035.0999755859373,2046.0,2031.0,2043.0,1912.5345458984373,1570533,TCS
2018-08-27,2043.0,2059.0,2035.0,2050.89990234375,1919.9298095703125,1532702,TCS
2018-08-28,2055.0,2072.0,2052.0,2069.199951171875,1937.06103515625,1987983,TCS
2018-08-29,2072.5,2076.60009765625,2045.5999755859373,2072.0,1939.6826171875,1525867,TCS
2018-08-30,2068.0,2085.0,2065.5,2082.39990234375,1949.4183349609373,2408020,TCS
2018-08-31,2082.300048828125,2092.0,2074.0,2078.39990234375,1945.673828125,2504554,TCS
2018-09-03,2084.800048828125,2090.0,2048.39990234375,2052.89990234375,1921.80224609375,1439711,TCS
2018-09-04,2059.800048828125,2104.75,2056.949951171875,2098.89990234375,1964.864501953125,4420803,TCS
2018-09-05,2100.0,2107.25,2075.050048828125,2079.25,1946.469482421875,1681106,TCS
2018-09-06,2075.0,2081.5,2060.300048828125,2075.300048828125,1942.771728515625,2238097,TCS
2018-09-07,2079.300048828125,2084.0,2065.39990234375,2079.85009765625,1947.0313720703125,1312182,TCS
2018-09-10,2084.39990234375,2093.39990234375,2074.25,2080.75,1947.873779296875,1530539,TCS
2018-09-11,2089.0,2089.0,2042.199951171875,2046.25,1915.5767822265625,3679745,TCS
2018-09-12,2052.35009765625,2068.89990234375,2040.0,2043.949951171875,1913.4237060546875,2307661,TCS
2018-09-14,2044.0,2071.550048828125,2018.1500244140625,2065.39990234375,1933.50390625,3642038,TCS
2018-09-17,2070.0,2077.800048828125,2054.550048828125,2074.14990234375,1941.6953125,1033857,TCS
2018-09-18,2073.0,2078.800048828125,2057.60009765625,2070.75,1938.5123291015625,1456507,TCS
2018-09-19,2071.89990234375,2089.0,2066.85009765625,2077.89990234375,1945.2056884765625,1301268,TCS
2018-09-21,2077.0,2121.0,2050.14990234375,2103.14990234375,1968.8431396484373,4508530,TCS
2018-09-24,2115.0,2210.5,2098.14990234375,2198.449951171875,2058.057373046875,3032226,TCS
2018-09-25,2204.89990234375,2211.89990234375,2153.800048828125,2183.199951171875,2043.7816162109373,2868778,TCS
2018-09-26,2187.0,2199.0,2135.10009765625,2142.14990234375,2005.352294921875,1970951,TCS
2018-09-27,2141.89990234375,2209.699951171875,2135.800048828125,2188.85009765625,2049.07080078125,3311802,TCS
2018-09-28,2178.0,2190.0,2158.85009765625,2183.699951171875,2044.2493896484373,2904371,TCS
2018-10-01,2190.89990234375,2275.949951171875,2190.35009765625,2255.550048828125,2111.510986328125,3772208,TCS
2018-10-03,2250.300048828125,2255.0,2155.60009765625,2162.85009765625,2024.7310791015625,3902322,TCS
2018-10-04,2156.60009765625,2156.64990234375,2056.35009765625,2064.800048828125,1932.9423828125,4762419,TCS
2018-10-05,2050.0,2120.0,2020.9000244140625,2102.64990234375,1968.375244140625,3417624,TCS
2018-10-08,2102.64990234375,2122.199951171875,2048.14990234375,2077.550048828125,1944.878173828125,2010154,TCS
2018-10-09,2080.35009765625,2107.64990234375,2053.199951171875,2091.800048828125,1958.2181396484373,1867130,TCS
2018-10-10,2100.0,2105.949951171875,2029.0,2043.5999755859373,1913.09619140625,2749573,TCS
2018-10-11,1985.0,2013.0,1941.0,1979.949951171875,1853.5107421875,4700256,TCS
2018-10-12,1978.0,1978.0,1903.0,1918.300048828125,1795.7978515625,9373289,TCS
2018-10-15,1940.0,1955.550048828125,1920.0,1949.5,1825.0052490234373,2638151,TCS
2018-10-16,1958.0,1971.9000244140625,1935.0,1962.300048828125,1836.98828125,2815425,TCS
2018-10-17,1970.0,1989.0,1920.0,1929.4000244140625,1806.1890869140625,2779207,TCS
2018-10-19,1929.0,1929.0,1870.050048828125,1913.199951171875,1791.0234375,3428776,TCS
2018-10-22,1914.0,1916.0,1886.949951171875,1903.0,1781.4747314453125,1778496,TCS
2018-10-23,1888.0,1898.0,1837.0,1843.6500244140625,1729.550537109375,2752811,TCS
2018-10-24,1852.050048828125,1874.0,1811.0999755859373,1848.5,1734.1002197265625,2735913,TCS
2018-10-25,1844.0,1876.9000244140625,1825.050048828125,1853.0,1738.321533203125,2507233,TCS
2018-10-26,1853.9000244140625,1853.9000244140625,1791.0999755859375,1799.0999755859375,1687.7574462890625,2285970,TCS
2018-10-29,1808.699951171875,1877.949951171875,1784.3499755859375,1871.0,1755.2076416015625,2609483,TCS
2018-10-30,1867.0,1909.4000244140625,1845.0,1894.800048828125,1777.5347900390625,2404883,TCS
2018-10-31,1900.0,1943.9000244140625,1875.449951171875,1938.1500244140625,1818.201904296875,2769190,TCS
2018-11-01,1943.6500244140625,1944.3499755859373,1901.300048828125,1935.75,1815.9505615234373,2769759,TCS
2018-11-02,1934.199951171875,1954.5999755859373,1905.0,1913.449951171875,1795.030517578125,1818635,TCS
2018-11-05,1910.0,1927.3499755859373,1884.75,1890.8499755859373,1773.829345703125,1713366,TCS
2018-11-06,1894.0,1937.5,1891.0,1932.699951171875,1813.0889892578125,1398710,TCS
2018-11-07,1940.0,1949.0,1937.0,1942.1500244140625,1821.9544677734373,144530,TCS
2018-11-09,1961.0,1961.949951171875,1905.0,1909.199951171875,1791.0435791015625,2570479,TCS
2018-11-12,1908.5,1946.0999755859373,1908.5,1914.8499755859373,1796.343994140625,2552008,TCS
2018-11-13,1915.0,1939.0,1903.0,1934.949951171875,1815.199951171875,1418432,TCS
2018-11-14,1925.0,1929.9000244140625,1870.0,1880.6500244140625,1764.260498046875,2422318,TCS
2018-11-15,1864.0,1899.0,1857.5999755859373,1872.8499755859373,1756.943115234375,1829123,TCS
2018-11-16,1889.0,1899.800048828125,1870.25,1886.5999755859373,1769.842529296875,1829729,TCS
2018-11-19,1899.0,1907.3499755859373,1864.300048828125,1902.449951171875,1784.7113037109375,1740628,TCS
2018-11-20,1902.0,1902.0,1874.199951171875,1878.25,1762.0089111328125,1190182,TCS
2018-11-21,1871.0,1871.050048828125,1798.550048828125,1812.0,1699.859375,3840461,TCS
2018-11-22,1820.0,1847.5999755859373,1809.949951171875,1812.550048828125,1700.375244140625,3194219,TCS
2018-11-26,1819.0,1860.0,1784.5,1846.0999755859373,1731.848876953125,4333177,TCS
2018-11-27,1854.0,1897.9000244140625,1835.3499755859373,1890.25,1773.266357421875,3344839,TCS
2018-11-28,1889.0,1989.0,1882.5,1983.9000244140625,1861.1204833984373,5313249,TCS
2018-11-29,1997.0,1997.0,1942.550048828125,1960.550048828125,1839.215576171875,4035441,TCS
2018-11-30,1966.0,1991.0,1959.8499755859373,1968.25,1846.439208984375,5268901,TCS
2018-12-03,1984.0,1990.0,1968.300048828125,1982.4000244140625,1859.71337890625,1610576,TCS
2018-12-04,1983.0,2019.4000244140625,1971.0,2010.8499755859373,1886.40283203125,3270615,TCS
2018-12-05,2006.0,2018.0,1985.0,2006.75,1882.556396484375,2501539,TCS
2018-12-06,1998.0,2017.0,1979.5999755859373,1992.699951171875,1869.375732421875,2321216,TCS
2018-12-07,1985.050048828125,2003.9000244140625,1973.0,1995.199951171875,1871.7215576171875,1680420,TCS
2018-12-10,1975.0,2011.0,1960.0,1975.800048828125,1853.52197265625,2010786,TCS
2018-12-11,1970.0,2010.0,1961.0,2000.0,1876.22412109375,2942014,TCS
2018-12-12,2001.0999755859373,2022.0,1984.949951171875,2016.800048828125,1891.984619140625,2219993,TCS
2018-12-13,2024.0,2029.699951171875,1974.5,1982.5999755859373,1859.9010009765625,3748429,TCS
2018-12-14,1983.0,1998.949951171875,1975.25,1989.75,1866.6085205078125,2473761,TCS
2018-12-17,1999.0,2004.9000244140625,1985.0,1994.300048828125,1870.8768310546875,1227921,TCS
2018-12-18,1991.9000244140625,2002.0,1976.4000244140625,1987.8499755859373,1864.8262939453125,1768742,TCS
2018-12-19,1984.800048828125,1984.800048828125,1960.050048828125,1968.449951171875,1846.6265869140625,2498833,TCS
2018-12-20,1953.800048828125,1974.9000244140625,1946.0,1954.050048828125,1833.1181640625,1940277,TCS
2018-12-21,1948.0,1950.0,1886.550048828125,1895.800048828125,1778.4725341796875,3729956,TCS
2018-12-24,1905.800048828125,1938.9000244140625,1905.0,1918.5,1799.76806640625,1864116,TCS
2018-12-26,1921.800048828125,1921.800048828125,1870.25,1889.199951171875,1772.2813720703125,2446614,TCS
2018-12-27,1909.0,1941.699951171875,1872.0999755859373,1908.949951171875,1790.8089599609375,4968201,TCS
2018-12-28,1915.0,1920.0,1893.0,1896.050048828125,1778.7076416015625,2239130,TCS
2018-12-31,1908.0,1909.0,1886.1500244140625,1893.050048828125,1775.8931884765625,1879740,TCS
2019-01-01,1896.0,1910.0,1885.0,1902.800048828125,1785.03955078125,1094883,TCS
2019-01-02,1905.0,1934.449951171875,1900.0,1923.300048828125,1804.27099609375,2100463,TCS
2019-01-03,1919.0,1944.949951171875,1893.0999755859373,1899.949951171875,1782.365966796875,2611668,TCS
2019-01-04,1900.0,1901.199951171875,1841.0,1876.8499755859373,1760.695556640625,4280862,TCS
2019-01-07,1891.800048828125,1908.800048828125,1881.0,1897.9000244140625,1780.44287109375,1856423,TCS
2019-01-08,1905.4000244140625,1906.4000244140625,1883.300048828125,1893.550048828125,1776.3624267578125,1691756,TCS
2019-01-09,1907.4000244140625,1919.0,1866.699951171875,1886.949951171875,1770.1705322265625,2414376,TCS
2019-01-10,1890.0,1905.0,1872.0999755859373,1888.550048828125,1771.6717529296875,3053461,TCS
2019-01-11,1870.0,1875.0,1835.0,1842.550048828125,1728.5184326171875,9209862,TCS
2019-01-14,1850.0,1851.0,1810.0,1813.25,1701.031982421875,3615370,TCS
2019-01-15,1810.0,1869.3499755859373,1808.0,1867.800048828125,1752.2059326171875,7711653,TCS
2019-01-16,1870.0,1875.0,1847.0,1870.1500244140625,1754.4105224609375,2359280,TCS
2019-01-17,1878.0,1898.0,1871.300048828125,1894.300048828125,1780.8746337890625,2625816,TCS
2019-01-18,1881.0,1904.199951171875,1876.0,1900.6500244140625,1786.8443603515625,1683728,TCS
2019-01-21,1902.0,1932.0,1895.449951171875,1908.699951171875,1794.4122314453125,2409803,TCS
2019-01-22,1907.0999755859373,1918.25,1890.0,1901.9000244140625,1788.0196533203125,2457093,TCS
2019-01-23,1901.0,1906.0999755859373,1870.0,1875.5999755859373,1763.29443359375,2578169,TCS
2019-01-24,1884.800048828125,1905.25,1875.0,1901.550048828125,1787.690673828125,1962927,TCS
2019-01-25,1902.0,1935.0,1901.0,1920.800048828125,1805.7879638671875,2327080,TCS
2019-01-28,1933.0,1962.0,1925.5,1955.0,1837.940185546875,2769033,TCS
2019-01-29,1962.0,1989.050048828125,1936.6500244140625,1982.75,1864.0284423828125,2557626,TCS
2019-01-30,1979.5999755859373,1989.5,1954.6500244140625,1981.4000244140625,1862.75927734375,2429575,TCS
2019-01-31,1987.0,2019.75,1985.0,2014.0999755859373,1893.50146484375,4094319,TCS
2019-02-01,2009.5,2034.75,1998.0999755859373,2029.949951171875,1908.402099609375,3064163,TCS
2019-02-04,2029.949951171875,2055.449951171875,2023.0,2050.25,1927.487060546875,1590764,TCS
2019-02-05,2050.0,2055.0,2028.0,2044.550048828125,1922.128173828125,1111404,TCS
2019-02-06,2049.89990234375,2086.85009765625,2041.050048828125,2074.800048828125,1950.56689453125,1789812,TCS
2019-02-07,2074.75,2097.949951171875,2067.0,2082.89990234375,1958.181884765625,1339945,TCS
2019-02-08,2075.0,2089.5,2051.0,2061.39990234375,1937.96923828125,1684474,TCS
2019-02-11,2060.0,2096.0,2048.89990234375,2065.89990234375,1942.19970703125,1778730,TCS
2019-02-12,2070.0,2070.0,2018.0,2051.60009765625,1928.756103515625,2422903,TCS
2019-02-14,2060.050048828125,2075.0,2033.050048828125,2044.5999755859373,1922.1751708984373,1724085,TCS
2019-02-15,2049.0,2052.0,2010.949951171875,2029.699951171875,1908.167236328125,1930065,TCS
2019-02-18,2037.5999755859373,2041.949951171875,1962.6500244140625,1970.300048828125,1852.32421875,2942184,TCS
2019-02-19,1970.0,1971.0,1892.0,1904.800048828125,1790.7462158203125,4408554,TCS
2019-02-20,1915.0,1933.800048828125,1881.300048828125,1914.75,1800.1002197265625,4645778,TCS
2019-02-21,1914.75,1940.0,1897.050048828125,1914.199951171875,1799.583251953125,4683919,TCS
2019-02-22,1917.199951171875,1930.0,1905.0999755859373,1925.6500244140625,1810.3475341796875,2271955,TCS
2019-02-25,1932.5,1990.0,1930.5,1985.1500244140625,1866.2850341796875,2934880,TCS
2019-02-26,1984.0,2045.1500244140625,1972.25,2038.699951171875,1916.628662109375,6453309,TCS
2019-02-27,2040.0,2074.949951171875,2022.0,2058.10009765625,1934.866943359375,4732082,TCS
2019-02-28,2060.0,2071.35009765625,1977.5999755859373,1983.449951171875,1864.686767578125,8454295,TCS
2019-03-01,1995.050048828125,2005.0,1980.3499755859373,1995.4000244140625,1875.921142578125,4148548,TCS
2019-03-05,2005.0,2007.0,1976.5999755859373,1988.0999755859373,1869.0582275390625,2449622,TCS
2019-03-06,1989.300048828125,2015.0,1985.050048828125,1999.5999755859373,1879.8697509765625,2635047,TCS
2019-03-07,2005.0,2024.050048828125,2000.199951171875,2013.300048828125,1892.749267578125,2539884,TCS
2019-03-08,2025.0,2033.0,2010.050048828125,2022.699951171875,1901.5865478515625,2031071,TCS
2019-03-11,2028.9000244140625,2033.0,2003.6500244140625,2014.800048828125,1894.1595458984373,3111689,TCS
2019-03-12,2014.050048828125,2024.800048828125,2003.0,2012.449951171875,1891.9501953125,2658550,TCS
2019-03-13,2013.0,2015.9000244140625,1978.5999755859373,2000.5,1880.7156982421875,1833163,TCS
2019-03-14,2004.949951171875,2007.800048828125,1981.0,1987.4000244140625,1868.400146484375,1905495,TCS
2019-03-15,1998.9000244140625,2068.949951171875,1991.0,2039.949951171875,1917.8035888671875,5184318,TCS
2019-03-18,2043.0,2064.60009765625,2011.0,2022.800048828125,1901.6805419921875,2349915,TCS
2019-03-19,2030.0,2030.0,1995.0999755859373,2022.800048828125,1901.6805419921875,2373993,TCS
2019-03-20,2028.0,2044.800048828125,2000.0,2015.050048828125,1894.3946533203125,3091165,TCS
2019-03-22,2015.0,2016.0,1983.300048828125,2005.6500244140625,1885.557373046875,3148149,TCS
2019-03-25,2007.800048828125,2007.800048828125,1977.199951171875,1984.25,1865.4388427734373,2429205,TCS
2019-03-26,1984.0,1994.949951171875,1958.050048828125,1982.6500244140625,1863.934814453125,2316539,TCS
2019-03-27,1994.0,1998.0,1961.0,1967.9000244140625,1850.0677490234373,2266166,TCS
2019-03-28,1980.0,2014.5999755859373,1972.800048828125,2000.300048828125,1880.5279541015625,4054489,TCS
2019-04-01,2010.0,2039.949951171875,2008.25,2031.6500244140625,1910.000732421875,2095740,TCS
2019-04-02,2037.0999755859373,2086.0,2037.0,2079.300048828125,1954.7974853515625,3719663,TCS
2019-04-03,2085.0,2089.60009765625,2058.10009765625,2079.300048828125,1954.7974853515625,2939886,TCS
2019-04-04,2078.14990234375,2079.699951171875,2007.4000244140625,2014.5,1893.8775634765625,4397518,TCS
2019-04-05,2028.6500244140625,2054.39990234375,2018.800048828125,2048.300048828125,1925.6536865234373,3152103,TCS
2019-04-08,2059.0,2075.0,2032.699951171875,2070.75,1946.759521484375,2194294,TCS
2019-04-09,2070.0,2098.0,2057.64990234375,2091.5,1966.2667236328125,2690970,TCS
2019-04-10,2083.0,2085.5,2036.0,2040.25,1918.085693359375,3313062,TCS
2019-04-11,2045.0,2055.0,2013.6500244140625,2019.5,1898.5782470703125,3422442,TCS
2019-04-12,2038.0,2039.0,2007.0,2014.5,1893.8775634765625,3198471,TCS
2019-04-15,2070.0,2119.800048828125,2041.0,2113.300048828125,1986.76171875,9189201,TCS
2019-04-16,2120.0,2155.949951171875,2115.550048828125,2131.800048828125,2004.154052734375,5771952,TCS
2019-04-18,2149.89990234375,2155.0,2114.199951171875,2150.050048828125,2021.31103515625,3413728,TCS
2019-04-22,2148.0,2176.0,2145.60009765625,2161.449951171875,2032.02880859375,2007135,TCS
2019-04-23,2163.0,2165.5,2134.050048828125,2155.050048828125,2026.0118408203125,2163524,TCS
2019-04-24,2158.0,2195.0,2156.10009765625,2183.449951171875,2052.711181640625,3003071,TCS
2019-04-25,2175.0,2205.0,2168.050048828125,2195.0,2063.5693359375,4211526,TCS
2019-04-26,2203.0,2243.949951171875,2193.14990234375,2238.550048828125,2104.511962890625,2716958,TCS
2019-04-30,2238.550048828125,2266.949951171875,2230.10009765625,2260.35009765625,2125.0068359375,3488395,TCS
2019-05-02,2255.0,2259.39990234375,2211.10009765625,2215.39990234375,2082.748291015625,2457699,TCS
2019-05-03,2185.0,2186.050048828125,2125.0,2132.0,2004.3421630859373,3780886,TCS
2019-05-06,2110.0,2165.0,2108.5,2157.85009765625,2028.6444091796875,2891422,TCS
2019-05-07,2160.050048828125,2184.35009765625,2138.800048828125,2151.949951171875,2023.097412109375,2201698,TCS
2019-05-08,2151.0,2168.0,2130.39990234375,2152.85009765625,2023.943603515625,1824895,TCS
2019-05-09,2145.0,2184.10009765625,2136.10009765625,2172.550048828125,2042.4638671875,2264162,TCS
2019-05-10,2175.0,2192.0,2125.85009765625,2135.800048828125,2007.9144287109373,2039633,TCS
2019-05-13,2133.0,2167.0,2121.64990234375,2128.75,2001.28662109375,1701744,TCS
2019-05-14,2135.0,2159.800048828125,2072.35009765625,2092.35009765625,1967.0660400390625,2456110,TCS
2019-05-15,2097.0,2124.0,2084.5,2095.39990234375,1969.9332275390625,2346876,TCS
2019-05-16,2096.0,2124.0,2077.050048828125,2108.75,1982.48388671875,1946529,TCS
2019-05-17,2112.60009765625,2135.0,2090.0,2095.449951171875,1969.9805908203125,1947908,TCS
2019-05-20,2125.0,2151.39990234375,2050.0,2143.949951171875,2015.5765380859373,2625116,TCS
2019-05-21,2148.050048828125,2148.699951171875,2102.550048828125,2109.75,1983.4239501953125,1863157,TCS
2019-05-22,2110.0,2121.949951171875,2075.0,2081.75,1957.1009521484373,2595795,TCS
2019-05-23,2098.0,2115.35009765625,2050.0,2054.050048828125,1931.059326171875,2541294,TCS
2019-05-24,2070.0,2070.0,2032.25,2048.0,1925.3714599609373,2274208,TCS
2019-05-27,2054.800048828125,2068.949951171875,2040.0999755859373,2055.14990234375,1932.093505859375,2329820,TCS
2019-05-28,2060.0,2097.5,2045.0,2073.75,1949.5797119140625,5872979,TCS
2019-05-29,2080.0,2123.699951171875,2077.10009765625,2107.550048828125,1981.35595703125,3281320,TCS
2019-05-30,2123.0,2156.550048828125,2114.39990234375,2146.300048828125,2017.785888671875,4971725,TCS
2019-05-31,2160.0,2204.949951171875,2152.25,2196.550048828125,2065.026611328125,4265370,TCS
2019-06-03,2201.0,2247.64990234375,2185.64990234375,2242.300048828125,2108.03759765625,3682419,TCS
2019-06-04,2224.0,2224.0,2175.0,2183.10009765625,2068.991455078125,2408658,TCS
2019-06-06,2199.0,2199.0,2152.0,2166.10009765625,2052.879638671875,3735467,TCS
2019-06-07,2174.0,2189.800048828125,2142.10009765625,2181.75,2067.712158203125,2659446,TCS
2019-06-10,2196.699951171875,2235.85009765625,2185.5,2231.5,2114.86083984375,2080593,TCS
2019-06-11,2237.0,2263.949951171875,2231.0,2252.800048828125,2135.048095703125,3048937,TCS
2019-06-12,2245.0,2266.89990234375,2219.0,2260.89990234375,2142.724365234375,2404448,TCS
2019-06-13,2264.0,2285.0,2243.050048828125,2254.10009765625,2136.279541015625,3320916,TCS
2019-06-14,2257.25,2263.10009765625,2234.0,2254.5,2136.658935546875,2131408,TCS
2019-06-17,2256.0,2262.0,2241.449951171875,2249.199951171875,2131.635986328125,1489497,TCS
2019-06-18,2244.0,2260.0,2231.199951171875,2250.85009765625,2133.2001953125,1877447,TCS
2019-06-19,2255.0,2276.0,2243.14990234375,2259.89990234375,2141.777099609375,1652817,TCS
2019-06-20,2230.0,2284.0,2212.0,2277.949951171875,2158.88330078125,2199377,TCS
2019-06-21,2285.0,2292.5,2242.0,2249.85009765625,2132.251953125,3871804,TCS
2019-06-24,2254.14990234375,2280.0,2250.800048828125,2275.5,2156.561767578125,1382424,TCS
2019-06-25,2270.0,2274.449951171875,2250.5,2267.800048828125,2149.263671875,1386077,TCS
2019-06-26,2265.0,2266.800048828125,2250.0,2254.199951171875,2136.374755859375,1762224,TCS
2019-06-27,2255.0,2264.0,2241.300048828125,2252.550048828125,2134.81103515625,2813464,TCS
2019-06-28,2260.0,2261.949951171875,2222.5,2227.199951171875,2110.78564453125,2372928,TCS
2019-07-01,2235.0,2255.0,2206.60009765625,2239.550048828125,2122.490234375,2769940,TCS
2019-07-02,2244.89990234375,2257.0,2216.449951171875,2252.10009765625,2134.384521484375,1771746,TCS
2019-07-03,2252.199951171875,2258.800048828125,2232.0,2237.64990234375,2120.689453125,1656881,TCS
2019-07-04,2234.0,2252.0,2230.10009765625,2242.64990234375,2125.42822265625,984140,TCS
2019-07-05,2247.0,2250.0,2140.0,2163.10009765625,2050.036376953125,4088470,TCS
2019-07-08,2149.0,2188.800048828125,2132.10009765625,2175.39990234375,2061.693603515625,2788062,TCS
2019-07-09,2174.0,2174.39990234375,2104.550048828125,2133.35009765625,2021.8414306640625,3977224,TCS
2019-07-10,2080.0,2127.85009765625,2071.300048828125,2108.199951171875,1998.0057373046875,6343581,TCS
2019-07-11,2128.0,2129.0,2086.050048828125,2102.550048828125,1992.651611328125,2400346,TCS
2019-07-12,2102.10009765625,2119.75,2093.10009765625,2107.60009765625,1997.4375,1560725,TCS
2019-07-15,2125.0,2153.60009765625,2098.0,2145.699951171875,2033.546142578125,2900415,TCS
2019-07-16,2126.0,2132.5,2100.0,2106.0,2000.582763671875,2735399,TCS
2019-07-17,2108.0,2125.0,2092.10009765625,2117.25,2011.2696533203125,1802969,TCS
2019-07-18,2116.199951171875,2116.199951171875,2060.0,2065.949951171875,1962.5374755859373,3072096,TCS
2019-07-19,2077.0,2097.0,2062.5,2076.949951171875,1972.98681640625,1953177,TCS
2019-07-22,2077.0,2117.449951171875,2068.800048828125,2109.89990234375,2004.2874755859373,1920167,TCS
2019-07-23,2127.89990234375,2130.0,2102.39990234375,2112.449951171875,2006.7098388671875,3538588,TCS
2019-07-24,2110.0,2120.800048828125,2076.5,2096.800048828125,1991.843505859375,2413196,TCS
2019-07-25,2108.89990234375,2135.0,2092.550048828125,2127.89990234375,2021.386474609375,2544464,TCS
2019-07-26,2129.800048828125,2129.800048828125,2095.0,2109.050048828125,2003.4803466796875,1720592,TCS
2019-07-29,2110.800048828125,2142.0,2103.300048828125,2130.0,2023.381591796875,1647090,TCS
2019-07-30,2130.0,2185.0,2120.449951171875,2179.14990234375,2070.071044921875,2851672,TCS
2019-07-31,2171.75,2211.699951171875,2147.14990234375,2205.699951171875,2095.292236328125,3000677,TCS
2019-08-01,2200.0,2217.5,2166.25,2180.050048828125,2070.92626953125,2375236,TCS
2019-08-02,2173.0,2210.0,2165.5,2205.300048828125,2094.912353515625,2500816,TCS
2019-08-05,2199.89990234375,2252.25,2195.60009765625,2248.60009765625,2136.044921875,3039682,TCS
2019-08-06,2232.800048828125,2251.949951171875,2211.449951171875,2214.89990234375,2104.03173828125,2885467,TCS
2019-08-07,2230.0,2238.5,2207.25,2213.449951171875,2102.654541015625,2165362,TCS
2019-08-08,2228.89990234375,2281.0,2218.89990234375,2258.10009765625,2145.069580078125,2073298,TCS
2019-08-09,2260.0,2267.89990234375,2241.35009765625,2246.25,2133.8125,1744550,TCS
2019-08-13,2245.0,2246.25,2194.300048828125,2199.449951171875,2089.35546875,1647281,TCS
2019-08-14,2181.10009765625,2217.85009765625,2167.39990234375,2204.39990234375,2094.05712890625,1945002,TCS
2019-08-16,2241.39990234375,2241.39990234375,2143.25,2165.10009765625,2056.724853515625,3755507,TCS
2019-08-19,2180.0,2186.0,2157.699951171875,2163.0,2054.729736328125,974884,TCS
2019-08-20,2172.0,2205.0,2166.5,2186.75,2077.291015625,1843611,TCS
2019-08-21,2184.949951171875,2202.0,2182.25,2186.199951171875,2076.768310546875,1214408,TCS
2019-08-22,2187.0,2235.64990234375,2170.0,2216.0,2105.07666015625,2131601,TCS
2019-08-23,2214.949951171875,2259.89990234375,2213.89990234375,2247.699951171875,2135.18994140625,2826425,TCS
2019-08-26,2247.0,2282.0,2225.0,2276.300048828125,2162.35888671875,2345475,TCS
2019-08-27,2270.0,2274.85009765625,2229.0,2236.5,2124.55078125,3432106,TCS
2019-08-28,2240.0,2252.14990234375,2216.0,2239.25,2127.162841796875,1294621,TCS
2019-08-29,2222.199951171875,2248.199951171875,2222.199951171875,2233.449951171875,2121.6533203125,1670652,TCS
2019-08-30,2241.0,2266.0,2218.0,2259.60009765625,2146.494384765625,2583625,TCS
2019-09-03,2270.0,2296.199951171875,2236.949951171875,2251.60009765625,2138.894775390625,2545060,TCS
2019-09-04,2265.0,2270.0,2233.0,2245.39990234375,2133.005126953125,2228092,TCS
2019-09-05,2242.199951171875,2253.64990234375,2207.300048828125,2215.300048828125,2104.412109375,2055943,TCS
2019-09-06,2216.0,2233.5,2192.60009765625,2197.5,2087.5029296875,1890550,TCS
2019-09-09,2200.0,2202.85009765625,2179.800048828125,2182.85009765625,2073.58642578125,1703945,TCS
2019-09-11,2186.0,2195.0,2146.550048828125,2154.0,2046.18017578125,2627440,TCS
2019-09-12,2155.0,2165.0,2120.35009765625,2133.60009765625,2026.8017578125,2118859,TCS
2019-09-13,2135.0,2157.949951171875,2115.550048828125,2141.949951171875,2034.7332763671875,2291174,TCS
2019-09-16,2159.949951171875,2173.39990234375,2126.39990234375,2150.0,2042.3807373046875,2597948,TCS
2019-09-17,2154.949951171875,2156.550048828125,2105.60009765625,2122.64990234375,2016.3992919921875,2796530,TCS
2019-09-18,2126.39990234375,2142.949951171875,2113.14990234375,2138.550048828125,2031.5037841796875,1454663,TCS
2019-09-19,2135.0,2135.800048828125,2091.0,2101.949951171875,1996.735595703125,1652691,TCS
2019-09-20,2104.89990234375,2129.39990234375,2057.0,2065.449951171875,1962.0626220703125,6941979,TCS
2019-09-23,2099.0,2099.0,1975.0,2015.800048828125,1914.8980712890625,6323401,TCS
2019-09-24,2015.0,2061.0,2013.0,2044.699951171875,1942.3511962890625,4620978,TCS
2019-09-25,2065.0,2092.0,2060.050048828125,2088.449951171875,1983.911376953125,4002232,TCS
2019-09-26,2097.89990234375,2107.0,2063.0,2087.60009765625,1983.1038818359373,4234281,TCS
2019-09-27,2085.0,2085.199951171875,2051.39990234375,2056.14990234375,1953.22802734375,2046795,TCS
2019-09-30,2061.85009765625,2104.0,2060.0,2099.300048828125,1994.21826171875,2620039,TCS
2019-10-01,2095.949951171875,2095.949951171875,2039.699951171875,2059.949951171875,1956.837890625,3342877,TCS
2019-10-03,2070.0,2081.14990234375,2046.1500244140625,2060.25,1957.1226806640625,2317618,TCS
2019-10-04,2060.60009765625,2087.949951171875,2054.949951171875,2079.35009765625,1975.2669677734373,2163251,TCS
2019-10-07,2080.0,2094.5,2041.0,2047.699951171875,1945.2010498046875,2177916,TCS
2019-10-09,2060.0,2060.0,2015.5,2020.0999755859373,1918.982666015625,2066920,TCS
2019-10-10,2028.0,2039.050048828125,1997.0999755859373,2004.449951171875,1904.1158447265625,2881452,TCS
2019-10-11,1931.0,1995.0,1925.0,1986.8499755859373,1887.3970947265625,12593069,TCS
2019-10-14,1995.0,2032.75,1968.0,2021.0,1919.8375244140625,3510704,TCS
2019-10-15,2032.0,2047.0,2022.699951171875,2037.300048828125,1935.321533203125,2261310,TCS
2019-10-16,2038.0,2056.0,2016.0,2046.4000244140625,1943.9661865234373,3034082,TCS
2019-10-17,2014.0,2038.0,1999.300048828125,2030.949951171875,1967.752197265625,3818774,TCS
2019-10-18,2037.5,2063.89990234375,2025.0,2057.35009765625,1993.3309326171875,3087901,TCS
2019-10-22,2080.0,2111.5,2040.050048828125,2051.39990234375,1987.565673828125,5552505,TCS
2019-10-23,2060.0,2083.85009765625,2052.5,2070.10009765625,2005.6839599609373,2348134,TCS
2019-10-24,2084.0,2099.0,2061.300048828125,2082.0,2017.213623046875,2798671,TCS
2019-10-25,2094.0,2130.0,2075.050048828125,2124.949951171875,2058.826904296875,3954245,TCS
2019-10-27,2129.0,2129.0,2108.800048828125,2115.699951171875,2049.865234375,224405,TCS
2019-10-29,2121.5,2201.699951171875,2121.5,2194.85009765625,2126.552734375,5064173,TCS
2019-10-30,2225.0,2260.0,2176.85009765625,2252.800048828125,2182.69873046875,5195136,TCS
2019-10-31,2250.0,2284.949951171875,2237.0,2269.64990234375,2199.0244140625,4879261,TCS
2019-11-01,2264.0,2275.0,2195.0,2200.89990234375,2132.41357421875,4172620,TCS
2019-11-04,2207.0,2229.199951171875,2180.89990234375,2193.949951171875,2125.68017578125,2646411,TCS
2019-11-05,2197.0,2211.0,2169.0,2201.85009765625,2133.33447265625,2693475,TCS
2019-11-06,2200.0,2210.800048828125,2179.0,2188.5,2120.400146484375,2540719,TCS
2019-11-07,2204.5,2204.5,2175.199951171875,2185.35009765625,2117.34765625,1915598,TCS
2019-11-08,2189.60009765625,2189.60009765625,2124.0,2129.949951171875,2063.67138671875,2788759,TCS
2019-11-11,2135.0,2139.0,2091.0,2100.949951171875,2035.5740966796875,2983768,TCS
2019-11-13,2118.0,2183.800048828125,2118.0,2178.60009765625,2110.807861328125,3823365,TCS
2019-11-14,2187.5,2200.0,2146.699951171875,2196.800048828125,2128.441162109375,2995915,TCS
2019-11-15,2196.0,2211.5,2168.75,2174.449951171875,2106.786865234375,2724180,TCS
2019-11-18,2178.39990234375,2187.75,2148.75,2152.60009765625,2085.6171875,1611089,TCS
2019-11-19,2153.0,2154.64990234375,2105.0,2108.800048828125,2043.1793212890625,2975313,TCS
2019-11-20,2121.949951171875,2135.0,2094.5,2108.550048828125,2042.9375,2894129,TCS
2019-11-21,2112.0,2126.60009765625,2107.39990234375,2118.10009765625,2052.1904296875,2052574,TCS
2019-11-22,2097.0,2107.0,2060.5,2071.699951171875,2007.234130859375,3742049,TCS
2019-11-25,2074.550048828125,2084.949951171875,2052.199951171875,2081.5,2016.729248046875,2737010,TCS
2019-11-26,2089.85009765625,2097.89990234375,2035.050048828125,2046.6500244140625,1982.9638671875,6561580,TCS
2019-11-27,2052.0,2071.699951171875,2046.550048828125,2054.300048828125,1990.3756103515625,2907521,TCS
2019-11-28,2067.050048828125,2094.39990234375,2060.0,2077.35009765625,2012.70849609375,2924429,TCS
2019-11-29,2085.0,2085.0,2045.800048828125,2053.25,1989.3585205078125,2064271,TCS
2019-12-02,2060.0,2067.699951171875,2016.0,2021.050048828125,1958.16015625,3809860,TCS
2019-12-03,2027.699951171875,2062.0,2010.0,2051.0,1987.1783447265625,4664774,TCS
2019-12-04,2053.0,2082.0,2045.5,2078.5,2013.8228759765625,3334301,TCS
2019-12-05,2083.0,2126.800048828125,2068.35009765625,2121.300048828125,2055.29052734375,3902721,TCS
2019-12-06,2124.0,2128.0,2101.0,2123.60009765625,2057.51953125,1829461,TCS
2019-12-09,2127.949951171875,2127.949951171875,2053.5,2060.449951171875,1996.3343505859373,2244747,TCS
2019-12-10,2060.0,2060.85009765625,2003.25,2012.8499755859373,1950.21533203125,4520045,TCS
2019-12-11,2025.4000244140625,2048.0,2006.75,2041.9000244140625,1978.3614501953125,4943024,TCS
2019-12-12,2051.10009765625,2083.64990234375,1984.0,2020.9000244140625,1958.014892578125,7137306,TCS
2019-12-13,2023.0,2077.39990234375,2007.0,2071.25,2006.7982177734373,5711133,TCS
2019-12-16,2096.0,2136.0,2080.300048828125,2126.75,2060.571044921875,5574177,TCS
2019-12-17,2126.5,2169.0,2119.0,2164.949951171875,2097.582763671875,6059673,TCS
2019-12-18,2174.0,2203.449951171875,2153.0,2167.75,2100.294921875,8251081,TCS
2019-12-19,2179.800048828125,2236.5,2167.550048828125,2229.050048828125,2159.68798828125,6251505,TCS
2019-12-20,2220.0,2246.699951171875,2208.25,2222.89990234375,2153.72900390625,5548338,TCS
2019-12-23,2210.0,2241.949951171875,2210.0,2231.699951171875,2162.255615234375,2247329,TCS
2019-12-24,2239.0,2243.550048828125,2211.14990234375,2215.60009765625,2146.656494140625,1805896,TCS
2019-12-26,2216.39990234375,2229.0,2195.199951171875,2201.949951171875,2133.431396484375,1880367,TCS
2019-12-27,2208.0,2226.39990234375,2176.0,2198.5,2130.088134765625,2720261,TCS
2019-12-30,2207.0,2225.0,2177.10009765625,2183.199951171875,2115.264404296875,2288830,TCS
2019-12-31,2189.0,2197.0,2157.449951171875,2161.699951171875,2094.433837890625,1909289,TCS
2020-01-01,2168.0,2183.89990234375,2154.0,2167.60009765625,2100.150146484375,1354908,TCS
2020-01-02,2179.949951171875,2179.949951171875,2149.199951171875,2157.64990234375,2090.509521484375,2380752,TCS
2020-01-03,2164.0,2223.0,2164.0,2200.64990234375,2132.171630859375,4655761,TCS
2020-01-06,2205.0,2225.949951171875,2187.89990234375,2200.449951171875,2131.9775390625,3023209,TCS
2020-01-07,2200.5,2214.64990234375,2183.800048828125,2205.85009765625,2137.21044921875,2429317,TCS
2020-01-08,2205.0,2260.0,2202.050048828125,2255.25,2185.072509765625,5197454,TCS
2020-01-09,2248.75,2251.949951171875,2210.0,2214.35009765625,2145.445556640625,3734173,TCS
2020-01-10,2228.0,2234.0,2208.0,2213.550048828125,2144.67041015625,1915807,TCS
2020-01-13,2217.85009765625,2218.949951171875,2184.699951171875,2190.35009765625,2122.192138671875,2843893,TCS
2020-01-14,2195.0,2229.800048828125,2195.0,2206.89990234375,2138.226806640625,2948452,TCS
2020-01-15,2213.0,2231.0,2194.199951171875,2226.89990234375,2157.6044921875,2620681,TCS
2020-01-16,2226.949951171875,2249.0,2215.0,2238.800048828125,2169.134033203125,3117214,TCS
2020-01-17,2240.75,2253.550048828125,2213.0,2219.10009765625,2150.0478515625,3281059,TCS
2020-01-20,2194.89990234375,2242.199951171875,2156.199951171875,2170.35009765625,2102.814697265625,5817599,TCS
2020-01-21,2169.949951171875,2186.550048828125,2158.050048828125,2171.050048828125,2103.49267578125,1902980,TCS
2020-01-22,2181.0,2210.0,2173.699951171875,2206.89990234375,2138.226806640625,1773686,TCS
2020-01-23,2209.800048828125,2217.75,2183.699951171875,2190.949951171875,2127.593505859375,2069866,TCS
2020-01-24,2190.949951171875,2190.949951171875,2170.0,2183.39990234375,2120.261962890625,1319430,TCS
2020-01-27,2189.699951171875,2193.449951171875,2165.0,2169.25,2106.521240234375,1549101,TCS
2020-01-28,2174.0,2187.800048828125,2152.0,2183.75,2120.601806640625,1743024,TCS
2020-01-29,2185.0,2186.949951171875,2150.0,2154.60009765625,2092.294921875,2306761,TCS
2020-01-30,2160.0,2165.0,2125.0,2137.85009765625,2076.029296875,2098567,TCS
2020-01-31,2139.39990234375,2144.35009765625,2071.60009765625,2079.050048828125,2018.9293212890625,3287223,TCS
2020-02-03,2152.0,2194.699951171875,2093.199951171875,2102.5,2041.701416015625,4728073,TCS
2020-02-04,2129.0,2136.699951171875,2086.60009765625,2107.75,2046.7994384765625,3509339,TCS
2020-02-05,2115.0,2156.699951171875,2104.300048828125,2146.550048828125,2084.477783203125,2439322,TCS
2020-02-06,2145.0,2174.199951171875,2115.5,2128.35009765625,2066.803955078125,2640065,TCS
2020-02-07,2139.0,2151.0,2119.0,2136.550048828125,2074.766845703125,2083442,TCS
2020-02-10,2140.89990234375,2167.0,2119.0,2161.949951171875,2099.4326171875,2383032,TCS
2020-02-11,2163.0,2174.800048828125,2147.60009765625,2153.39990234375,2091.1298828125,1335820,TCS
2020-02-12,2151.10009765625,2185.0,2150.0,2170.75,2107.97802734375,1620407,TCS
2020-02-13,2172.949951171875,2197.0,2171.0,2191.949951171875,2128.564453125,1645948,TCS
2020-02-14,2188.0,2212.0,2171.0,2184.199951171875,2121.039306640625,1500115,TCS
2020-02-17,2196.949951171875,2217.0,2190.199951171875,2203.25,2139.5380859375,1774724,TCS
2020-02-18,2199.949951171875,2221.0,2186.050048828125,2215.75,2151.6767578125,2486223,TCS
2020-02-19,2215.75,2230.0,2190.5,2196.35009765625,2132.837646484375,1760463,TCS
2020-02-20,2204.5,2214.39990234375,2151.25,2156.800048828125,2094.431640625,2317278,TCS
2020-02-24,2156.0,2178.949951171875,2106.699951171875,2115.35009765625,2054.18017578125,3092877,TCS
2020-02-25,2115.5,2176.64990234375,2111.0,2156.14990234375,2093.7998046875,2674567,TCS
2020-02-26,2154.0,2163.89990234375,2112.949951171875,2123.60009765625,2062.191650390625,2686842,TCS
2020-02-27,2119.949951171875,2119.949951171875,2086.199951171875,2105.5,2044.6146240234373,2349001,TCS
2020-02-28,2068.0,2069.5,1990.0,2000.1500244140625,1942.3114013671875,4298076,TCS
2020-03-02,2035.0,2053.949951171875,1985.699951171875,2001.300048828125,1943.4281005859373,2667076,TCS
2020-03-03,2020.0,2060.0,2012.0,2036.199951171875,1977.3184814453125,2757585,TCS
2020-03-04,2056.0,2094.449951171875,2025.0,2083.199951171875,2022.959716796875,3237002,TCS
2020-03-05,2085.699951171875,2147.75,2084.050048828125,2125.050048828125,2063.599609375,3937056,TCS
2020-03-06,2098.0,2123.64990234375,2071.60009765625,2116.449951171875,2055.248046875,2595027,TCS
2020-03-09,2075.0,2079.89990234375,1935.0,1972.3499755859373,1915.315185546875,4940975,TCS
2020-03-11,1933.0,1987.300048828125,1920.0,1953.699951171875,1897.204345703125,6796449,TCS
2020-03-12,1904.0,1908.4000244140625,1758.3499755859375,1769.8499755859375,1718.6707763671875,8728786,TCS
2020-03-13,1687.9000244140625,1820.0,1506.050048828125,1806.300048828125,1754.0667724609375,8029720,TCS
2020-03-16,1755.0,1842.25,1675.8499755859375,1696.4000244140625,1647.3448486328125,7844271,TCS
2020-03-17,1730.0,1731.0,1623.1500244140625,1658.0,1610.0552978515625,5713248,TCS
2020-03-18,1676.800048828125,1713.550048828125,1627.75,1654.4000244140625,1606.5594482421875,7258778,TCS
2020-03-19,1559.699951171875,1685.449951171875,1546.75,1636.3499755859375,1600.6412353515625,5135111,TCS
2020-03-20,1630.0,1869.0,1627.0,1797.449951171875,1758.2259521484375,8547498,TCS
2020-03-23,1620.0,1750.0,1617.75,1669.699951171875,1633.2635498046875,7003490,TCS
2020-03-24,1653.050048828125,1770.0,1632.8499755859375,1703.1500244140625,1665.9837646484375,6350865,TCS
2020-03-25,1700.0,1810.0,1680.0,1750.300048828125,1712.1048583984375,2765520,TCS
2020-03-26,1831.5999755859373,1832.050048828125,1722.550048828125,1790.949951171875,1751.8675537109375,4556067,TCS
2020-03-27,1820.0,1850.0,1750.4000244140625,1824.5,1784.6856689453125,4331250,TCS
2020-03-30,1766.0,1905.0,1763.550048828125,1778.5,1739.6895751953125,8513547,TCS
2020-03-31,1837.4000244140625,1855.0,1780.0,1826.0999755859373,1786.2506103515625,3927593,TCS
2020-04-01,1825.9000244140625,1834.75,1702.0,1708.75,1671.4615478515625,4941878,TCS
2020-04-03,1740.0,1740.0,1650.0,1654.199951171875,1618.101806640625,5735369,TCS
2020-04-07,1710.0,1785.8499755859375,1705.0,1775.199951171875,1736.461181640625,5427577,TCS
2020-04-08,1760.0,1806.0,1701.0,1705.449951171875,1668.2335205078125,6285615,TCS
2020-04-09,1750.449951171875,1778.800048828125,1731.199951171875,1766.1500244140625,1727.6090087890625,5307397,TCS
2020-04-13,1761.0,1787.0,1746.0,1759.25,1720.859375,2990438,TCS
2020-04-15,1785.0,1812.0,1727.800048828125,1735.1500244140625,1697.285400390625,4761399,TCS
2020-04-16,1709.949951171875,1764.9000244140625,1675.050048828125,1716.050048828125,1678.6021728515625,6245533,TCS
2020-04-17,1800.0,1851.949951171875,1753.0,1806.199951171875,1766.7847900390625,9895823,TCS
2020-04-20,1830.0,1830.0,1802.5,1818.6500244140625,1778.963134765625,3244282,TCS
2020-04-21,1765.0,1794.5999755859375,1727.699951171875,1737.6500244140625,1699.7308349609375,5122541,TCS
2020-04-22,1737.6500244140625,1790.0,1719.1500244140625,1769.5,1730.8856201171875,3829836,TCS
2020-04-23,1780.0,1900.0,1760.8499755859375,1878.25,1837.2625732421875,5934366,TCS
2020-04-24,1840.699951171875,1851.949951171875,1807.800048828125,1818.550048828125,1778.865478515625,2987102,TCS
2020-04-27,1832.300048828125,1875.0,1825.0,1836.5999755859373,1796.521484375,3374741,TCS
2020-04-28,1865.0,1868.0,1832.5999755859373,1859.050048828125,1818.4815673828125,2678505,TCS
2020-04-29,1874.0,1912.550048828125,1850.050048828125,1905.6500244140625,1864.0648193359373,4241510,TCS
2020-04-30,1980.0,2032.0,1942.199951171875,2014.449951171875,1970.4903564453125,5915544,TCS
2020-05-04,1966.0,1966.0,1913.6500244140625,1930.449951171875,1888.323486328125,3729348,TCS
2020-05-05,1955.0999755859373,1977.0,1927.0,1932.75,1890.5733642578125,2905528,TCS
2020-05-06,1939.800048828125,1953.699951171875,1893.5999755859373,1903.5999755859373,1862.0594482421875,3517431,TCS
2020-05-07,1910.0,1934.449951171875,1883.3499755859373,1891.6500244140625,1850.3701171875,3166754,TCS
2020-05-08,1939.0999755859373,1939.5,1886.25,1893.4000244140625,1852.0819091796875,2686530,TCS
2020-05-11,1909.0,1951.4000244140625,1909.0,1935.300048828125,1893.067626953125,2449841,TCS
2020-05-12,1933.4000244140625,1956.5,1910.25,1949.5,1906.9576416015625,3256595,TCS
2020-05-13,1994.0,1994.0,1925.6500244140625,1949.6500244140625,1907.1044921875,2656665,TCS
2020-05-14,1910.0,1923.0999755859373,1891.0999755859373,1902.3499755859373,1860.8365478515625,2263146,TCS
2020-05-15,1916.0,1917.4000244140625,1865.199951171875,1892.9000244140625,1851.5928955078125,3173682,TCS
2020-05-18,1907.0,1952.949951171875,1872.0999755859373,1945.5999755859373,1903.142822265625,3727694,TCS
2020-05-19,1903.0,1966.449951171875,1903.0,1948.6500244140625,1906.1263427734373,3198693,TCS
2020-05-20,1950.0,1962.9000244140625,1931.699951171875,1953.5999755859373,1910.96826171875,2778505,TCS
2020-05-21,1946.0,1998.0,1941.1500244140625,1991.199951171875,1947.747802734375,3400908,TCS
2020-05-22,1977.0999755859373,2032.0,1961.25,2020.3499755859373,1976.2615966796875,3663418,TCS
2020-05-26,2015.0,2024.0,1925.0,1943.0,1900.5997314453125,4575317,TCS
2020-05-27,1959.0,2010.0,1941.25,2005.300048828125,1961.5400390625,3482160,TCS
2020-05-28,1988.5,2014.0,1971.300048828125,2004.300048828125,1960.56201171875,3475681,TCS
2020-05-29,1982.0,2002.6500244140625,1962.4000244140625,1972.3499755859373,1929.3092041015625,7237735,TCS
2020-06-01,1990.0,2060.0,1981.0999755859373,2045.25,2000.618408203125,3747773,TCS
2020-06-02,2060.199951171875,2081.0,2040.050048828125,2047.1500244140625,2002.4766845703125,2443886,TCS
2020-06-03,2051.85009765625,2063.75,2020.0,2046.1500244140625,2007.382080078125,3699799,TCS
2020-06-04,2046.75,2100.0,2046.75,2091.550048828125,2051.922119140625,4048593,TCS
2020-06-05,2091.60009765625,2098.0,2040.300048828125,2048.25,2009.4422607421875,3573289,TCS
2020-06-08,2078.25,2095.0,2062.10009765625,2071.75,2032.4970703125,2957841,TCS
2020-06-09,2063.10009765625,2095.5,2060.25,2072.050048828125,2032.791259765625,2909439,TCS
2020-06-10,2077.050048828125,2132.0,2073.5,2108.75,2068.7958984375,5168397,TCS
2020-06-11,2100.0,2105.0,2061.800048828125,2067.64990234375,2028.474853515625,2269513,TCS
2020-06-12,2011.199951171875,2049.199951171875,2011.0,2039.5,2000.858154296875,2842642,TCS
2020-06-15,2039.0999755859373,2059.0,2000.949951171875,2029.9000244140625,1991.4400634765625,2399022,TCS
2020-06-16,2065.0,2073.949951171875,2031.0,2045.800048828125,2007.0389404296875,2146528,TCS
2020-06-17,2046.0,2058.85009765625,2026.550048828125,2047.800048828125,2009.000732421875,2703527,TCS
2020-06-18,2045.0,2059.199951171875,2025.199951171875,2038.0999755859373,1999.484619140625,1944389,TCS
2020-06-19,2042.0,2090.0,2032.0,2044.5999755859373,2005.8614501953125,5681758,TCS
2020-06-22,2050.0,2052.25,2019.1500244140625,2027.949951171875,1989.527099609375,3196138,TCS
2020-06-23,2027.0,2044.0,2010.0,2035.300048828125,1996.73779296875,4205944,TCS
2020-06-24,2034.0,2064.25,2031.5999755859373,2042.199951171875,2003.5068359375,2560937,TCS
2020-06-25,2035.0,2060.0,2009.25,2016.0999755859373,1977.9014892578125,3043931,TCS
2020-06-26,2025.0,2132.0,2019.949951171875,2118.85009765625,2078.70458984375,6300722,TCS
2020-06-29,2108.0,2127.60009765625,2091.300048828125,2101.64990234375,2061.830078125,3076341,TCS
2020-06-30,2100.0,2111.89990234375,2075.050048828125,2082.14990234375,2042.69970703125,3071725,TCS
2020-07-01,2079.699951171875,2113.949951171875,2079.5,2092.050048828125,2052.41259765625,2503466,TCS
2020-07-02,2102.0,2165.0,2098.0,2157.14990234375,2116.278564453125,3758699,TCS
2020-07-03,2163.64990234375,2205.0,2160.25,2199.64990234375,2157.973388671875,4185208,TCS
2020-07-06,2205.0,2269.89990234375,2205.0,2263.199951171875,2220.31982421875,5190366,TCS
2020-07-07,2275.0,2302.699951171875,2232.14990234375,2269.89990234375,2226.892578125,5630055,TCS
2020-07-08,2270.0,2274.39990234375,2207.60009765625,2218.89990234375,2176.85888671875,2793358,TCS
2020-07-09,2229.0,2244.5,2191.050048828125,2204.35009765625,2162.5849609375,3443998,TCS
2020-07-10,2205.25,2249.85009765625,2176.0,2222.35009765625,2180.243896484375,9610320,TCS
2020-07-13,2220.0,2244.949951171875,2210.0,2220.0,2177.937744140625,2963503,TCS
2020-07-14,2210.0,2239.0,2165.0,2171.949951171875,2130.798583984375,2976738,TCS
2020-07-15,2185.0,2260.0,2181.10009765625,2233.89990234375,2191.574951171875,5569321,TCS
2020-07-16,2244.0,2333.0,2220.10009765625,2234.75,2197.326904296875,8582118,TCS
2020-07-17,2237.0,2243.89990234375,2190.050048828125,2200.75,2163.896240234375,4509135,TCS
2020-07-20,2201.0,2226.89990234375,2190.800048828125,2207.89990234375,2170.92626953125,2952646,TCS
2020-07-21,2230.0,2238.64990234375,2201.14990234375,2225.050048828125,2187.7890625,2665286,TCS
2020-07-22,2231.0,2231.0,2184.199951171875,2190.949951171875,2154.26025390625,2861534,TCS
2020-07-23,2190.949951171875,2190.949951171875,2163.0,2171.199951171875,2134.8408203125,2265766,TCS
2020-07-24,2154.5,2163.0,2125.10009765625,2157.39990234375,2121.271728515625,3665100,TCS
2020-07-27,2165.0,2215.0,2163.5,2206.800048828125,2169.844970703125,4248480,TCS
2020-07-28,2215.0,2320.0,2215.0,2309.75,2271.070556640625,8092319,TCS
2020-07-29,2292.0,2342.0,2246.050048828125,2276.050048828125,2237.935302734375,6090431,TCS
2020-07-30,2285.89990234375,2358.0,2272.25,2279.5,2241.3271484375,7098496,TCS
2020-07-31,2303.14990234375,2334.800048828125,2257.449951171875,2281.39990234375,2243.1953125,4723290,TCS
2020-08-03,2290.449951171875,2303.85009765625,2230.699951171875,2254.14990234375,2216.40185546875,4012337,TCS
2020-08-04,2259.949951171875,2269.64990234375,2225.050048828125,2249.699951171875,2212.026611328125,2927928,TCS
2020-08-05,2260.0,2300.0,2253.0,2259.5,2221.662353515625,3800641,TCS
2020-08-06,2275.0,2319.5,2265.35009765625,2308.10009765625,2269.448486328125,4748047,TCS
2020-08-07,2308.0,2328.0,2287.0,2295.35009765625,2256.911865234375,3165491,TCS
2020-08-10,2318.0,2325.0,2276.050048828125,2282.800048828125,2244.572509765625,2929353,TCS
2020-08-11,2283.0,2312.0,2275.60009765625,2279.89990234375,2241.720703125,2774423,TCS
2020-08-12,2288.35009765625,2296.39990234375,2246.550048828125,2257.35009765625,2219.548583984375,3415751,TCS
2020-08-13,2273.0,2300.0,2250.5,2254.449951171875,2216.697021484375,2695682,TCS
2020-08-14,2277.0,2281.300048828125,2233.10009765625,2242.14990234375,2204.602783203125,2270405,TCS
2020-08-17,2263.0,2270.0,2238.25,2253.39990234375,2215.664306640625,2625630,TCS
2020-08-18,2262.800048828125,2289.0,2248.300048828125,2269.75,2231.740478515625,3493374,TCS
2020-08-19,2276.35009765625,2284.60009765625,2252.5,2256.60009765625,2218.81103515625,2843005,TCS
2020-08-20,2257.0,2276.550048828125,2240.050048828125,2252.85009765625,2215.123779296875,2895164,TCS
2020-08-21,2260.0,2271.0,2241.050048828125,2248.60009765625,2210.945068359375,1975294,TCS
2020-08-24,2250.60009765625,2259.949951171875,2230.0,2248.10009765625,2210.453369140625,2167966,TCS
2020-08-25,2245.0,2250.0,2233.550048828125,2242.64990234375,2205.09423828125,1663419,TCS
2020-08-26,2242.0,2259.89990234375,2216.449951171875,2253.5,2215.762451171875,2618149,TCS
2020-08-27,2266.0,2287.35009765625,2241.75,2248.39990234375,2210.748046875,3579393,TCS
2020-08-28,2268.39990234375,2279.949951171875,2235.10009765625,2238.550048828125,2201.06298828125,2941136,TCS
2020-08-31,2240.0,2276.199951171875,2228.0,2257.25,2219.4501953125,6018154,TCS
2020-09-01,2269.0,2278.0,2241.300048828125,2246.35009765625,2208.732666015625,3610908,TCS
2020-09-02,2247.0,2268.75,2241.64990234375,2265.14990234375,2227.217529296875,2084137,TCS
2020-09-03,2268.0,2324.0,2268.0,2299.5,2260.992431640625,4654146,TCS
2020-09-04,2275.0,2324.25,2262.949951171875,2288.800048828125,2250.471923828125,5231303,TCS
2020-09-07,2289.0,2343.5,2283.35009765625,2327.050048828125,2288.0810546875,4620401,TCS
2020-09-08,2335.949951171875,2390.449951171875,2327.050048828125,2348.199951171875,2308.876953125,7453998,TCS
2020-09-09,2325.0,2359.0,2320.0,2327.64990234375,2288.67138671875,3866535,TCS
2020-09-10,2335.0,2348.5,2324.300048828125,2331.14990234375,2292.112548828125,2308813,TCS
2020-09-11,2330.949951171875,2383.0,2330.14990234375,2374.10009765625,2334.34326171875,4145424,TCS
2020-09-14,2384.10009765625,2505.75,2381.85009765625,2491.39990234375,2449.678955078125,7512131,TCS
2020-09-15,2491.39990234375,2538.0,2464.60009765625,2491.39990234375,2449.678955078125,7318770,TCS
2020-09-16,2488.949951171875,2507.60009765625,2477.300048828125,2503.0,2461.0849609375,3074003,TCS
2020-09-17,2480.0,2495.75,2450.60009765625,2460.949951171875,2419.739013671875,4828176,TCS
2020-09-18,2485.0,2500.39990234375,2436.39990234375,2449.89990234375,2408.873779296875,4183256,TCS
2020-09-21,2465.0,2504.89990234375,2452.14990234375,2465.300048828125,2424.01611328125,4598809,TCS
2020-09-22,2485.0,2555.0,2458.0,2522.949951171875,2480.70068359375,7499613,TCS
2020-09-23,2510.0,2519.85009765625,2409.0,2467.449951171875,2426.1298828125,7502280,TCS
2020-09-24,2450.0,2450.0,2302.60009765625,2332.25,2293.194091796875,8424708,TCS
2020-09-25,2368.0,2440.0,2352.10009765625,2422.300048828125,2381.73583984375,8228267,TCS
2020-09-28,2440.0,2444.0,2366.0,2426.300048828125,2385.6689453125,4347166,TCS
2020-09-29,2434.85009765625,2511.050048828125,2426.300048828125,2488.39990234375,2446.728759765625,6995811,TCS
2020-09-30,2489.0,2505.0,2460.0,2492.300048828125,2450.563720703125,3917166,TCS
2020-10-01,2510.0,2540.0,2492.300048828125,2523.449951171875,2481.192138671875,2610337,TCS
2020-10-05,2620.0,2728.10009765625,2603.050048828125,2705.800048828125,2660.488525390625,17412105,TCS
2020-10-06,2736.0,2736.0,2650.10009765625,2714.300048828125,2668.84619140625,9846367,TCS
2020-10-07,2742.0,2770.0,2703.0,2735.949951171875,2690.1337890625,9656101,TCS
2020-10-08,2800.0,2885.0,2800.0,2825.699951171875,2778.380615234375,19839329,TCS
2020-10-09,2810.0,2829.85009765625,2780.0,2812.949951171875,2765.843994140625,7739245,TCS
2020-10-12,2815.5,2854.0,2800.75,2830.0,2782.608642578125,4623203,TCS
2020-10-13,2845.0,2854.89990234375,2812.199951171875,2826.550048828125,2779.216552734375,4209878,TCS
2020-10-14,2842.0,2842.0,2787.550048828125,2809.60009765625,2774.32861328125,4395936,TCS
2020-10-15,2811.0,2827.75,2727.0,2740.60009765625,2706.19482421875,6629355,TCS
2020-10-16,2750.10009765625,2771.64990234375,2731.300048828125,2763.300048828125,2728.60986328125,5273773,TCS
2020-10-19,2774.0,2774.0,2706.60009765625,2711.550048828125,2677.509765625,3331194,TCS
2020-10-20,2725.0,2759.89990234375,2717.949951171875,2739.0,2704.615234375,3406273,TCS
2020-10-21,2739.0,2749.0,2663.050048828125,2675.39990234375,2641.8134765625,4570143,TCS
2020-10-22,2661.0,2686.64990234375,2638.10009765625,2671.14990234375,2637.61669921875,5262294,TCS
2020-10-23,2687.800048828125,2702.0,2670.10009765625,2686.800048828125,2653.0703125,3499091,TCS
2020-10-26,2689.949951171875,2709.949951171875,2670.5,2688.199951171875,2654.452880859375,2672752,TCS
2020-10-27,2699.75,2718.14990234375,2624.10009765625,2630.14990234375,2597.13134765625,3537502,TCS
2020-10-28,2650.0,2655.949951171875,2606.0,2622.199951171875,2589.28125,3569445,TCS
2020-10-29,2608.0,2655.0,2600.25,2632.64990234375,2599.599853515625,3105968,TCS
2020-10-30,2636.10009765625,2674.35009765625,2621.60009765625,2664.85009765625,2631.395751953125,3427003,TCS
2020-11-02,2660.0,2664.85009765625,2600.050048828125,2604.60009765625,2571.902099609375,2571196,TCS
2020-11-03,2604.0,2665.0,2601.050048828125,2633.60009765625,2600.538330078125,2879269,TCS
2020-11-04,2610.0,2721.85009765625,2610.0,2653.14990234375,2619.842529296875,4893928,TCS
2020-11-05,2685.0,2710.0,2667.0,2685.699951171875,2651.98388671875,2816502,TCS
2020-11-06,2699.0,2713.25,2681.300048828125,2707.449951171875,2673.4609375,3884421,TCS
2020-11-09,2731.10009765625,2744.0,2695.10009765625,2726.60009765625,2692.370849609375,3646592,TCS
2020-11-10,2697.199951171875,2713.14990234375,2638.35009765625,2649.60009765625,2616.337646484375,4760020,TCS
2020-11-11,2667.949951171875,2692.800048828125,2643.39990234375,2687.800048828125,2654.057861328125,3242441,TCS
2020-11-12,2686.0,2713.0,2661.75,2671.050048828125,2637.518310546875,2437505,TCS
2020-11-13,2655.75,2664.89990234375,2636.0,2656.85009765625,2623.496337890625,2548093,TCS
2020-11-14,2677.949951171875,2689.0,2660.050048828125,2670.35009765625,2636.826904296875,298819,TCS
2020-11-17,2695.0,2695.0,2650.050048828125,2666.050048828125,2632.580810546875,2827273,TCS
2020-11-18,2661.0,2664.199951171875,2607.050048828125,2626.64990234375,2593.67529296875,2893762,TCS
2020-11-19,2637.0,2676.14990234375,2630.85009765625,2636.89990234375,2603.796630859375,4167501,TCS
2020-11-20,2655.0,2676.0,2627.550048828125,2660.25,2626.853515625,2711471,TCS
2020-11-23,2690.0,2730.0,2665.0,2724.25,2690.0498046875,3706418,TCS
2020-11-24,2734.39990234375,2743.0,2705.0,2722.050048828125,2687.877685546875,3120516,TCS
2020-11-25,2729.0,2732.949951171875,2688.199951171875,2701.300048828125,2667.388427734375,3302249,TCS
2020-11-26,2686.0,2730.949951171875,2680.0,2720.60009765625,2686.4462890625,2341099,TCS
2020-11-27,2705.0,2717.699951171875,2669.050048828125,2679.64990234375,2646.009765625,6086808,TCS
2020-12-01,2679.0,2735.89990234375,2624.449951171875,2726.800048828125,2692.568115234375,3605017,TCS
2020-12-02,2719.0,2754.699951171875,2702.449951171875,2749.550048828125,2715.03271484375,2509032,TCS
2020-12-03,2773.89990234375,2773.89990234375,2700.800048828125,2709.449951171875,2675.435791015625,2852548,TCS
2020-12-04,2710.800048828125,2738.85009765625,2699.0,2727.550048828125,2693.308837890625,2686527,TCS
2020-12-07,2715.0,2744.0,2706.14990234375,2737.699951171875,2703.331298828125,1996400,TCS
2020-12-08,2740.0,2805.550048828125,2732.449951171875,2797.300048828125,2762.18310546875,4277818,TCS
2020-12-09,2815.0,2840.0,2793.14990234375,2810.800048828125,2775.513671875,3659996,TCS
2020-12-10,2818.0,2827.300048828125,2780.25,2784.300048828125,2749.346435546875,2127801,TCS
2020-12-11,2792.699951171875,2807.699951171875,2764.550048828125,2783.60009765625,2748.6552734375,1795408,TCS
2020-12-14,2802.0,2804.0,2756.25,2797.699951171875,2762.577880859375,2483658,TCS
2020-12-15,2786.0,2794.699951171875,2755.0,2761.550048828125,2726.882080078125,2365509,TCS
2020-12-16,2779.0,2819.800048828125,2760.449951171875,2814.199951171875,2778.870849609375,2565149,TCS
2020-12-17,2811.0,2853.699951171875,2805.0,2838.199951171875,2802.569580078125,2863460,TCS
2020-12-18,2868.0,2898.0,2846.199951171875,2861.0,2825.083740234375,6076692,TCS
2020-12-21,2861.0,2886.5,2785.0,2820.14990234375,2784.74609375,2705195,TCS
2020-12-22,2834.0,2883.64990234375,2818.64990234375,2872.5,2836.439208984375,2881737,TCS
2020-12-23,2876.050048828125,2919.0,2865.449951171875,2908.75,2872.234130859375,2790988,TCS
2020-12-24,2909.0,2921.35009765625,2883.199951171875,2909.35009765625,2872.826171875,1807144,TCS
2020-12-28,2910.0,2949.699951171875,2902.0,2929.39990234375,2892.62451171875,2108994,TCS
2020-12-29,2920.0,2952.0,2920.0,2930.5,2893.711181640625,1994151,TCS
2020-12-30,2934.39990234375,2947.699951171875,2902.0,2909.300048828125,2872.777099609375,2637968,TCS
2020-12-31,2900.0,2905.0,2845.0,2862.75,2826.811279296875,4040956,TCS
2021-01-01,2880.0,2940.0,2879.0,2928.25,2891.4892578125,2681440,TCS
2021-01-04,2950.0,3050.75,2940.949951171875,3039.449951171875,3001.29296875,5113293,TCS
2021-01-05,3039.60009765625,3114.25,3039.60009765625,3093.0,3054.1708984375,5801309,TCS
2021-01-06,3100.0,3113.5,3037.199951171875,3051.5,3013.191650390625,3726716,TCS
2021-01-07,3075.0,3080.85009765625,3000.25,3032.800048828125,2994.726318359375,3717827,TCS
2021-01-08,3090.0,3128.0,3060.0,3120.89990234375,3081.720458984375,5879039,TCS
2021-01-11,3230.0,3230.0,3146.550048828125,3176.449951171875,3136.5732421875,9508039,TCS
2021-01-12,3176.449951171875,3210.0,3150.0,3174.85009765625,3134.993408203125,3611458,TCS
2021-01-13,3175.0,3177.0,3126.25,3158.949951171875,3119.29296875,3572801,TCS
2021-01-14,3155.0,3266.5,3120.39990234375,3250.699951171875,3215.99951171875,6931542,TCS
2021-01-15,3235.0,3274.0,3210.0,3233.35009765625,3198.834716796875,4131692,TCS
2021-01-18,3250.0,3256.75,3187.39990234375,3221.75,3187.358642578125,4160906,TCS
2021-01-19,3233.0,3279.0,3232.0,3260.699951171875,3225.892578125,2975735,TCS
2021-01-20,3270.0,3327.949951171875,3267.10009765625,3308.800048828125,3273.479248046875,3453446,TCS
2021-01-21,3305.0,3309.14990234375,3262.10009765625,3273.85009765625,3238.90234375,2778546,TCS
2021-01-22,3241.89990234375,3325.0,3241.89990234375,3303.10009765625,3267.840087890625,3052459,TCS
2021-01-25,3308.949951171875,3339.800048828125,3278.64990234375,3291.300048828125,3256.166015625,2272887,TCS
2021-01-27,3300.0,3306.449951171875,3227.0,3261.050048828125,3226.239013671875,2786662,TCS
2021-01-28,3230.0,3275.0,3183.800048828125,3196.550048828125,3162.427490234375,3083938,TCS
2021-01-29,3210.050048828125,3216.85009765625,3100.0,3111.35009765625,3078.13720703125,5445659,TCS
2021-02-01,3100.0,3165.0,3044.10009765625,3139.35009765625,3105.838134765625,3985846,TCS
2021-02-02,3174.0,3224.0,3150.0,3203.449951171875,3169.25390625,2881837,TCS
2021-02-03,3213.0,3236.0,3162.64990234375,3200.050048828125,3165.89013671875,2505866,TCS
2021-02-04,3216.050048828125,3237.85009765625,3176.0,3188.449951171875,3154.413818359375,2057261,TCS
2021-02-05,3198.949951171875,3205.85009765625,3129.0,3157.949951171875,3124.239501953125,2366135,TCS
2021-02-08,3189.5,3226.0,3155.14990234375,3214.10009765625,3179.790283203125,2526592,TCS
2021-02-09,3195.0,3245.800048828125,3164.0,3176.89990234375,3142.9873046875,2658751,TCS
2021-02-10,3185.0,3219.39990234375,3157.300048828125,3213.300048828125,3178.99853515625,2127983,TCS
2021-02-11,3215.0,3219.300048828125,3185.050048828125,3206.0,3171.776611328125,1165882,TCS
2021-02-12,3184.199951171875,3245.5,3182.0,3190.800048828125,3156.739013671875,2777404,TCS
2021-02-15,3209.0,3209.0,3131.550048828125,3139.85009765625,3106.332763671875,2630853,TCS
2021-02-16,3150.0,3167.64990234375,3100.0,3108.800048828125,3075.6142578125,3435770,TCS
2021-02-17,3105.10009765625,3132.85009765625,3045.550048828125,3073.10009765625,3040.29541015625,3678426,TCS
2021-02-18,3065.0,3097.89990234375,3031.0,3057.35009765625,3024.713623046875,4189909,TCS
2021-02-19,3058.0,3087.14990234375,3016.14990234375,3071.85009765625,3039.05859375,3725028,TCS
2021-02-22,3096.0,3096.0,2943.14990234375,2958.449951171875,2926.868896484375,5366696,TCS
2021-02-23,2970.0,3028.0,2968.0,2980.199951171875,2948.38671875,3832829,TCS
2021-02-24,2972.0,3003.35009765625,2921.14990234375,2948.10009765625,2916.6298828125,3774549,TCS
2021-02-25,2974.0,3029.89990234375,2968.449951171875,2995.300048828125,2963.325927734375,4224073,TCS
2021-02-26,2960.0,2972.35009765625,2880.0,2894.300048828125,2863.404052734375,5553153,TCS
2021-03-01,2926.0,2965.0,2901.800048828125,2924.199951171875,2892.98486328125,3265871,TCS
2021-03-02,2960.0,3025.0,2948.0,3006.35009765625,2974.2578125,3306469,TCS
2021-03-03,3035.0,3064.0,2996.89990234375,3059.10009765625,3026.445068359375,3509857,TCS
2021-03-04,3023.0,3081.449951171875,3016.050048828125,3049.699951171875,3017.144775390625,3916760,TCS
2021-03-05,3016.10009765625,3063.199951171875,2996.60009765625,3008.050048828125,2975.93994140625,3203686,TCS
2021-03-08,3016.0,3033.0,2996.0,3006.949951171875,2974.8515625,2003125,TCS
2021-03-09,3006.949951171875,3066.89990234375,2992.10009765625,3050.949951171875,3018.381591796875,1942397,TCS
2021-03-10,3075.0,3093.199951171875,3060.0,3070.949951171875,3038.168212890625,3053778,TCS
2021-03-12,3075.0,3117.0,3041.35009765625,3057.949951171875,3025.30712890625,2938317,TCS
2021-03-15,3041.0,3099.0,3041.0,3066.14990234375,3033.41943359375,3097083,TCS
2021-03-16,3060.0,3141.0,3060.0,3110.050048828125,3076.85107421875,4894756,TCS
2021-03-17,3105.0,3155.0,3085.300048828125,3112.949951171875,3079.7197265625,3838390,TCS
2021-03-18,3125.949951171875,3146.449951171875,2987.050048828125,3036.5,3004.086181640625,3656306,TCS
2021-03-19,3030.0,3099.0,3005.0,3050.199951171875,3017.6396484375,5776626,TCS
2021-03-22,3048.699951171875,3139.449951171875,3018.64990234375,3129.64990234375,3096.241455078125,2821646,TCS
2021-03-23,3140.0,3169.0,3122.85009765625,3142.60009765625,3109.0537109375,3305973,TCS
2021-03-24,3111.199951171875,3152.300048828125,3111.14990234375,3121.10009765625,3087.783203125,2207104,TCS
2021-03-25,3112.199951171875,3130.85009765625,3050.0,3064.85009765625,3032.133544921875,3179786,TCS
2021-03-26,3090.64990234375,3118.0,3043.050048828125,3066.800048828125,3034.062744140625,3697370,TCS
2021-03-30,3083.0,3188.449951171875,3060.89990234375,3158.550048828125,3124.83349609375,4694008,TCS
2021-03-31,3155.0,3205.0,3132.0,3177.85009765625,3143.927001953125,3530069,TCS
2021-04-01,3191.10009765625,3215.0,3145.0,3165.0,3131.214599609375,4285076,TCS
2021-04-05,3171.0,3263.0,3151.0,3238.89990234375,3204.325439453125,5317862,TCS
2021-04-06,3275.0,3275.0,3230.0,3264.699951171875,3229.85009765625,2291562,TCS
2021-04-07,3259.0,3277.550048828125,3234.800048828125,3271.39990234375,3236.478515625,2491268,TCS
2021-04-08,3270.0,3335.0,3266.050048828125,3317.35009765625,3281.93798828125,2578118,TCS
2021-04-09,3354.0,3354.35009765625,3308.0,3322.25,3286.78564453125,2911129,TCS
2021-04-12,3322.25,3338.10009765625,3213.199951171875,3246.550048828125,3211.893798828125,3791828,TCS
2021-04-13,3214.0,3214.0,3073.050048828125,3104.050048828125,3070.915283203125,8654596,TCS
2021-04-15,3160.300048828125,3237.25,3087.449951171875,3218.949951171875,3184.58837890625,6062760,TCS
2021-04-16,3229.0,3247.0,3182.60009765625,3195.14990234375,3161.042236328125,3224657,TCS
2021-04-19,3169.0,3189.0,3135.10009765625,3161.800048828125,3128.048828125,2679106,TCS
2021-04-20,3225.0,3225.35009765625,3126.35009765625,3144.550048828125,3110.982421875,3141893,TCS
2021-04-22,3148.0,3148.0,3105.25,3118.800048828125,3085.507568359375,1988980,TCS
2021-04-23,3105.0,3119.0,3091.050048828125,3109.5,3076.306640625,1615309,TCS
2021-04-26,3102.050048828125,3153.0,3088.050048828125,3100.800048828125,3067.69970703125,2490260,TCS
2021-04-27,3106.0,3136.10009765625,3103.0,3132.0,3098.56640625,1471417,TCS
2021-04-28,3149.949951171875,3151.0,3112.0,3124.10009765625,3090.7509765625,1639037,TCS
2021-04-29,3145.60009765625,3157.35009765625,3105.5,3115.25,3081.995361328125,1621395,TCS
2021-04-30,3099.0,3132.050048828125,3020.0,3035.64990234375,3003.2451171875,3072305,TCS
2021-05-03,3024.89990234375,3055.0,3004.0,3037.0,3004.580810546875,1545831,TCS
2021-05-04,3062.800048828125,3090.0,3035.0,3049.75,3017.194580078125,1990777,TCS
2021-05-05,3070.0,3099.39990234375,3052.39990234375,3095.699951171875,3062.65380859375,1939289,TCS
2021-05-06,3105.5,3134.0,3074.0,3111.449951171875,3078.23583984375,1791671,TCS
2021-05-07,3133.0,3159.85009765625,3111.800048828125,3132.89990234375,3099.456787109375,1912540,TCS
2021-05-10,3145.949951171875,3164.199951171875,3125.0,3145.5,3111.92236328125,2137153,TCS
2021-05-11,3125.0,3128.10009765625,3091.14990234375,3122.60009765625,3089.26708984375,2415625,TCS
2021-05-12,3120.0,3120.0,3070.60009765625,3087.60009765625,3054.640380859375,1978558,TCS
2021-05-14,3098.5,3098.5,3040.0,3051.5,3018.92578125,2043935,TCS
2021-05-17,3055.0,3075.199951171875,3036.0,3069.75,3036.981201171875,2890462,TCS
2021-05-18,3100.0,3124.0,3078.0,3088.800048828125,3055.827880859375,2098538,TCS
2021-05-19,3084.0,3118.0,3067.10009765625,3082.0,3049.100341796875,1986041,TCS
2021-05-20,3067.10009765625,3088.800048828125,3052.10009765625,3060.0,3027.335205078125,2329027,TCS
2021-05-21,3061.0,3088.199951171875,3055.10009765625,3080.5,3047.616455078125,1685566,TCS
2021-05-24,3081.5,3105.0,3072.0,3081.5,3048.605712890625,1652260,TCS
2021-05-25,3092.0,3128.25,3082.10009765625,3114.0,3095.828369140625,1841613,TCS
2021-05-26,3120.0,3165.0,3103.800048828125,3158.5,3140.068603515625,1923753,TCS
2021-05-27,3161.949951171875,3217.75,3161.800048828125,3180.0,3161.443115234375,5959785,TCS
2021-05-28,3189.5,3198.0,3135.64990234375,3143.60009765625,3125.255859375,1763701,TCS
2021-05-31,3150.0,3170.35009765625,3128.60009765625,3159.14990234375,3140.71484375,1652799,TCS
2021-06-01,3168.60009765625,3169.949951171875,3132.0,3153.0,3134.600830078125,1377441,TCS
2021-06-02,3150.85009765625,3159.449951171875,3115.0,3129.449951171875,3111.18798828125,2240078,TCS
2021-06-03,3154.550048828125,3154.550048828125,3122.64990234375,3141.25,3122.91943359375,1281706,TCS
2021-06-04,3128.0,3156.85009765625,3125.0,3143.75,3125.405029296875,1836060,TCS
2021-06-07,3145.0,3190.449951171875,3133.60009765625,3183.199951171875,3164.62451171875,2559821,TCS
2021-06-08,3198.0,3231.0,3187.199951171875,3200.14990234375,3181.4755859375,2574057,TCS
2021-06-09,3202.0,3220.0,3186.199951171875,3200.25,3181.5751953125,1710925,TCS
2021-06-10,3210.0,3224.0,3193.0,3216.800048828125,3198.028564453125,1874324,TCS
2021-06-11,3211.550048828125,3309.0,3211.0,3273.800048828125,3254.696044921875,3452954,TCS
2021-06-14,3279.0,3308.699951171875,3270.35009765625,3276.35009765625,3257.23095703125,1847360,TCS
2021-06-15,3298.0,3298.0,3251.550048828125,3262.75,3243.71044921875,1304985,TCS
2021-06-16,3262.10009765625,3294.699951171875,3253.0,3274.35009765625,3255.242919921875,1635552,TCS
2021-06-17,3265.5,3336.050048828125,3260.0,3317.75,3298.389404296875,2273413,TCS
2021-06-18,3350.89990234375,3358.0,3275.0,3297.300048828125,3278.058837890625,3380431,TCS
2021-06-21,3265.0,3286.0,3251.699951171875,3273.10009765625,3254.000244140625,1130569,TCS
2021-06-22,3304.0,3327.050048828125,3285.0,3301.199951171875,3281.935791015625,1708688,TCS
2021-06-23,3329.0,3329.0,3256.39990234375,3261.39990234375,3242.367919921875,1467104,TCS
2021-06-24,3284.0,3383.0,3278.5,3373.60009765625,3353.91357421875,4155204,TCS
2021-06-25,3375.25,3399.64990234375,3350.0,3380.800048828125,3361.0712890625,2722861,TCS
2021-06-28,3391.5,3391.5,3333.0,3336.75,3317.278564453125,1355238,TCS
2021-06-29,3342.0,3366.300048828125,3326.5,3340.85009765625,3321.35498046875,1497322,TCS
2021-06-30,3346.0,3382.0,3338.5,3345.75,3326.22607421875,1693146,TCS
2021-07-01,3358.0,3362.0,3332.35009765625,3341.5,3322.000732421875,990310,TCS
2021-07-02,3331.0,3339.699951171875,3295.199951171875,3325.449951171875,3306.04443359375,1682274,TCS
2021-07-05,3342.0,3374.0,3302.0,3321.0,3301.62060546875,1972858,TCS
2021-07-06,3313.0,3328.0,3256.10009765625,3262.300048828125,3243.262939453125,2159420,TCS
2021-07-07,3275.0,3282.699951171875,3241.60009765625,3274.949951171875,3255.8388671875,2640710,TCS
2021-07-08,3298.0,3298.0,3231.89990234375,3258.5,3239.485107421875,2485811,TCS
2021-07-09,3250.0,3282.0,3201.0,3208.14990234375,3189.4287109375,6365067,TCS
2021-07-12,3235.0,3236.0,3188.35009765625,3193.10009765625,3174.466796875,1892226,TCS
2021-07-13,3214.0,3214.0,3175.0,3187.550048828125,3168.94921875,1809339,TCS
2021-07-14,3187.0,3222.0,3185.0,3214.550048828125,3195.79150390625,2044279,TCS
2021-07-15,3227.60009765625,3231.85009765625,3194.0,3202.949951171875,3191.208251953125,2232968,TCS
2021-07-16,3213.0,3219.85009765625,3192.0,3194.800048828125,3183.08837890625,1256526,TCS
2021-07-19,3180.0,3199.800048828125,3176.0,3184.60009765625,3172.92578125,1597058,TCS
2021-07-20,3184.60009765625,3215.0,3156.14990234375,3205.800048828125,3194.048095703125,1811945,TCS
2021-07-22,3190.0,3224.949951171875,3190.0,3216.35009765625,3204.559326171875,2859334,TCS
2021-07-23,3230.0,3241.550048828125,3206.64990234375,3212.85009765625,3201.072265625,1776193,TCS
2021-07-26,3200.0,3224.25,3190.85009765625,3197.550048828125,3185.828369140625,1259611,TCS
2021-07-27,3200.0,3210.0,3161.14990234375,3182.949951171875,3171.28173828125,1121367,TCS
2021-07-28,3188.0,3204.449951171875,3132.39990234375,3197.800048828125,3186.077392578125,1660654,TCS
2021-07-29,3200.25,3225.449951171875,3190.300048828125,3195.800048828125,3184.084716796875,1731997,TCS
2021-07-30,3219.0,3223.5,3162.35009765625,3167.449951171875,3155.83837890625,2999943,TCS
2021-08-02,3180.0,3224.89990234375,3167.0,3219.39990234375,3207.59814453125,2608669,TCS
2021-08-03,3229.0,3290.0,3218.949951171875,3284.89990234375,3272.858154296875,3804735,TCS
2021-08-04,3300.0,3305.199951171875,3261.199951171875,3273.949951171875,3261.947998046875,2929598,TCS
2021-08-05,3275.0,3315.0,3262.5,3283.949951171875,3271.911376953125,2534521,TCS
2021-08-06,3272.550048828125,3324.0,3265.0,3309.800048828125,3297.6669921875,2292362,TCS
2021-08-09,3323.89990234375,3337.0,3310.0,3322.699951171875,3310.51953125,1510489,TCS
2021-08-10,3315.60009765625,3349.89990234375,3315.60009765625,3333.89990234375,3321.678466796875,2040777,TCS
2021-08-11,3350.0,3360.0,3327.10009765625,3344.199951171875,3331.940673828125,1929707,TCS
2021-08-12,3326.0,3368.0,3326.0,3351.75,3339.462890625,1310205,TCS
2021-08-13,3360.75,3480.0,3357.5,3463.39990234375,3450.70361328125,4363584,TCS
2021-08-16,3460.0,3494.35009765625,3436.5,3472.949951171875,3460.218505859375,2083489,TCS
2021-08-17,3482.10009765625,3560.800048828125,3463.0,3553.050048828125,3540.025146484375,4336019,TCS
2021-08-18,3573.85009765625,3595.0,3536.60009765625,3560.550048828125,3547.49755859375,2631309,TCS
2021-08-20,3506.0,3575.0,3500.0,3559.5,3546.451416015625,2836148,TCS
2021-08-23,3580.0,3673.0,3561.89990234375,3637.39990234375,3624.065673828125,3744176,TCS
2021-08-24,3657.0,3667.35009765625,3594.39990234375,3613.199951171875,3599.95458984375,2511141,TCS
2021-08-25,3610.0,3697.75,3607.050048828125,3659.0,3645.586669921875,2123263,TCS
2021-08-26,3660.0,3687.60009765625,3647.89990234375,3671.85009765625,3658.3896484375,1902533,TCS
2021-08-27,3666.0,3729.5,3651.10009765625,3720.14990234375,3706.51220703125,3944728,TCS
2021-08-30,3715.0,3740.35009765625,3687.60009765625,3701.300048828125,3687.731689453125,2033114,TCS
2021-08-31,3709.39990234375,3804.10009765625,3703.449951171875,3786.449951171875,3772.5693359375,3207480,TCS
2021-09-01,3796.0,3816.699951171875,3707.0,3714.949951171875,3701.33154296875,2643336,TCS
2021-09-02,3734.0,3859.14990234375,3722.0,3836.75,3822.68505859375,3403717,TCS
2021-09-03,3825.0,3856.89990234375,3804.550048828125,3842.050048828125,3827.9658203125,1746812,TCS
2021-09-06,3849.699951171875,3877.60009765625,3814.0,3852.0,3837.879150390625,1723693,TCS
2021-09-07,3864.0,3869.949951171875,3808.25,3815.89990234375,3801.911376953125,1585039,TCS
2021-09-08,3810.0,3815.0,3756.0,3774.14990234375,3760.314453125,4147175,TCS
2021-09-09,3789.699951171875,3808.699951171875,3765.0,3791.39990234375,3777.501220703125,1441148,TCS
2021-09-13,3767.0,3852.39990234375,3767.0,3845.35009765625,3831.253662109375,1691473,TCS
2021-09-14,3849.949951171875,3896.5,3825.0,3885.89990234375,3871.655029296875,1991188,TCS
2021-09-15,3882.10009765625,3980.0,3866.0,3954.550048828125,3940.05322265625,2461369,TCS
2021-09-16,3930.0,3981.75,3892.10009765625,3903.300048828125,3888.9912109375,2946666,TCS
2021-09-17,3920.0,3945.0,3805.0,3827.85009765625,3813.81787109375,6477148,TCS
2021-09-20,3809.0,3871.0,3807.85009765625,3823.5,3809.483642578125,2002008,TCS
2021-09-21,3858.0,3871.550048828125,3821.64990234375,3862.949951171875,3848.788818359375,1568129,TCS
2021-09-22,3862.5,3896.85009765625,3852.449951171875,3862.14990234375,3847.991943359375,1744067,TCS
2021-09-23,3870.0,3879.0,3835.0,3869.25,3855.06591796875,2003869,TCS
2021-09-24,3890.0,3944.39990234375,3855.0,3871.300048828125,3857.1083984375,2320754,TCS
2021-09-27,3900.0,3904.0,3802.89990234375,3836.949951171875,3822.88427734375,1673362,TCS
2021-09-28,3850.0,3850.0,3751.25,3779.14990234375,3765.296142578125,2253075,TCS
2021-09-29,3759.800048828125,3806.0,3722.14990234375,3791.89990234375,3777.99951171875,2489161,TCS
2021-09-30,3805.0,3805.0,3750.10009765625,3775.550048828125,3761.70947265625,2252412,TCS
2021-10-01,3781.75,3810.0,3725.0,3730.199951171875,3716.525634765625,1578374,TCS
2021-10-04,3724.800048828125,3783.64990234375,3707.449951171875,3773.300048828125,3759.4677734375,1356860,TCS
2021-10-05,3754.0,3840.0,3741.60009765625,3833.300048828125,3819.24755859375,1877966,TCS
2021-10-06,3836.0,3857.449951171875,3795.0,3810.89990234375,3796.9296875,1678154,TCS
2021-10-07,3830.0,3899.0,3820.050048828125,3892.89990234375,3878.629150390625,1647233,TCS
2021-10-08,3925.0,3989.89990234375,3900.0,3935.64990234375,3921.222412109375,2934339,TCS
2021-10-11,3755.0,3757.5,3660.0,3685.60009765625,3672.08935546875,11845402,TCS
2021-10-12,3706.0,3707.0,3630.60009765625,3652.85009765625,3639.459228515625,5752877,TCS
2021-10-13,3650.0,3675.449951171875,3645.0,3655.199951171875,3641.800537109375,3545655,TCS
2021-10-14,3625.0,3670.0,3608.199951171875,3611.449951171875,3605.114990234375,6442299,TCS
2021-10-18,3603.449951171875,3652.699951171875,3601.449951171875,3647.14990234375,3640.75244140625,3590107,TCS
2021-10-19,3669.0,3690.10009765625,3625.199951171875,3634.14990234375,3627.775146484375,3135441,TCS
2021-10-20,3612.0,3630.0,3578.300048828125,3608.85009765625,3602.519775390625,2933693,TCS
2021-10-21,3604.10009765625,3607.449951171875,3511.25,3532.5,3526.3037109375,4871211,TCS
2021-10-22,3560.0,3561.60009765625,3485.0,3498.85009765625,3492.712646484375,2691670,TCS
2021-10-25,3503.0,3514.550048828125,3450.0,3492.949951171875,3486.822998046875,2595594,TCS
2021-10-26,3494.5,3529.0,3475.0,3482.60009765625,3476.4912109375,3878763,TCS
2021-10-27,3483.0,3511.25,3483.0,3489.75,3483.628662109375,2510813,TCS
2021-10-28,3518.0,3518.0,3415.0,3421.64990234375,3415.64794921875,2424942,TCS
2021-10-29,3400.050048828125,3461.0,3385.949951171875,3397.75,3391.7900390625,3960501,TCS
2021-11-01,3437.949951171875,3487.0,3412.949951171875,3476.39990234375,3470.302001953125,2020718,TCS
2021-11-02,3494.0,3513.60009765625,3469.75,3484.199951171875,3478.08837890625,3087414,TCS
2021-11-03,3504.199951171875,3519.89990234375,3466.050048828125,3492.25,3486.124267578125,1537639,TCS
2021-11-04,3512.949951171875,3513.25,3505.0,3508.64990234375,3502.495361328125,328991,TCS
2021-11-08,3548.0,3548.0,3481.199951171875,3502.75,3496.605712890625,2526082,TCS
2021-11-09,3508.0,3535.0,3496.0,3505.699951171875,3499.550537109375,1782692,TCS
2021-11-10,3498.0,3519.699951171875,3480.199951171875,3484.300048828125,3478.188232421875,1516489,TCS
2021-11-11,3480.0,3510.050048828125,3436.0,3488.199951171875,3482.081298828125,1284514,TCS
2021-11-12,3506.0,3534.14990234375,3485.699951171875,3526.050048828125,3519.864990234375,1747259,TCS
2021-11-15,3528.0,3569.60009765625,3528.0,3553.300048828125,3547.067138671875,1809157,TCS
2021-11-16,3569.0,3575.550048828125,3542.0,3556.39990234375,3550.16162109375,2013204,TCS
2021-11-17,3550.60009765625,3562.85009765625,3506.39990234375,3521.89990234375,3515.72216796875,1632914,TCS
2021-11-18,3515.14990234375,3520.85009765625,3451.60009765625,3475.699951171875,3469.603271484375,2136598,TCS
2021-11-22,3478.39990234375,3515.949951171875,3440.300048828125,3458.39990234375,3452.33349609375,3167936,TCS
2021-11-23,3445.0,3480.949951171875,3407.800048828125,3464.25,3458.17333984375,2153461,TCS
2021-11-24,3472.199951171875,3493.050048828125,3424.0,3443.300048828125,3437.26025390625,2161746,TCS
2021-11-25,3443.89990234375,3463.0,3434.050048828125,3445.89990234375,3439.85546875,1849619,TCS
2021-11-26,3425.0,3490.0,3411.89990234375,3446.85009765625,3440.803955078125,1941251,TCS
2021-11-29,3447.14990234375,3529.35009765625,3406.449951171875,3502.0,3495.857177734375,2981745,TCS
2021-11-30,3491.0,3563.75,3491.0,3529.14990234375,3522.95947265625,5588446,TCS
2021-12-01,3535.0,3590.0,3535.0,3577.800048828125,3571.524169921875,2102118,TCS
2021-12-02,3589.199951171875,3648.0,3574.10009765625,3642.89990234375,3636.509765625,3152938,TCS
2021-12-03,3646.449951171875,3665.949951171875,3630.85009765625,3640.449951171875,3634.064208984375,2486263,TCS
2021-12-06,3640.449951171875,3658.0,3522.0,3536.39990234375,3530.19677734375,1849642,TCS
2021-12-07,3562.5,3598.0,3524.300048828125,3584.5,3578.21240234375,1484458,TCS
2021-12-08,3601.0,3646.449951171875,3601.0,3626.89990234375,3620.537841796875,1428660,TCS
2021-12-09,3610.0,3634.75,3566.0,3601.75,3595.43212890625,1567957,TCS
2021-12-10,3585.0,3642.0,3575.10009765625,3636.800048828125,3630.420654296875,1510718,TCS
2021-12-13,3650.0,3662.0,3601.699951171875,3609.64990234375,3603.318115234375,1883864,TCS
2021-12-14,3605.0,3635.0,3576.699951171875,3623.800048828125,3617.443603515625,1747007,TCS
2021-12-15,3620.0,3623.0,3558.14990234375,3570.35009765625,3564.08740234375,1603233,TCS
2021-12-16,3582.0,3608.449951171875,3570.0,3581.60009765625,3575.317626953125,2072320,TCS
2021-12-17,3602.5,3651.35009765625,3573.699951171875,3584.35009765625,3578.062744140625,4333992,TCS
2021-12-20,3589.0,3606.0,3510.14990234375,3556.89990234375,3550.66064453125,2312310,TCS
2021-12-21,3582.64990234375,3641.199951171875,3566.39990234375,3608.300048828125,3601.970703125,2340989,TCS
2021-12-22,3624.0,3636.800048828125,3606.25,3630.75,3624.38134765625,1224328,TCS
2021-12-23,3648.0,3670.5,3630.0,3662.699951171875,3656.275146484375,1792861,TCS
2021-12-24,3685.0,3705.0,3644.800048828125,3670.89990234375,3664.460693359375,2209923,TCS
2021-12-27,3671.0,3700.0,3653.10009765625,3696.10009765625,3689.61669921875,1534135,TCS
2021-12-28,3710.0,3725.0,3693.85009765625,3706.550048828125,3700.04833984375,1456218,TCS
2021-12-29,3692.25,3719.949951171875,3685.0,3694.699951171875,3688.218994140625,1456923,TCS
2021-12-30,3681.35009765625,3740.0,3680.0,3733.75,3727.20068359375,1966475,TCS
2021-12-31,3742.800048828125,3760.0,3731.300048828125,3738.35009765625,3731.792724609375,1207141,TCS
2012-01-02,214.4499969482422,214.8999938964844,209.75,213.4250030517578,197.4986114501953,3514998,HDFC Bank
2012-01-03,215.6999969482422,220.4499969482422,215.0,219.5749969482422,203.18966674804688,3439238,HDFC Bank
2012-01-04,220.9499969482422,222.4750061035156,215.4250030517578,221.6499938964844,205.10980224609372,4871478,HDFC Bank
2012-01-05,222.0,223.3500061035156,220.1499938964844,221.8249969482422,205.2717742919922,3380606,HDFC Bank
2012-01-06,220.5,228.5749969482422,219.4750061035156,226.6499938964844,209.7366943359375,3977222,HDFC Bank
2012-01-09,225.9499969482422,228.5500030517578,223.0,227.8500061035156,210.84716796875,4231968,HDFC Bank
2012-01-10,230.0,231.1499938964844,228.0,229.8500061035156,212.6979522705078,4491386,HDFC Bank
2012-01-11,230.25,232.0,227.5,231.3249969482422,214.06285095214844,3859556,HDFC Bank
2012-01-12,230.8500061035156,234.5500030517578,230.6000061035156,233.3249969482422,215.91360473632807,3987722,HDFC Bank
2012-01-13,235.0,236.5249938964844,230.5249938964844,234.8000030517578,217.27854919433597,3690842,HDFC Bank
2012-01-16,233.3999938964844,233.9250030517578,229.125,230.25,213.06805419921875,3191710,HDFC Bank
2012-01-17,231.9499969482422,234.5,231.5,234.1999969482422,216.72329711914065,3661008,HDFC Bank
2012-01-18,236.4499969482422,242.6999969482422,234.8000030517578,240.9499969482422,222.96957397460935,10068622,HDFC Bank
2012-01-19,243.0,245.125,240.1499938964844,243.3999938964844,225.2368011474609,8421088,HDFC Bank
2012-01-20,245.0,246.7250061035156,240.2250061035156,245.2749938964844,226.97186279296875,7195130,HDFC Bank
2012-01-23,243.0,243.875,240.4499969482422,242.0,223.94125366210935,3766864,HDFC Bank
2012-01-24,242.625,246.5500030517578,240.2749938964844,244.3999938964844,226.16217041015625,7531976,HDFC Bank
2012-01-25,245.125,246.5,242.875,245.1000061035156,226.80992126464844,7409550,HDFC Bank
2012-01-27,251.9499969482422,252.0,239.8249969482422,242.1000061035156,224.0337829589844,7438818,HDFC Bank
2012-01-30,241.4750061035156,241.5,236.5,239.5249938964844,221.6509552001953,4987508,HDFC Bank
2012-01-31,241.75,247.5,239.9250030517578,246.0500030517578,227.6890106201172,5326924,HDFC Bank
2012-02-01,247.25,249.8500061035156,240.6750030517578,248.5749969482422,230.02560424804688,6010298,HDFC Bank
2012-02-02,249.5,250.0,245.6499938964844,248.9499969482422,230.37261962890625,11420854,HDFC Bank
2012-02-03,248.75,254.0,247.625,253.125,234.2360382080078,7457502,HDFC Bank
2012-02-06,255.0,258.0,250.0,253.8500061035156,234.90696716308597,8719312,HDFC Bank
2012-02-07,257.0,257.70001220703125,254.0,254.6499938964844,235.6472625732422,6037854,HDFC Bank
2012-02-08,255.3500061035156,258.8999938964844,251.375,254.2250061035156,235.2539825439453,6930574,HDFC Bank
2012-02-09,252.8500061035156,262.9750061035156,252.8249969482422,261.2749938964844,241.7778778076172,8680512,HDFC Bank
2012-02-10,261.3999938964844,262.82501220703125,257.0,258.75,239.4413146972656,5757586,HDFC Bank
2012-02-13,259.32501220703125,262.5,257.95001220703125,260.9750061035156,241.500244140625,7307162,HDFC Bank
2012-02-14,261.25,261.8999938964844,257.5249938964844,258.95001220703125,239.6263885498047,6557414,HDFC Bank
2012-02-15,260.25,267.45001220703125,258.625,266.5249938964844,246.6361541748047,9689792,HDFC Bank
2012-02-16,265.5,268.92498779296875,261.625,263.2250061035156,243.5823974609375,4062132,HDFC Bank
2012-02-17,265.625,266.5,260.04998779296875,264.1499938964844,244.43833923339844,7109824,HDFC Bank
2012-02-21,263.0,266.75,260.25,266.0249938964844,246.1734313964844,7415568,HDFC Bank
2012-02-22,265.0,269.45001220703125,263.32501220703125,265.7250061035156,245.8957977294922,6961554,HDFC Bank
2012-02-23,263.6000061035156,267.9750061035156,263.6000061035156,266.57501220703125,246.6824188232422,8547874,HDFC Bank
2012-02-24,263.6000061035156,267.70001220703125,257.67498779296875,262.32501220703125,242.74954223632807,8190084,HDFC Bank
2012-02-27,263.45001220703125,265.7250061035156,256.07501220703125,257.79998779296875,238.5622100830078,7660646,HDFC Bank
2012-02-28,259.625,266.70001220703125,256.6000061035156,265.25,245.45626831054688,7400574,HDFC Bank
2012-02-29,266.95001220703125,269.95001220703125,256.67498779296875,258.54998779296875,239.2562255859375,9994318,HDFC Bank
2012-03-01,258.5,261.1499938964844,252.6499938964844,257.0,237.82192993164065,6099246,HDFC Bank
2012-03-02,257.0,262.5,253.875,259.375,240.0196685791016,4058348,HDFC Bank
2012-03-05,260.0,260.4750061035156,252.7749938964844,255.4750061035156,236.41070556640625,5025686,HDFC Bank
2012-03-06,254.8999938964844,260.5,251.625,253.6999969482422,234.7681579589844,5798594,HDFC Bank
2012-03-07,253.4250030517578,259.0,248.7749938964844,257.82501220703125,238.58534240722656,3788818,HDFC Bank
2012-03-09,261.0,263.5,259.82501220703125,261.6000061035156,242.07867431640625,4657522,HDFC Bank
2012-03-12,267.0,267.25,258.5,259.4750061035156,240.1122131347656,5608692,HDFC Bank
2012-03-13,261.5,263.75,260.17498779296875,262.20001220703125,242.63389587402344,5539714,HDFC Bank
2012-03-14,264.04998779296875,265.0,260.7250061035156,264.1000061035156,244.39205932617188,5860562,HDFC Bank
2012-03-15,264.0,265.0,254.5249938964844,255.3999938964844,236.34130859375,7469598,HDFC Bank
2012-03-16,255.0,262.45001220703125,252.5,253.9250030517578,234.97634887695312,6405304,HDFC Bank
2012-03-19,255.0249938964844,255.0249938964844,247.5500030517578,249.4250030517578,230.81216430664065,7649884,HDFC Bank
2012-03-20,248.0,255.4250030517578,246.5,252.6999969482422,233.84278869628903,3162136,HDFC Bank
2012-03-21,251.5,258.92498779296875,251.5,257.82501220703125,238.58534240722656,6010786,HDFC Bank
2012-03-22,256.95001220703125,261.20001220703125,250.0500030517578,252.125,233.3106842041016,5640032,HDFC Bank
2012-03-23,254.75,259.375,250.4750061035156,256.9750061035156,237.7987823486328,4023582,HDFC Bank
2012-03-26,256.75,258.25,252.8249969482422,255.8249969482422,236.7345733642578,4916458,HDFC Bank
2012-03-27,257.5,260.8999938964844,256.0,259.42498779296875,240.06593322753903,5928676,HDFC Bank
2012-03-28,259.25,259.25,255.0249938964844,256.7250061035156,237.56744384765625,4349746,HDFC Bank
2012-03-29,254.0,257.04998779296875,252.5,255.0500030517578,236.01742553710935,8112558,HDFC Bank
2012-03-30,256.0,261.92498779296875,254.875,259.92498779296875,240.5286407470703,5592488,HDFC Bank
2012-04-02,259.0,264.9750061035156,258.04998779296875,264.17498779296875,244.4614715576172,2765466,HDFC Bank
2012-04-03,266.5,268.20001220703125,264.0,265.1000061035156,245.3174285888672,6460406,HDFC Bank
2012-04-04,262.625,264.5,262.20001220703125,263.2749938964844,243.62864685058597,2087538,HDFC Bank
2012-04-09,261.875,263.1499938964844,260.0,260.875,241.40774536132807,2518370,HDFC Bank
2012-04-10,261.70001220703125,263.0,257.92498779296875,262.42498779296875,242.8420562744141,2917036,HDFC Bank
2012-04-11,260.92498779296875,265.4750061035156,258.54998779296875,263.2250061035156,243.5823974609375,3731624,HDFC Bank
2012-04-12,262.5,267.25,262.1499938964844,265.20001220703125,245.41001892089844,6051644,HDFC Bank
2012-04-13,268.20001220703125,268.875,261.95001220703125,264.67498779296875,244.9241485595703,4916714,HDFC Bank
2012-04-16,264.45001220703125,265.5,262.04998779296875,264.875,245.1092529296875,8698042,HDFC Bank
2012-04-17,266.0,267.95001220703125,260.54998779296875,265.125,245.34063720703125,7832904,HDFC Bank
2012-04-18,266.5,269.95001220703125,266.5,268.82501220703125,248.76451110839844,6000142,HDFC Bank
2012-04-19,270.0,277.79998779296875,268.6000061035156,277.0249938964844,256.35260009765625,8183338,HDFC Bank
2012-04-20,276.125,279.0,273.2250061035156,275.54998779296875,254.98764038085935,7862550,HDFC Bank
2012-04-23,275.9750061035156,278.0,271.6499938964844,272.67498779296875,252.32720947265625,4218824,HDFC Bank
2012-04-24,273.04998779296875,273.25,269.70001220703125,270.92498779296875,250.70779418945312,4380390,HDFC Bank
2012-04-25,272.0,274.75,269.0,273.32501220703125,252.92868041992188,5389194,HDFC Bank
2012-04-26,272.5,274.9750061035156,269.5,270.25,250.0831298828125,4669476,HDFC Bank
2012-04-27,271.0,273.0,267.1000061035156,270.57501220703125,250.3839263916016,2274510,HDFC Bank
2012-04-30,271.8999938964844,274.5,270.17498779296875,271.25,251.0084991455078,3019510,HDFC Bank
2012-05-02,270.3500061035156,275.5,270.3500061035156,274.95001220703125,254.43243408203125,4489174,HDFC Bank
2012-05-03,272.75,279.0,272.7250061035156,277.0249938964844,256.35260009765625,6857274,HDFC Bank
2012-05-04,275.6000061035156,276.8500061035156,267.32501220703125,268.75,248.6950836181641,6175944,HDFC Bank
2012-05-07,265.95001220703125,267.2749938964844,258.20001220703125,266.125,246.26596069335935,8356344,HDFC Bank
2012-05-08,266.45001220703125,268.20001220703125,256.625,257.67498779296875,238.446533203125,5641540,HDFC Bank
2012-05-09,256.8500061035156,261.29998779296875,252.6999969482422,256.32501220703125,237.19728088378903,7511996,HDFC Bank
2012-05-10,255.5249938964844,261.45001220703125,255.0,258.75,239.4413146972656,6042190,HDFC Bank
2012-05-11,256.625,260.0,254.1000061035156,255.2749938964844,236.22561645507807,4025042,HDFC Bank
2012-05-14,255.375,255.8999938964844,247.0249938964844,250.2749938964844,231.59873962402344,5517424,HDFC Bank
2012-05-15,248.0,252.2250061035156,248.0,249.5500030517578,230.9278564453125,4009732,HDFC Bank
2012-05-16,247.0,249.3500061035156,243.0,247.6000061035156,229.1233673095703,8480436,HDFC Bank
2012-05-17,248.5,253.25,247.5,248.8999938964844,230.3263397216797,5809260,HDFC Bank
2012-05-18,244.8999938964844,251.9499969482422,244.5,250.2749938964844,231.59873962402344,4807208,HDFC Bank
2012-05-21,250.125,253.9250030517578,246.9750061035156,248.7250061035156,230.16441345214844,4271170,HDFC Bank
2012-05-22,251.8999938964844,252.5,243.4750061035156,244.625,226.370361328125,5548406,HDFC Bank
2012-05-23,245.0,246.4499969482422,241.1000061035156,243.6000061035156,225.421875,6347944,HDFC Bank
2012-05-24,246.5,251.3500061035156,242.5,249.8500061035156,231.20545959472656,5769622,HDFC Bank
2012-05-25,249.8999938964844,251.5749969482422,247.8000030517578,250.0,231.3442840576172,5597286,HDFC Bank
2012-05-28,250.6000061035156,255.3000030517578,250.0,254.375,235.39280700683597,6103426,HDFC Bank
2012-05-29,255.0749969482422,255.9750061035156,251.0500030517578,252.4750061035156,233.6345672607422,5286512,HDFC Bank
2012-05-30,250.0249938964844,252.6999969482422,248.2749938964844,250.3249969482422,231.6450042724609,5083640,HDFC Bank
2012-05-31,248.0,254.4499969482422,247.6750030517578,253.1000061035156,234.21295166015625,9519560,HDFC Bank
2012-06-01,252.0,253.5749969482422,245.0,245.1999969482422,226.9024810791016,5854374,HDFC Bank
2012-06-04,244.0,249.25,242.5249938964844,247.8249969482422,229.3315887451172,5680484,HDFC Bank
2012-06-05,250.0,252.4499969482422,249.2250061035156,250.75,232.03829956054688,5355356,HDFC Bank
2012-06-06,252.4250030517578,261.5,251.75,259.95001220703125,240.55178833007807,12545846,HDFC Bank
2012-06-07,262.1000061035156,269.75,261.5,268.8999938964844,248.83387756347656,9900246,HDFC Bank
2012-06-08,270.45001220703125,271.375,265.4750061035156,269.54998779296875,249.43539428710935,9661372,HDFC Bank
2012-06-11,270.54998779296875,274.45001220703125,269.20001220703125,270.9750061035156,250.7540435791016,6535942,HDFC Bank
2012-06-12,269.3999938964844,275.42498779296875,268.9750061035156,274.79998779296875,254.2936248779297,5626920,HDFC Bank
2012-06-13,275.5,276.20001220703125,269.8999938964844,270.875,250.6615295410156,4032366,HDFC Bank
2012-06-14,270.0,273.70001220703125,266.32501220703125,267.20001220703125,247.2607879638672,4321276,HDFC Bank
2012-06-15,267.5,274.8500061035156,267.4750061035156,273.7749938964844,253.3450927734375,4966112,HDFC Bank
2012-06-18,276.0,276.0,264.7749938964844,267.4750061035156,247.5152130126953,5618732,HDFC Bank
2012-06-19,267.3999938964844,269.5,263.1499938964844,268.2250061035156,248.20925903320312,5930368,HDFC Bank
2012-06-20,268.5,270.25,264.2749938964844,267.1000061035156,247.1682281494141,4767236,HDFC Bank
2012-06-21,266.5,272.3500061035156,265.6499938964844,271.45001220703125,251.193603515625,5326328,HDFC Bank
2012-06-22,267.54998779296875,272.54998779296875,267.54998779296875,272.17498779296875,251.86448669433597,3084408,HDFC Bank
2012-06-25,272.70001220703125,274.25,267.5,268.3500061035156,248.324951171875,3187424,HDFC Bank
2012-06-26,269.0,274.0,268.1499938964844,271.7250061035156,251.4480438232422,2926564,HDFC Bank
2012-06-27,273.0,277.3500061035156,273.0,274.5,254.0160369873047,5968644,HDFC Bank
2012-06-28,273.45001220703125,276.32501220703125,271.625,274.25,255.78811645507807,6071220,HDFC Bank
2012-06-29,276.04998779296875,282.45001220703125,276.0249938964844,281.7749938964844,262.8065185546875,6329586,HDFC Bank
2012-07-02,282.0,287.5,280.0,286.9750061035156,267.6565246582031,4100762,HDFC Bank
2012-07-03,287.95001220703125,290.0,285.8500061035156,287.92498779296875,268.5425109863281,4233400,HDFC Bank
2012-07-04,288.3500061035156,290.42498779296875,287.82501220703125,289.0,269.5451354980469,6405142,HDFC Bank
2012-07-05,288.95001220703125,292.5,287.7250061035156,292.04998779296875,272.38983154296875,4190764,HDFC Bank
2012-07-06,291.04998779296875,294.5,289.25,290.75,271.1773376464844,7870760,HDFC Bank
2012-07-09,289.9750061035156,290.875,284.54998779296875,289.07501220703125,269.6151428222656,3830580,HDFC Bank
2012-07-10,290.0,296.1499938964844,288.75,294.32501220703125,274.5117492675781,6771508,HDFC Bank
2012-07-11,293.45001220703125,296.8999938964844,292.54998779296875,293.5,273.7422790527344,6149722,HDFC Bank
2012-07-12,291.95001220703125,295.45001220703125,287.79998779296875,290.04998779296875,270.5244445800781,3791874,HDFC Bank
2012-07-13,292.5,295.70001220703125,291.2250061035156,293.5249938964844,273.7655334472656,4754286,HDFC Bank
2012-07-16,294.0,296.3500061035156,290.5249938964844,291.32501220703125,271.71368408203125,6425080,HDFC Bank
2012-07-17,293.5,294.375,289.29998779296875,291.625,271.99346923828125,4269678,HDFC Bank
2012-07-18,292.3500061035156,294.3500061035156,290.04998779296875,293.5,273.7422790527344,3558998,HDFC Bank
2012-07-19,294.29998779296875,295.3999938964844,292.7749938964844,294.70001220703125,274.8614807128906,2400224,HDFC Bank
2012-07-20,294.5,294.5,290.5,291.29998779296875,271.6903381347656,2084472,HDFC Bank
2012-07-23,288.70001220703125,290.0,285.5249938964844,286.5,267.2134704589844,3047264,HDFC Bank
2012-07-24,286.2749938964844,288.7250061035156,285.1000061035156,287.0249938964844,267.7030944824219,2652794,HDFC Bank
2012-07-25,287.2250061035156,290.3999938964844,286.8500061035156,288.0249938964844,268.6357727050781,4407852,HDFC Bank
2012-07-26,289.0,289.375,281.5,282.8999938964844,263.8558044433594,8852708,HDFC Bank
2012-07-27,286.0,294.3500061035156,282.32501220703125,292.29998779296875,272.6230163574219,6715436,HDFC Bank
2012-07-30,293.54998779296875,295.95001220703125,292.0,293.625,273.8588562011719,4233142,HDFC Bank
2012-07-31,295.0,295.0,289.92498779296875,293.875,274.0920104980469,4195704,HDFC Bank
2012-08-01,292.7749938964844,294.17498779296875,288.79998779296875,293.25,273.5090637207031,3935494,HDFC Bank
2012-08-02,293.25,294.6000061035156,288.6499938964844,291.25,271.64373779296875,3442730,HDFC Bank
2012-08-03,290.5,294.5,289.875,294.1000061035156,274.3018493652344,4975750,HDFC Bank
2012-08-06,296.57501220703125,301.0,296.5,300.125,279.9212646484375,6164588,HDFC Bank
2012-08-07,301.0,301.1499938964844,298.5,300.04998779296875,279.851318359375,5614382,HDFC Bank
2012-08-08,300.0,301.0,297.3500061035156,299.45001220703125,279.2917175292969,4026558,HDFC Bank
2012-08-09,300.5,303.5,299.25,302.32501220703125,281.9731750488281,4936560,HDFC Bank
2012-08-10,300.0,303.45001220703125,299.82501220703125,301.07501220703125,280.8073425292969,7563710,HDFC Bank
2012-08-13,300.0,304.75,300.0,303.7250061035156,283.2789611816406,4210852,HDFC Bank
2012-08-14,303.5249938964844,304.5,301.625,304.07501220703125,283.6053466796875,5612784,HDFC Bank
2012-08-16,304.0,304.07501220703125,298.92498779296875,300.0249938964844,279.8280029296875,4071648,HDFC Bank
2012-08-17,299.29998779296875,301.125,295.8999938964844,297.54998779296875,277.5195617675781,3843078,HDFC Bank
2012-08-21,297.5,299.25,294.1000061035156,298.20001220703125,278.1258850097656,4170420,HDFC Bank
2012-08-22,297.20001220703125,300.2250061035156,295.67498779296875,298.45001220703125,278.3589782714844,4790430,HDFC Bank
2012-08-23,299.70001220703125,302.2749938964844,297.625,298.8500061035156,278.7320861816406,4712524,HDFC Bank
2012-08-24,296.75,300.20001220703125,296.625,298.1499938964844,278.0791931152344,3354188,HDFC Bank
2012-08-27,297.5,299.45001220703125,296.0249938964844,297.17498779296875,277.1698303222656,2023362,HDFC Bank
2012-08-28,296.45001220703125,297.2749938964844,293.25,294.67498779296875,274.83807373046875,4447982,HDFC Bank
2012-08-29,294.625,297.8999938964844,293.125,294.2749938964844,274.4650573730469,3364814,HDFC Bank
2012-08-30,293.0,301.0,293.0,297.95001220703125,277.8926696777344,11358202,HDFC Bank
2012-08-31,295.17498779296875,300.0,294.625,297.67498779296875,277.6361999511719,6253370,HDFC Bank
2012-09-03,298.7749938964844,298.8999938964844,294.0,295.2250061035156,275.35107421875,3718908,HDFC Bank
2012-09-04,295.2749938964844,296.17498779296875,293.6000061035156,295.04998779296875,275.1878662109375,2886294,HDFC Bank
2012-09-05,294.0,298.0,293.67498779296875,296.04998779296875,276.1205444335937,6079236,HDFC Bank
2012-09-06,295.04998779296875,296.75,293.04998779296875,294.07501220703125,274.2785339355469,2548726,HDFC Bank
2012-09-07,297.125,297.5,292.8500061035156,295.20001220703125,275.32781982421875,5602574,HDFC Bank
2012-09-10,295.75,298.5,294.67498779296875,295.57501220703125,275.67755126953125,3017446,HDFC Bank
2012-09-11,294.375,298.5,291.67498779296875,297.20001220703125,277.19317626953125,3155772,HDFC Bank
2012-09-12,297.625,300.0,296.95001220703125,299.6000061035156,279.4316101074219,3195508,HDFC Bank
2012-09-13,300.5,300.75,296.7749938964844,299.6000061035156,279.4316101074219,1699880,HDFC Bank
2012-09-14,303.29998779296875,307.375,300.4750061035156,306.375,285.75054931640625,12885610,HDFC Bank
2012-09-17,309.5,309.9750061035156,302.75,304.1499938964844,283.6752624511719,10543424,HDFC Bank
2012-09-18,304.1499938964844,306.0,301.92498779296875,302.7250061035156,282.3462219238281,5019588,HDFC Bank
2012-09-20,301.0,305.0,300.5,303.45001220703125,283.0224304199219,5245664,HDFC Bank
2012-09-21,304.3500061035156,314.5,302.54998779296875,312.57501220703125,291.5331420898437,11801424,HDFC Bank
2012-09-24,312.75,318.45001220703125,311.3999938964844,317.5,296.1266174316406,8787440,HDFC Bank
2012-09-25,316.5,319.45001220703125,313.07501220703125,318.45001220703125,297.0126647949219,5843072,HDFC Bank
2012-09-26,317.42498779296875,318.29998779296875,312.07501220703125,315.375,294.1446533203125,5365254,HDFC Bank
2012-09-27,316.5,318.5,312.6000061035156,315.3999938964844,294.16796875,7930872,HDFC Bank
2012-09-28,315.95001220703125,317.1499938964844,313.04998779296875,314.57501220703125,293.39849853515625,5503844,HDFC Bank
2012-10-01,314.5,316.0,310.0,311.42498779296875,290.4605712890625,4027392,HDFC Bank
2012-10-03,312.0,313.3999938964844,308.9750061035156,309.7250061035156,288.875,5516114,HDFC Bank
2012-10-04,310.75,316.95001220703125,310.7250061035156,315.6499938964844,294.4010925292969,6326032,HDFC Bank
2012-10-05,319.0,319.32501220703125,252.5249938964844,311.20001220703125,290.2507019042969,7473512,HDFC Bank
2012-10-08,311.95001220703125,311.95001220703125,308.2749938964844,310.3500061035156,289.4579162597656,4645336,HDFC Bank
2012-10-09,312.4750061035156,315.25,311.0,312.875,291.8128967285156,2155384,HDFC Bank
2012-10-10,312.0,312.0,308.1000061035156,308.9750061035156,288.175537109375,2147508,HDFC Bank
2012-10-11,310.57501220703125,313.8999938964844,309.2250061035156,312.42498779296875,291.39324951171875,4906466,HDFC Bank
2012-10-12,315.0,317.5,313.0,315.57501220703125,294.3311767578125,7753204,HDFC Bank
2012-10-15,316.20001220703125,317.45001220703125,311.29998779296875,317.07501220703125,295.7302551269531,3786034,HDFC Bank
2012-10-16,317.625,317.75,314.04998779296875,315.20001220703125,293.9814147949219,3636918,HDFC Bank
2012-10-17,316.0,316.25,313.25,314.04998779296875,292.9088439941406,3216886,HDFC Bank
2012-10-18,315.0,318.95001220703125,312.2250061035156,318.1000061035156,296.6862487792969,2809230,HDFC Bank
2012-10-19,316.0,317.5,313.5,314.25,293.0953369140625,4527700,HDFC Bank
2012-10-22,312.6000061035156,320.0,312.6000061035156,319.5,297.9919128417969,4120702,HDFC Bank
2012-10-23,319.5249938964844,319.75,316.25,317.04998779296875,295.7069091796875,4166480,HDFC Bank
2012-10-25,316.32501220703125,320.5,314.5,318.67498779296875,297.2225036621094,8505670,HDFC Bank
2012-10-29,318.92498779296875,321.25,317.7749938964844,320.29998779296875,298.73809814453125,2756164,HDFC Bank
2012-10-30,318.5249938964844,322.3999938964844,315.29998779296875,316.82501220703125,295.4971008300781,4417452,HDFC Bank
2012-10-31,317.04998779296875,317.95001220703125,315.0249938964844,317.1000061035156,295.7535400390625,3746484,HDFC Bank
2012-11-01,316.375,317.8500061035156,313.75,314.29998779296875,293.1420288085937,3529230,HDFC Bank
2012-11-02,319.0,319.0,314.0,315.1499938964844,293.934814453125,2716386,HDFC Bank
2012-11-05,316.0,318.0,315.375,317.5,296.1266174316406,2011064,HDFC Bank
2012-11-06,316.9750061035156,320.6000061035156,316.9750061035156,319.7749938964844,298.2484741210937,3639042,HDFC Bank
2012-11-07,319.875,322.5,318.45001220703125,320.0249938964844,298.4816589355469,4100330,HDFC Bank
2012-11-08,318.25,320.5,317.75,319.5,297.9919128417969,1933900,HDFC Bank
2012-11-09,319.125,321.5,317.5,319.67498779296875,298.1551818847656,2210388,HDFC Bank
2012-11-12,318.625,326.8999938964844,318.625,325.6499938964844,303.72802734375,4828728,HDFC Bank
2012-11-15,323.5,323.70001220703125,319.5,323.125,301.3729248046875,4721170,HDFC Bank
2012-11-16,321.5,324.29998779296875,320.07501220703125,321.125,299.5075988769531,6051412,HDFC Bank
2012-11-19,319.875,323.95001220703125,319.7250061035156,323.375,301.6061096191406,2893974,HDFC Bank
2012-11-20,324.54998779296875,327.95001220703125,324.125,326.92498779296875,304.9171142578125,4676694,HDFC Bank
2012-11-21,327.57501220703125,332.75,324.8500061035156,331.8500061035156,309.51055908203125,6464892,HDFC Bank
2012-11-22,333.3999938964844,335.57501220703125,332.0,334.54998779296875,312.02886962890625,4220482,HDFC Bank
2012-11-23,334.75,336.29998779296875,329.5249938964844,334.875,312.3319091796875,2624856,HDFC Bank
2012-11-26,336.5,336.8500061035156,330.04998779296875,330.95001220703125,308.6712341308594,2740768,HDFC Bank
2012-11-27,332.45001220703125,341.8999938964844,332.45001220703125,340.25,317.3451232910156,8251336,HDFC Bank
2012-11-29,338.75,351.875,337.70001220703125,349.92498779296875,326.3688049316406,12599726,HDFC Bank
2012-11-30,350.5,352.75,344.79998779296875,351.9750061035156,328.28082275390625,7819646,HDFC Bank
2012-12-03,350.0,350.57501220703125,342.0,343.4750061035156,320.3530578613281,5818170,HDFC Bank
2012-12-04,342.04998779296875,345.0,340.5249938964844,342.57501220703125,319.5136108398437,4339744,HDFC Bank
2012-12-05,344.5,347.5,343.5,346.29998779296875,322.9878234863281,4609930,HDFC Bank
2012-12-06,347.8999938964844,349.25,340.3999938964844,347.375,323.99053955078125,5452276,HDFC Bank
2012-12-07,347.625,349.0,344.0,346.54998779296875,323.22100830078125,3968316,HDFC Bank
2012-12-10,345.0,348.25,344.82501220703125,346.5,323.1743469238281,4162052,HDFC Bank
2012-12-11,347.625,349.5,343.1499938964844,345.42498779296875,322.1717529296875,6750276,HDFC Bank
2012-12-12,345.625,348.0,344.25,346.92498779296875,323.5707397460937,3868252,HDFC Bank
2012-12-13,346.92498779296875,348.0,344.5,345.5249938964844,322.2650146484375,3141616,HDFC Bank
2012-12-14,345.0249938964844,347.20001220703125,342.67498779296875,344.375,321.1924743652344,4186946,HDFC Bank
2012-12-17,343.95001220703125,343.95001220703125,336.79998779296875,338.25,315.4797668457031,6115106,HDFC Bank
2012-12-18,338.9750061035156,341.1000061035156,334.875,337.9750061035156,315.2232666015625,6687536,HDFC Bank
2012-12-19,337.2749938964844,344.625,337.25,344.0,320.8426818847656,8244506,HDFC Bank
2012-12-20,343.0,343.5,340.125,341.70001220703125,318.69757080078125,5130374,HDFC Bank
2012-12-21,340.5,341.0,337.0249938964844,338.0,315.24658203125,5543122,HDFC Bank
2012-12-24,340.0,340.07501220703125,335.8999938964844,338.04998779296875,315.2932434082031,2741126,HDFC Bank
2012-12-26,339.04998779296875,342.42498779296875,336.54998779296875,340.1499938964844,317.2518615722656,2861608,HDFC Bank
2012-12-27,342.0,342.0,338.3500061035156,340.04998779296875,317.1586303710937,4929084,HDFC Bank
2012-12-28,340.54998779296875,341.5,337.07501220703125,338.82501220703125,316.0160827636719,3512132,HDFC Bank
2012-12-31,338.5,340.0,337.0,339.29998779296875,316.4590148925781,2553644,HDFC Bank
2013-01-01,341.04998779296875,342.54998779296875,339.82501220703125,342.25,319.2104797363281,2014606,HDFC Bank
2013-01-02,344.95001220703125,345.0,341.5249938964844,343.67498779296875,320.53955078125,4854798,HDFC Bank
2013-01-03,345.0,345.0,340.20001220703125,341.67498779296875,318.6741638183594,4571366,HDFC Bank
2013-01-04,342.5,342.5,336.3999938964844,339.67498779296875,316.8088073730469,5442254,HDFC Bank
2013-01-07,341.8500061035156,341.8500061035156,333.0,334.1000061035156,311.6091613769531,5502284,HDFC Bank
2013-01-08,334.0,336.70001220703125,332.8500061035156,335.125,312.5651550292969,4942598,HDFC Bank
2013-01-09,336.0,336.2749938964844,333.0249938964844,333.75,311.28271484375,6435982,HDFC Bank
2013-01-10,334.75,339.0,333.25,337.8999938964844,315.1532897949219,4565184,HDFC Bank
2013-01-11,338.45001220703125,338.45001220703125,333.3500061035156,334.6499938964844,312.1221008300781,5141714,HDFC Bank
2013-01-14,334.07501220703125,335.25,333.54998779296875,334.6499938964844,312.1221008300781,5694874,HDFC Bank
2013-01-15,335.3999938964844,337.7250061035156,332.5,334.1499938964844,311.65576171875,4131688,HDFC Bank
2013-01-16,332.7749938964844,334.6000061035156,328.79998779296875,330.25,308.018310546875,4575378,HDFC Bank
2013-01-17,328.8500061035156,335.42498779296875,327.0249938964844,333.3999938964844,310.9562683105469,6422072,HDFC Bank
2013-01-18,335.0,337.0,327.6499938964844,331.42498779296875,309.1141967773437,10112346,HDFC Bank
2013-01-21,330.0,331.70001220703125,327.375,329.2749938964844,307.1089172363281,5427360,HDFC Bank
2013-01-22,329.25,330.5,323.7749938964844,326.875,304.8705139160156,4243064,HDFC Bank
2013-01-23,328.5,331.5,327.17498779296875,328.29998779296875,306.1995544433594,3539870,HDFC Bank
2013-01-24,327.79998779296875,331.375,327.625,330.1499938964844,307.9250793457031,3073980,HDFC Bank
2013-01-25,330.1499938964844,333.5,327.7749938964844,332.5249938964844,310.14013671875,2794866,HDFC Bank
2013-01-28,332.625,336.0,332.2250061035156,335.17498779296875,312.6117248535156,3684010,HDFC Bank
2013-01-29,335.375,335.45001220703125,325.0,326.2250061035156,304.2642517089844,5980874,HDFC Bank
2013-01-30,326.5,329.20001220703125,322.0,328.32501220703125,306.222900390625,5019816,HDFC Bank
2013-01-31,328.29998779296875,328.95001220703125,320.04998779296875,321.5249938964844,299.880615234375,6944192,HDFC Bank
2013-02-01,322.3999938964844,322.42498779296875,318.1000061035156,320.07501220703125,298.5282592773437,5242072,HDFC Bank
2013-02-04,320.57501220703125,324.75,320.0,323.45001220703125,301.6761169433594,5237900,HDFC Bank
2013-02-05,318.17498779296875,323.6000061035156,318.17498779296875,322.07501220703125,300.39361572265625,3730010,HDFC Bank
2013-02-06,323.29998779296875,323.45001220703125,318.6000061035156,319.75,298.2251281738281,4936794,HDFC Bank
2013-02-07,318.1499938964844,321.5,317.2749938964844,320.75,299.1578674316406,4541418,HDFC Bank
2013-02-08,320.25,326.70001220703125,320.25,325.0249938964844,303.14508056640625,9413328,HDFC Bank
2013-02-11,325.0,329.9750061035156,325.0,328.4750061035156,306.36279296875,7583530,HDFC Bank
2013-02-12,327.82501220703125,333.5,327.82501220703125,332.6000061035156,310.2100830078125,7916418,HDFC Bank
2013-02-13,331.6499938964844,333.70001220703125,329.75,332.1000061035156,309.7437744140625,7254416,HDFC Bank
2013-02-14,332.0,339.20001220703125,331.0,337.3999938964844,314.6869812011719,8842076,HDFC Bank
2013-02-15,335.8500061035156,340.3999938964844,334.1000061035156,338.375,315.59637451171875,6244390,HDFC Bank
2013-02-18,339.0,340.45001220703125,337.0,338.0,315.24658203125,4734582,HDFC Bank
2013-02-19,337.25,338.70001220703125,335.7749938964844,337.3999938964844,314.6869812011719,1187406,HDFC Bank
2013-02-20,338.75,340.3999938964844,337.45001220703125,338.4750061035156,315.6896057128906,3430842,HDFC Bank
2013-02-21,337.5,338.7250061035156,332.0249938964844,333.125,310.6997985839844,5435936,HDFC Bank
2013-02-22,331.1000061035156,333.20001220703125,328.7749938964844,329.6499938964844,307.4587097167969,3854192,HDFC Bank
2013-02-25,331.625,332.6000061035156,327.04998779296875,328.2250061035156,306.12957763671875,3776472,HDFC Bank
2013-02-26,327.3999938964844,331.5,322.70001220703125,325.625,303.70458984375,5871320,HDFC Bank
2013-02-27,326.1499938964844,327.0,320.45001220703125,321.375,299.7407531738281,6435668,HDFC Bank
2013-02-28,323.4750061035156,327.4750061035156,309.67498779296875,312.67498779296875,291.6264038085937,13943502,HDFC Bank
2013-03-01,312.5,314.79998779296875,308.1499938964844,311.25,290.2973022460937,8610364,HDFC Bank
2013-03-04,310.17498779296875,315.1499938964844,309.0,313.82501220703125,292.69903564453125,5984900,HDFC Bank
2013-03-05,315.45001220703125,317.3500061035156,311.57501220703125,316.4750061035156,295.170654296875,5278790,HDFC Bank
2013-03-06,317.4750061035156,318.57501220703125,314.5,315.25,294.02801513671875,5466658,HDFC Bank
2013-03-07,314.17498779296875,321.4750061035156,313.57501220703125,320.8999938964844,299.2977294921875,2975492,HDFC Bank
2013-03-08,322.1000061035156,330.0,321.70001220703125,328.6499938964844,306.5260009765625,5298430,HDFC Bank
2013-03-11,328.6499938964844,329.8500061035156,325.125,327.625,305.5700378417969,4252292,HDFC Bank
2013-03-12,326.5,327.8500061035156,320.04998779296875,322.0,300.3236999511719,3447862,HDFC Bank
2013-03-13,320.5249938964844,322.95001220703125,316.1000061035156,317.45001220703125,296.0799560546875,3956686,HDFC Bank
2013-03-14,317.45001220703125,326.75,307.67498779296875,324.625,302.77197265625,15957218,HDFC Bank
2013-03-15,322.5,324.95001220703125,316.8999938964844,319.70001220703125,298.1785583496094,7719804,HDFC Bank
2013-03-18,316.5,327.0,315.0,321.6499938964844,299.9972229003906,8780962,HDFC Bank
2013-03-19,321.5,321.8999938964844,312.0,315.7749938964844,294.51776123046875,10014230,HDFC Bank
2013-03-20,316.0,316.7250061035156,310.5,312.75,291.69635009765625,5668218,HDFC Bank
2013-03-21,311.32501220703125,314.3999938964844,301.875,303.5,283.0690612792969,7226294,HDFC Bank
2013-03-22,304.5,307.29998779296875,301.29998779296875,302.625,282.2529296875,14762950,HDFC Bank
2013-03-25,305.5,306.67498779296875,303.7749938964844,304.70001220703125,284.18829345703125,13599488,HDFC Bank
2013-03-26,303.0,308.75,301.2749938964844,307.25,286.5665588378906,6637202,HDFC Bank
2013-03-28,308.25,315.57501220703125,303.4750061035156,312.67498779296875,291.6264038085937,9748046,HDFC Bank
2013-04-01,312.32501220703125,314.5,310.5,311.92498779296875,290.9269104003906,3354386,HDFC Bank
2013-04-02,312.5,317.1499938964844,308.95001220703125,314.95001220703125,293.74822998046875,3428710,HDFC Bank
2013-04-03,314.0,315.82501220703125,309.75,311.82501220703125,290.8336181640625,3351808,HDFC Bank
2013-04-04,309.3999938964844,311.70001220703125,306.7250061035156,308.07501220703125,287.3360900878906,4090992,HDFC Bank
2013-04-05,307.4750061035156,313.20001220703125,306.70001220703125,310.4750061035156,289.5744934082031,6479960,HDFC Bank
2013-04-08,309.4750061035156,314.4750061035156,308.875,312.2250061035156,291.2066955566406,4326064,HDFC Bank
2013-04-09,314.04998779296875,314.04998779296875,308.70001220703125,310.29998779296875,289.4112548828125,7380204,HDFC Bank
2013-04-10,313.3999938964844,316.82501220703125,309.4750061035156,316.0,294.72760009765625,7572252,HDFC Bank
2013-04-11,316.25,321.0,315.95001220703125,319.625,298.1085510253906,12533034,HDFC Bank
2013-04-12,318.04998779296875,322.92498779296875,318.04998779296875,321.8500061035156,300.18377685546875,7603040,HDFC Bank
2013-04-15,321.04998779296875,321.7250061035156,317.5,320.7749938964844,299.1811218261719,7961884,HDFC Bank
2013-04-16,321.5,332.92498779296875,321.17498779296875,331.67498779296875,309.34735107421875,6870156,HDFC Bank
2013-04-17,332.5,335.92498779296875,328.3999938964844,330.04998779296875,307.8317565917969,7478474,HDFC Bank
2013-04-18,327.0,337.70001220703125,327.0,336.79998779296875,314.1273803710937,4611892,HDFC Bank
2013-04-22,337.3500061035156,351.0,337.3500061035156,349.1499938964844,325.64599609375,9930076,HDFC Bank
2013-04-23,349.3999938964844,350.0,339.3999938964844,344.5,321.3090515136719,11931780,HDFC Bank
2013-04-25,346.17498779296875,347.5,340.0249938964844,344.7749938964844,321.56549072265625,12947562,HDFC Bank
2013-04-26,343.82501220703125,346.125,341.5,344.54998779296875,321.3556213378906,4284372,HDFC Bank
2013-04-29,344.125,348.42498779296875,343.25,347.57501220703125,324.1770324707031,5837716,HDFC Bank
2013-04-30,347.0,347.9750061035156,338.3999938964844,341.1499938964844,318.1845703125,6276136,HDFC Bank
2013-05-02,342.20001220703125,347.0,341.1499938964844,346.25,322.9412536621094,6151634,HDFC Bank
2013-05-03,346.29998779296875,347.0,339.32501220703125,340.4750061035156,317.5549621582031,6143292,HDFC Bank
2013-05-06,339.5,339.6499938964844,334.9750061035156,337.75,315.0134582519531,3836730,HDFC Bank
2013-05-07,338.1499938964844,344.95001220703125,336.25,344.0249938964844,320.865966796875,5549232,HDFC Bank
2013-05-08,344.5,349.75,343.25,348.57501220703125,325.1097412109375,4326978,HDFC Bank
2013-05-09,349.5249938964844,349.75,344.1000061035156,345.0249938964844,321.7986755371094,2261680,HDFC Bank
2013-05-10,344.3500061035156,352.45001220703125,344.32501220703125,351.67498779296875,328.0009765625,6956628,HDFC Bank
2013-05-13,352.5,355.7250061035156,345.3999938964844,346.375,323.0577697753906,4796986,HDFC Bank
2013-05-14,345.0249938964844,347.45001220703125,342.54998779296875,344.5249938964844,321.33233642578125,3326838,HDFC Bank
2013-05-15,346.75,358.0,345.67498779296875,357.42498779296875,333.3639221191406,7086740,HDFC Bank
2013-05-16,356.0,362.0,355.5,361.3999938964844,337.0713195800781,5830308,HDFC Bank
2013-05-17,361.25,361.25,354.6000061035156,359.45001220703125,335.2526550292969,6409926,HDFC Bank
2013-05-20,359.75,362.0,356.07501220703125,357.25,333.2007141113281,2920804,HDFC Bank
2013-05-21,357.0,359.0,352.5249938964844,353.8999938964844,330.07623291015625,4603250,HDFC Bank
2013-05-22,353.75,356.0,349.0,351.7250061035156,328.04766845703125,2706056,HDFC Bank
2013-05-23,349.5,353.2250061035156,347.1499938964844,349.29998779296875,325.785888671875,3952624,HDFC Bank
2013-05-24,352.875,352.875,347.1499938964844,350.67498779296875,327.068359375,4132120,HDFC Bank
2013-05-27,349.29998779296875,358.5,349.29998779296875,357.5249938964844,333.4571838378906,4497604,HDFC Bank
2013-05-28,357.125,360.3999938964844,353.3999938964844,356.6499938964844,332.6410827636719,3353958,HDFC Bank
2013-05-29,355.0249938964844,359.2250061035156,351.92498779296875,357.9750061035156,333.876953125,2466746,HDFC Bank
2013-05-30,355.04998779296875,363.6499938964844,355.04998779296875,362.5750122070313,338.1672668457031,7678728,HDFC Bank
2013-05-31,358.625,360.3500061035156,348.8500061035156,350.25,326.6719970703125,6166448,HDFC Bank
2013-06-03,349.0,350.70001220703125,343.2749938964844,344.57501220703125,321.3789978027344,3945062,HDFC Bank
2013-06-04,343.6499938964844,346.8999938964844,340.5,341.5249938964844,318.5343017578125,2808162,HDFC Bank
2013-06-05,341.0,347.20001220703125,339.25,343.9750061035156,320.81939697265625,3781838,HDFC Bank
2013-06-06,341.75,344.70001220703125,339.0,341.1000061035156,318.1379089355469,3558206,HDFC Bank
2013-06-07,340.875,346.70001220703125,336.6000061035156,338.07501220703125,315.3165588378906,4778112,HDFC Bank
2013-06-10,340.5249938964844,343.5,335.75,338.17498779296875,315.4097595214844,3184006,HDFC Bank
2013-06-11,336.7250061035156,340.45001220703125,331.1000061035156,332.45001220703125,310.0702209472656,5910430,HDFC Bank
2013-06-12,331.0,336.70001220703125,329.2250061035156,331.9750061035156,309.6271667480469,4907826,HDFC Bank
2013-06-13,328.79998779296875,330.5,326.67498779296875,327.54998779296875,308.0518493652344,3574868,HDFC Bank
2013-06-14,331.0,334.2250061035156,329.6499938964844,332.5249938964844,312.730712890625,7482606,HDFC Bank
2013-06-17,332.79998779296875,334.6000061035156,328.67498779296875,333.67498779296875,313.812255859375,6535454,HDFC Bank
2013-06-18,334.0,334.0,327.5,328.7250061035156,309.15692138671875,6223284,HDFC Bank
2013-06-19,328.04998779296875,333.29998779296875,326.42498779296875,332.6000061035156,312.8013000488281,4823478,HDFC Bank
2013-06-20,329.42498779296875,329.42498779296875,317.29998779296875,318.29998779296875,299.3525085449219,7569022,HDFC Bank
2013-06-21,318.3999938964844,321.2749938964844,315.04998779296875,317.625,298.7177124023437,8949922,HDFC Bank
2013-06-24,315.8999938964844,316.92498779296875,311.875,312.67498779296875,294.0623474121094,5384026,HDFC Bank
2013-06-25,313.0,323.20001220703125,311.20001220703125,317.0,298.1299133300781,9343216,HDFC Bank
2013-06-26,315.75,318.82501220703125,310.0,311.42498779296875,292.88677978515625,5238010,HDFC Bank
2013-06-27,317.0,326.3500061035156,311.17498779296875,323.25,304.00787353515625,13501780,HDFC Bank
2013-06-28,324.75,336.6000061035156,324.54998779296875,334.75,314.82330322265625,10541340,HDFC Bank
2013-07-01,334.5,337.0,332.32501220703125,334.375,314.4706115722656,4919342,HDFC Bank
2013-07-02,334.3500061035156,334.375,327.1499938964844,328.2749938964844,308.7337341308594,4591576,HDFC Bank
2013-07-03,327.0,327.3500061035156,321.79998779296875,325.32501220703125,305.9593505859375,6693130,HDFC Bank
2013-07-04,326.8999938964844,328.7250061035156,322.8500061035156,327.57501220703125,308.0754089355469,4795530,HDFC Bank
2013-07-05,330.04998779296875,336.375,329.25,333.875,314.0003967285156,4771748,HDFC Bank
2013-07-08,332.0,333.7250061035156,326.375,330.2250061035156,310.5676574707031,3584648,HDFC Bank
2013-07-09,331.1000061035156,336.875,331.1000061035156,335.1499938964844,315.199462890625,3520096,HDFC Bank
2013-07-10,335.125,335.95001220703125,328.07501220703125,329.6499938964844,310.02685546875,3569290,HDFC Bank
2013-07-11,333.5,343.3500061035156,333.0249938964844,341.625,321.2890625,5299784,HDFC Bank
2013-07-12,343.5,348.8500061035156,340.8999938964844,347.875,327.1669616699219,7817426,HDFC Bank
2013-07-15,345.5,349.0249938964844,342.0,347.7250061035156,327.02593994140625,4255944,HDFC Bank
2013-07-16,339.5,342.25,334.9750061035156,339.3500061035156,319.14947509765625,5823692,HDFC Bank
2013-07-17,338.8999938964844,340.3999938964844,323.95001220703125,331.45001220703125,311.7197265625,11316994,HDFC Bank
2013-07-18,334.95001220703125,344.25,328.4750061035156,342.04998779296875,321.688720703125,6831940,HDFC Bank
2013-07-19,344.0249938964844,345.9750061035156,336.57501220703125,340.0,319.7607421875,6229210,HDFC Bank
2013-07-22,338.0,343.5,338.0,341.0249938964844,320.7247619628906,3230216,HDFC Bank
2013-07-23,343.95001220703125,345.0,340.5249938964844,341.79998779296875,321.4535827636719,3707392,HDFC Bank
2013-07-24,337.0,338.0,326.75,329.9750061035156,310.3324890136719,7314374,HDFC Bank
2013-07-25,330.32501220703125,333.0,325.07501220703125,326.92498779296875,307.4640197753906,8133628,HDFC Bank
2013-07-26,328.0,328.125,319.0,322.04998779296875,302.8792419433594,4678246,HDFC Bank
2013-07-29,321.5,321.5,314.82501220703125,316.25,297.42449951171875,7461112,HDFC Bank
2013-07-30,315.375,317.5,310.04998779296875,312.67498779296875,294.0623474121094,7345542,HDFC Bank
2013-07-31,310.5,310.8999938964844,303.45001220703125,304.875,286.7266540527344,13412260,HDFC Bank
2013-08-01,306.95001220703125,318.8999938964844,306.20001220703125,316.1000061035156,297.2834777832031,11723304,HDFC Bank
2013-08-02,315.0,317.3999938964844,313.42498779296875,315.625,296.8367919921875,10007924,HDFC Bank
2013-08-05,315.7749938964844,317.7250061035156,307.5,316.3500061035156,297.5185852050781,6799186,HDFC Bank
2013-08-06,315.5,315.67498779296875,303.25,304.32501220703125,286.2093811035156,9822590,HDFC Bank
2013-08-07,304.9750061035156,307.17498779296875,300.0,300.6000061035156,282.70611572265625,11378228,HDFC Bank
2013-08-08,302.0,308.75,300.0,305.25,287.0793151855469,10230724,HDFC Bank
2013-08-12,305.0249938964844,305.3999938964844,299.32501220703125,301.1000061035156,283.1763916015625,7850434,HDFC Bank
2013-08-13,301.92498779296875,312.3999938964844,299.07501220703125,310.25,291.7816772460937,7351196,HDFC Bank
2013-08-14,311.0,311.82501220703125,304.32501220703125,310.67498779296875,292.181396484375,7151854,HDFC Bank
2013-08-16,307.0,311.0,292.45001220703125,293.95001220703125,276.4520263671875,14029784,HDFC Bank
2013-08-19,293.5,294.29998779296875,285.1499938964844,292.3500061035156,274.947265625,10009220,HDFC Bank
2013-08-20,287.4750061035156,294.95001220703125,283.25,292.375,274.97076416015625,12863492,HDFC Bank
2013-08-21,303.0,309.67498779296875,295.0,296.67498779296875,279.0147705078125,14454298,HDFC Bank
2013-08-22,294.5,301.8500061035156,285.0,294.3500061035156,276.8282470703125,15125346,HDFC Bank
2013-08-23,296.0,304.57501220703125,294.1499938964844,303.7749938964844,285.69207763671875,10349222,HDFC Bank
2013-08-26,306.17498779296875,311.3999938964844,301.2749938964844,305.6499938964844,287.4555053710937,7303804,HDFC Bank
2013-08-27,298.6499938964844,300.0,277.7250061035156,280.95001220703125,264.2258605957031,27354186,HDFC Bank
2013-08-28,277.8500061035156,286.0,264.0,280.9750061035156,264.24932861328125,18533776,HDFC Bank
2013-08-29,284.0,291.25,284.0,286.0249938964844,268.9987487792969,20385502,HDFC Bank
2013-08-30,285.5,300.0,285.32501220703125,297.0,279.3204345703125,18308458,HDFC Bank
2013-09-02,299.0,302.17498779296875,291.25,294.75,277.204345703125,9757858,HDFC Bank
2013-09-03,298.45001220703125,298.45001220703125,278.5249938964844,281.2749938964844,264.531494140625,9070004,HDFC Bank
2013-09-04,283.7250061035156,288.42498779296875,279.57501220703125,282.0249938964844,265.2368469238281,10470900,HDFC Bank
2013-09-05,292.0,311.45001220703125,292.0,304.75,286.609130859375,16623124,HDFC Bank
2013-09-06,305.5,310.0,293.375,308.1000061035156,289.7596435546875,9498608,HDFC Bank
2013-09-10,310.2749938964844,320.5,309.20001220703125,319.0,300.0107727050781,10149418,HDFC Bank
2013-09-11,316.5,325.0,312.7749938964844,323.625,304.36053466796875,6345196,HDFC Bank
2013-09-12,321.25,323.0,313.79998779296875,316.9750061035156,298.1063842773437,8838268,HDFC Bank
2013-09-13,316.2250061035156,317.25,310.5,314.6000061035156,295.8727722167969,7751560,HDFC Bank
2013-09-16,318.75,324.45001220703125,314.5,321.3999938964844,302.2680053710937,6069608,HDFC Bank
2013-09-17,319.0,322.5,316.79998779296875,321.125,302.0093688964844,4216044,HDFC Bank
2013-09-18,321.79998779296875,327.45001220703125,315.57501220703125,325.25,305.8888244628906,5494808,HDFC Bank
2013-09-19,340.0,344.95001220703125,338.1499938964844,341.6000061035156,321.2655334472656,14640452,HDFC Bank
2013-09-20,341.25,343.2250061035156,317.625,329.5249938964844,309.9093322753906,12363076,HDFC Bank
2013-09-23,325.5,326.17498779296875,316.54998779296875,320.9750061035156,301.8682556152344,6992620,HDFC Bank
2013-09-24,316.5249938964844,322.17498779296875,314.9750061035156,319.2250061035156,300.22247314453125,9087594,HDFC Bank
2013-09-25,319.0,320.8500061035156,306.6000061035156,310.29998779296875,291.8287048339844,10490460,HDFC Bank
2013-09-26,310.67498779296875,313.0,309.0,310.57501220703125,292.0873107910156,11291220,HDFC Bank
2013-09-27,311.0,312.0,302.5,304.45001220703125,286.32696533203125,8204346,HDFC Bank
2013-09-30,303.0,306.42498779296875,293.8500061035156,296.5249938964844,278.8736877441406,8531214,HDFC Bank
2013-10-01,299.3999938964844,307.20001220703125,294.67498779296875,305.82501220703125,287.6200866699219,6498554,HDFC Bank
2013-10-03,307.6499938964844,319.5,305.0,318.1000061035156,299.1643981933594,4886456,HDFC Bank
2013-10-04,317.75,323.70001220703125,317.5,320.2250061035156,301.16290283203125,6814188,HDFC Bank
2013-10-07,318.25,319.07501220703125,309.125,317.1499938964844,298.27099609375,4961000,HDFC Bank
2013-10-08,325.25,327.2749938964844,312.8999938964844,316.32501220703125,297.4950866699219,5884074,HDFC Bank
2013-10-09,312.6000061035156,325.45001220703125,311.5,324.57501220703125,305.2540283203125,4334380,HDFC Bank
2013-10-10,324.5,324.5,316.67498779296875,320.5249938964844,301.4450378417969,4172642,HDFC Bank
2013-10-11,323.6499938964844,331.875,319.67498779296875,330.6499938964844,310.9673767089844,6695132,HDFC Bank
2013-10-14,328.7749938964844,334.6499938964844,324.32501220703125,333.75,313.8827819824219,6187860,HDFC Bank
2013-10-15,336.5,337.5,323.29998779296875,326.2250061035156,306.8057556152344,8071662,HDFC Bank
2013-10-17,326.5,329.9750061035156,321.2749938964844,327.1000061035156,307.6286926269531,7275794,HDFC Bank
2013-10-18,327.625,339.7749938964844,327.625,338.29998779296875,318.1619567871094,10640592,HDFC Bank
2013-10-21,337.0,339.3999938964844,331.2749938964844,335.625,315.64617919921875,5612712,HDFC Bank
2013-10-22,335.5,336.9750061035156,332.6000061035156,334.5,314.58819580078125,4379048,HDFC Bank
2013-10-23,334.5,334.5,326.8999938964844,330.1000061035156,310.4501037597656,6772478,HDFC Bank
2013-10-24,328.1000061035156,337.875,328.1000061035156,334.6499938964844,314.7292785644531,6160964,HDFC Bank
2013-10-25,332.625,337.4750061035156,331.57501220703125,336.2749938964844,316.2574768066406,4473436,HDFC Bank
2013-10-28,336.5,337.5,332.70001220703125,333.95001220703125,314.0709228515625,4191044,HDFC Bank
2013-10-29,334.0,344.5,327.7749938964844,343.25,322.8172912597656,7611458,HDFC Bank
2013-10-30,343.0,343.75,337.875,339.67498779296875,319.4551086425781,5094336,HDFC Bank
2013-10-31,338.1000061035156,342.5249938964844,336.70001220703125,340.3999938964844,320.136962890625,9097778,HDFC Bank
2013-11-01,340.79998779296875,344.0,339.1000061035156,341.8999938964844,321.5477294921875,7821222,HDFC Bank
2013-11-05,340.2250061035156,342.5,336.5,338.125,317.9974060058594,7129236,HDFC Bank
2013-11-06,339.45001220703125,339.6000061035156,332.625,334.45001220703125,314.5411376953125,2305326,HDFC Bank
2013-11-07,335.0,338.75,328.45001220703125,332.70001220703125,312.89532470703125,3894570,HDFC Bank
2013-11-08,331.70001220703125,333.82501220703125,322.32501220703125,326.25,306.8292541503906,6740380,HDFC Bank
2013-11-11,322.0,330.3500061035156,308.3500061035156,327.125,307.65216064453125,5608152,HDFC Bank
2013-11-12,326.2749938964844,331.5249938964844,321.67498779296875,322.9750061035156,303.7492370605469,4490160,HDFC Bank
2013-11-13,319.5,323.7250061035156,314.17498779296875,316.8500061035156,297.9888610839844,5280542,HDFC Bank
2013-11-14,319.0,324.95001220703125,319.0,321.1000061035156,301.98583984375,6313430,HDFC Bank
2013-11-18,325.70001220703125,335.0,324.5249938964844,334.3999938964844,314.494140625,7436960,HDFC Bank
2013-11-19,334.20001220703125,334.20001220703125,328.7250061035156,330.0249938964844,310.3795166015625,3394518,HDFC Bank
2013-11-20,328.3500061035156,329.5,323.20001220703125,324.7749938964844,305.44207763671875,4185048,HDFC Bank
2013-11-21,322.2749938964844,322.79998779296875,317.57501220703125,318.82501220703125,299.84625244140625,6393828,HDFC Bank
2013-11-22,321.25,323.45001220703125,317.54998779296875,321.07501220703125,301.9623107910156,3746192,HDFC Bank
2013-11-25,324.0249938964844,330.875,324.0249938964844,329.875,310.2384948730469,8075270,HDFC Bank
2013-11-26,328.8500061035156,329.95001220703125,324.20001220703125,326.4750061035156,307.0408935546875,7239258,HDFC Bank
2013-11-27,325.54998779296875,329.375,322.04998779296875,326.7749938964844,307.3230285644531,4296506,HDFC Bank
2013-11-28,327.79998779296875,331.5,324.0249938964844,326.70001220703125,307.25250244140625,7386866,HDFC Bank
2013-11-29,327.5,334.45001220703125,327.5,330.6499938964844,310.9673767089844,4785540,HDFC Bank
2013-12-02,331.0,332.5,329.0249938964844,330.6499938964844,310.9673767089844,3429306,HDFC Bank
2013-12-03,330.0,331.1000061035156,326.32501220703125,327.875,308.3575744628906,5144140,HDFC Bank
2013-12-04,327.45001220703125,329.7749938964844,326.7250061035156,328.79998779296875,309.2274780273437,5238304,HDFC Bank
2013-12-05,335.7749938964844,344.95001220703125,335.7749938964844,344.04998779296875,323.5696716308594,16009996,HDFC Bank
2013-12-06,342.45001220703125,344.79998779296875,339.125,341.3500061035156,321.0303955078125,8034616,HDFC Bank
2013-12-09,355.0,358.70001220703125,346.2749938964844,348.32501220703125,327.5902099609375,12632814,HDFC Bank
2013-12-10,346.17498779296875,350.92498779296875,345.0,348.3500061035156,327.6137084960937,12532440,HDFC Bank
2013-12-11,345.04998779296875,350.8999938964844,343.45001220703125,347.7749938964844,327.0729675292969,6144888,HDFC Bank
2013-12-12,346.6000061035156,350.2749938964844,345.25,347.6000061035156,326.90838623046875,6433848,HDFC Bank
2013-12-13,343.8999938964844,351.0,342.5,344.9750061035156,324.4396057128906,12658040,HDFC Bank
2013-12-16,344.0,345.45001220703125,340.6000061035156,342.17498779296875,321.8062438964844,10716122,HDFC Bank
2013-12-17,337.82501220703125,337.82501220703125,327.0249938964844,328.79998779296875,309.2274780273437,8971322,HDFC Bank
2013-12-18,325.25,340.32501220703125,324.7749938964844,333.125,313.2950744628906,7043658,HDFC Bank
2013-12-19,339.5,341.9750061035156,325.20001220703125,326.2749938964844,306.8527526855469,5009758,HDFC Bank
2013-12-20,328.8999938964844,334.29998779296875,325.04998779296875,332.29998779296875,312.5190734863281,2861234,HDFC Bank
2013-12-23,329.0,335.75,328.5,332.2250061035156,312.4485778808594,2765616,HDFC Bank
2013-12-24,332.7749938964844,333.25,327.5249938964844,328.6499938964844,309.0863952636719,1777348,HDFC Bank
2013-12-26,329.92498779296875,336.1000061035156,328.45001220703125,334.5249938964844,314.6116943359375,4023380,HDFC Bank
2013-12-27,332.04998779296875,337.7250061035156,332.04998779296875,334.82501220703125,314.8937683105469,2732006,HDFC Bank
2013-12-30,338.3999938964844,338.5,332.57501220703125,334.75,314.82330322265625,2113802,HDFC Bank
2013-12-31,336.04998779296875,336.1499938964844,330.04998779296875,332.92498779296875,313.1068725585937,2630656,HDFC Bank
2014-01-01,334.0,334.8999938964844,331.5,332.57501220703125,312.7778015136719,2246218,HDFC Bank
2014-01-02,332.5,337.375,326.7749938964844,328.5,308.9453430175781,3614496,HDFC Bank
2014-01-03,326.0,333.0,325.0,331.54998779296875,311.8137512207031,3256592,HDFC Bank
2014-01-06,331.5,331.5,328.5,330.8500061035156,311.1554260253906,2981710,HDFC Bank
2014-01-07,333.54998779296875,335.4750061035156,326.6499938964844,332.20001220703125,312.42510986328125,3948460,HDFC Bank
2014-01-08,332.6000061035156,333.4750061035156,330.0,332.3500061035156,312.566162109375,2324740,HDFC Bank
2014-01-09,331.6000061035156,333.0249938964844,328.54998779296875,331.4750061035156,311.7432556152344,1888736,HDFC Bank
2014-01-10,331.4750061035156,337.3500061035156,328.1499938964844,331.0249938964844,311.3200378417969,3075254,HDFC Bank
2014-01-13,330.04998779296875,338.4750061035156,328.45001220703125,336.42498779296875,316.3985595703125,2376290,HDFC Bank
2014-01-14,334.5249938964844,338.0,334.1499938964844,336.1499938964844,316.139892578125,1788560,HDFC Bank
2014-01-15,336.5,341.3500061035156,334.79998779296875,340.2749938964844,320.0194091796875,2313920,HDFC Bank
2014-01-16,342.20001220703125,342.5,335.17498779296875,336.5249938964844,316.4926147460937,2250588,HDFC Bank
2014-01-17,337.5,337.5,329.5249938964844,332.5,312.7072448730469,21687428,HDFC Bank
2014-01-20,334.04998779296875,338.3500061035156,333.20001220703125,335.0249938964844,315.0819091796875,2800184,HDFC Bank
2014-01-21,336.4750061035156,339.3999938964844,335.0,338.04998779296875,317.9268493652344,3125962,HDFC Bank
2014-01-22,337.75,342.3500061035156,337.32501220703125,338.54998779296875,318.3970642089844,3516668,HDFC Bank
2014-01-23,337.5,340.54998779296875,336.375,339.75,319.5256652832031,2741370,HDFC Bank
2014-01-24,335.0,337.4750061035156,331.8500061035156,336.70001220703125,316.6571960449219,4421450,HDFC Bank
2014-01-27,332.45001220703125,332.45001220703125,322.79998779296875,324.6000061035156,305.2774658203125,8530224,HDFC Bank
2014-01-28,324.0,328.0,319.29998779296875,322.2250061035156,303.0439147949219,9197712,HDFC Bank
2014-01-29,323.75,325.45001220703125,320.2749938964844,322.7250061035156,303.5140991210937,5485462,HDFC Bank
2014-01-30,318.75,319.95001220703125,313.82501220703125,315.8999938964844,297.0953674316406,5712730,HDFC Bank
2014-01-31,315.0,318.1499938964844,312.54998779296875,314.25,295.5435485839844,4810492,HDFC Bank
2014-02-03,314.9750061035156,317.0,312.54998779296875,313.25,294.6031188964844,2388410,HDFC Bank
2014-02-04,310.82501220703125,317.75,308.3999938964844,315.29998779296875,296.5311279296875,3704652,HDFC Bank
2014-02-05,315.5,319.8999938964844,312.54998779296875,318.7250061035156,299.752197265625,3452692,HDFC Bank
2014-02-06,319.375,324.79998779296875,314.75,323.5,304.24298095703125,6733472,HDFC Bank
2014-02-07,326.20001220703125,327.25,321.04998779296875,323.875,304.5956115722656,2014734,HDFC Bank
2014-02-10,323.82501220703125,325.07501220703125,318.0,321.95001220703125,302.7852478027344,3140410,HDFC Bank
2014-02-11,323.0,323.57501220703125,319.6499938964844,322.3999938964844,303.2084655761719,2232428,HDFC Bank
2014-02-12,323.29998779296875,326.3999938964844,321.82501220703125,322.7250061035156,303.5140991210937,3218480,HDFC Bank
2014-02-13,323.0,324.0,315.625,316.25,297.42449951171875,1577600,HDFC Bank
2014-02-14,317.0,321.92498779296875,314.67498779296875,320.8999938964844,301.7977294921875,2124556,HDFC Bank
2014-02-17,321.0,326.0,320.54998779296875,325.20001220703125,305.8417663574219,1825060,HDFC Bank
2014-02-18,324.25,332.20001220703125,323.70001220703125,330.20001220703125,310.54412841796875,2509836,HDFC Bank
2014-02-19,328.1000061035156,336.125,327.5,335.0249938964844,315.0819091796875,2030474,HDFC Bank
2014-02-20,332.8999938964844,333.7250061035156,330.42498779296875,331.375,311.649169921875,1724218,HDFC Bank
2014-02-21,329.92498779296875,334.79998779296875,329.8500061035156,332.20001220703125,312.42510986328125,1521936,HDFC Bank
2014-02-24,331.04998779296875,336.5,327.875,335.5,315.5286865234375,2509492,HDFC Bank
2014-02-25,337.0,338.0,333.0,335.54998779296875,315.5756225585937,2010280,HDFC Bank
2014-02-26,335.0,339.6000061035156,334.2749938964844,338.70001220703125,318.53814697265625,2275670,HDFC Bank
2014-02-28,341.0,341.45001220703125,332.57501220703125,334.79998779296875,314.8703308105469,2451792,HDFC Bank
2014-03-03,332.6000061035156,336.0,331.6000061035156,333.1000061035156,313.271484375,1839216,HDFC Bank
2014-03-04,333.0,336.92498779296875,332.125,335.8500061035156,315.8578186035156,3221934,HDFC Bank
2014-03-05,336.75,337.5,331.25,334.875,314.9407958984375,2003492,HDFC Bank
2014-03-06,336.5,338.8500061035156,334.04998779296875,337.79998779296875,317.69171142578125,2474340,HDFC Bank
2014-03-07,339.79998779296875,357.45001220703125,338.1000061035156,355.7250061035156,334.5496826171875,11383784,HDFC Bank
2014-03-10,353.25,368.4500122070313,350.0,367.2250061035156,345.3651733398437,13061926,HDFC Bank
2014-03-11,367.25,370.0,359.7749938964844,362.5750122070313,340.9919738769531,6500236,HDFC Bank
2014-03-12,360.625,366.5,358.25,362.7749938964844,341.1800231933594,3555108,HDFC Bank
2014-03-13,363.75,374.75,363.75,371.1749877929688,349.0800170898437,5724226,HDFC Bank
2014-03-14,367.5,369.9500122070313,362.0,366.0750122070313,344.2836303710937,6104240,HDFC Bank
2014-03-18,367.7000122070313,372.3999938964844,364.1499938964844,367.0,345.15350341796875,4051362,HDFC Bank
2014-03-19,370.0,371.6499938964844,367.875,369.2250061035156,347.2460632324219,3027568,HDFC Bank
2014-03-20,369.2250061035156,369.2250061035156,364.0,365.1000061035156,343.3666687011719,2597542,HDFC Bank
2014-03-21,367.5750122070313,368.75,365.6000061035156,366.9249877929688,345.0829772949219,3762796,HDFC Bank
2014-03-24,367.25,376.4500122070313,367.0,375.3250122070313,352.9830017089844,5856930,HDFC Bank
2014-03-25,375.0,380.2749938964844,373.875,375.0750122070313,352.74786376953125,4015546,HDFC Bank
2014-03-26,376.3999938964844,378.1499938964844,372.0499877929688,373.0249938964844,350.81988525390625,4704656,HDFC Bank
2014-03-27,375.0,380.375,371.0,373.375,351.1490783691406,12277466,HDFC Bank
2014-03-28,374.9750061035156,377.0499877929688,367.5249938964844,372.4750061035156,350.3025817871094,6080450,HDFC Bank
2014-03-31,373.9750061035156,376.5,371.5499877929688,374.3999938964844,352.1130065917969,4131214,HDFC Bank
2014-04-01,375.75,376.7749938964844,366.2749938964844,369.0499877929688,347.0814514160156,4025916,HDFC Bank
2014-04-02,372.4750061035156,373.0,360.9500122070313,365.9500122070313,344.16607666015625,5199376,HDFC Bank
2014-04-03,368.0,369.0,363.125,364.3999938964844,342.70831298828125,2779852,HDFC Bank
2014-04-04,362.7749938964844,366.5,360.0249938964844,362.7250061035156,341.1330261230469,3711204,HDFC Bank
2014-04-07,362.5,366.0,361.5499877929688,362.6749877929688,341.0859680175781,5866578,HDFC Bank
2014-04-09,364.0249938964844,372.4500122070313,360.875,370.9249877929688,348.8448791503906,5260192,HDFC Bank
2014-04-10,372.3250122070313,374.3250122070313,368.0,369.7000122070313,347.6928405761719,3747396,HDFC Bank
2014-04-11,367.0249938964844,372.3999938964844,366.9500122070313,369.0750122070313,347.10498046875,2603976,HDFC Bank
2014-04-15,367.1499938964844,369.3999938964844,359.04998779296875,361.9750061035156,340.4276428222656,4185934,HDFC Bank
2014-04-16,361.6000061035156,365.8999938964844,360.5499877929688,362.9750061035156,341.3681640625,1786196,HDFC Bank
2014-04-17,358.125,360.6499938964844,353.6499938964844,359.3500061035156,337.9588623046875,6151164,HDFC Bank
2014-04-21,361.3500061035156,363.25,356.5,358.2250061035156,336.90087890625,3493876,HDFC Bank
2014-04-22,360.9500122070313,364.7999877929688,358.70001220703125,363.7749938964844,342.1205139160156,5697912,HDFC Bank
2014-04-23,362.4500122070313,369.7250061035156,361.2999877929688,366.5,344.6833190917969,10512672,HDFC Bank
2014-04-24,366.5,366.5,366.5,366.5,344.6833190917969,0,HDFC Bank
2014-04-25,366.5750122070313,369.0,362.5,363.2000122070313,341.5797119140625,3106222,HDFC Bank
2014-04-28,361.125,364.625,360.2749938964844,362.6000061035156,341.0154113769531,2441430,HDFC Bank
2014-04-29,363.2000122070313,363.75,356.25,357.8999938964844,336.5952453613281,3320618,HDFC Bank
2014-04-30,358.0,364.9500122070313,355.82501220703125,360.6499938964844,339.1815185546875,4393460,HDFC Bank
2014-05-02,361.75,363.7749938964844,357.7749938964844,358.54998779296875,337.20654296875,2957646,HDFC Bank
2014-05-05,359.92498779296875,361.5499877929688,357.0,358.3500061035156,337.0184020996094,2596162,HDFC Bank
2014-05-06,360.1000061035156,362.2999877929688,357.04998779296875,360.1000061035156,338.6642761230469,3092280,HDFC Bank
2014-05-07,359.25,363.5,355.7250061035156,357.79998779296875,336.50115966796875,3299312,HDFC Bank
2014-05-08,358.57501220703125,361.5,357.75,359.1499938964844,337.77081298828125,3760214,HDFC Bank
2014-05-09,360.0,380.0,360.0,378.3999938964844,355.8749084472656,8188222,HDFC Bank
2014-05-12,377.5499877929688,397.4249877929688,377.25,396.0750122070313,372.497802734375,8780680,HDFC Bank
2014-05-13,400.0,400.0,391.25,394.0750122070313,370.6169128417969,6332608,HDFC Bank
2014-05-14,392.5,397.3999938964844,387.125,387.7250061035156,364.6448364257813,4250750,HDFC Bank
2014-05-15,384.5,395.5750122070313,383.0249938964844,394.1749877929688,370.7108459472656,4733094,HDFC Bank
2014-05-16,400.0,427.0,393.8250122070313,402.3500061035156,378.3992614746094,16434184,HDFC Bank
2014-05-19,407.9500122070313,417.5,404.0,405.9500122070313,381.7849731445313,5261402,HDFC Bank
2014-05-20,408.0,410.7999877929688,402.1749877929688,408.0249938964844,383.7364501953125,3178516,HDFC Bank
2014-05-21,406.1749877929688,407.25,402.5,404.75,380.6563720703125,1821194,HDFC Bank
2014-05-22,406.0,407.5,399.0,401.2999877929688,377.4117736816406,3903228,HDFC Bank
2014-05-23,399.5,401.5,391.3500061035156,394.8250122070313,371.32220458984375,4909468,HDFC Bank
2014-05-26,399.5,402.0249938964844,395.0,398.5750122070313,374.8489685058594,8697616,HDFC Bank
2014-05-27,400.0,405.3250122070313,394.1749877929688,402.4500122070313,378.4933166503906,3809762,HDFC Bank
2014-05-28,399.9500122070313,413.375,399.75,411.7250061035156,387.2161560058594,7177782,HDFC Bank
2014-05-29,411.2999877929688,415.375,403.7000122070313,405.125,381.0090637207031,6842004,HDFC Bank
2014-05-30,407.5,411.3999938964844,365.0,396.375,372.7799377441406,16403772,HDFC Bank
2014-06-02,396.75,411.1749877929688,396.75,409.7000122070313,385.3117370605469,4041566,HDFC Bank
2014-06-03,411.5,413.9249877929688,407.0,412.1749877929688,387.639404296875,1812074,HDFC Bank
2014-06-04,411.2000122070313,414.8500061035156,407.5499877929688,408.3500061035156,384.0421447753906,1432170,HDFC Bank
2014-06-05,405.8999938964844,407.7000122070313,400.5,402.7250061035156,381.95550537109375,3837236,HDFC Bank
2014-06-06,406.5,410.5,400.5,407.625,386.6028442382813,5282638,HDFC Bank
2014-06-09,410.9500122070313,415.0,407.5,409.7250061035156,388.5945739746094,4669960,HDFC Bank
2014-06-10,410.5750122070313,411.7999877929688,405.0,408.3250122070313,387.2667541503906,2499672,HDFC Bank
2014-06-11,408.5,414.9249877929688,405.0,410.25,389.0924987792969,3871886,HDFC Bank
2014-06-12,412.25,422.4750061035156,406.4249877929688,419.9249877929688,398.2684631347656,6366024,HDFC Bank
2014-06-13,422.0,428.0,415.8250122070313,417.7000122070313,396.1582946777344,6106442,HDFC Bank
2014-06-16,415.5,421.3999938964844,415.1499938964844,419.5,397.8653869628906,2654940,HDFC Bank
2014-06-17,418.0,424.3999938964844,413.6749877929688,423.2749938964844,401.4457092285156,3494060,HDFC Bank
2014-06-18,423.5499877929688,425.7000122070313,414.375,417.4249877929688,395.8974304199219,2687314,HDFC Bank
2014-06-19,418.5499877929688,419.9750061035156,411.1000061035156,412.875,391.5820617675781,2360498,HDFC Bank
2014-06-20,413.0,415.875,409.6749877929688,410.9750061035156,389.780029296875,1484884,HDFC Bank
2014-06-23,412.0,413.2749938964844,407.6499938964844,410.7250061035156,389.5429382324219,2920422,HDFC Bank
2014-06-24,412.6749877929688,416.375,412.5,414.5,393.123291015625,2533112,HDFC Bank
2014-06-25,414.5,416.6000061035156,411.5,412.0499877929688,390.7995910644531,3165312,HDFC Bank
2014-06-26,410.0,413.2999877929688,404.3250122070313,406.2000122070313,385.2512817382813,10904132,HDFC Bank
2014-06-27,408.9249877929688,411.0,407.0,408.1000061035156,387.0533447265625,2571480,HDFC Bank
2014-06-30,409.9500122070313,416.3500061035156,409.9500122070313,410.7749938964844,389.5903930664063,3088050,HDFC Bank
2014-07-01,411.5,413.9750061035156,407.5,411.6499938964844,390.4202575683594,3820686,HDFC Bank
2014-07-02,415.3999938964844,421.0,412.75,419.9500122070313,398.2922668457031,3813362,HDFC Bank
2014-07-03,420.5,422.6499938964844,415.6749877929688,418.3999938964844,396.8221130371094,3031370,HDFC Bank
2014-07-04,418.3999938964844,429.4750061035156,417.5499877929688,428.3250122070313,406.2352600097656,2815994,HDFC Bank
2014-07-07,429.9500122070313,430.3500061035156,417.9249877929688,420.2250061035156,398.5530090332031,4065984,HDFC Bank
2014-07-08,422.0,424.1749877929688,410.0,414.625,393.2418212890625,3366136,HDFC Bank
2014-07-09,414.0,417.4249877929688,409.0,415.1499938964844,393.7397155761719,2897776,HDFC Bank
2014-07-10,415.1499938964844,424.0,406.125,411.6749877929688,390.4439392089844,4928772,HDFC Bank
2014-07-11,410.5499877929688,415.7250061035156,404.3999938964844,405.8999938964844,384.9667663574219,4599390,HDFC Bank
2014-07-14,407.5,410.0,403.5750122070313,408.7250061035156,387.6461486816406,2460804,HDFC Bank
2014-07-15,410.375,414.3999938964844,408.25,413.3999938964844,392.0799865722656,3046018,HDFC Bank
2014-07-16,414.75,419.25,408.9500122070313,417.875,396.32421875,4794650,HDFC Bank
2014-07-17,419.3500061035156,419.5,414.75,415.8999938964844,394.4510498046875,2519550,HDFC Bank
2014-07-18,414.4500122070313,418.3999938964844,411.0,416.2250061035156,394.7593383789063,3644216,HDFC Bank
2014-07-21,420.8500061035156,423.4750061035156,412.625,413.7250061035156,392.3882446289063,4906828,HDFC Bank
2014-07-22,414.9500122070313,421.3250122070313,413.5,419.9249877929688,398.2684631347656,3485176,HDFC Bank
2014-07-23,421.5499877929688,422.5,417.5,418.1499938964844,396.58502197265625,3924926,HDFC Bank
2014-07-24,418.0,422.0,416.5,421.125,399.4066162109375,2139300,HDFC Bank
2014-07-25,420.5,424.8999938964844,417.0750122070313,417.75,396.2056884765625,5332976,HDFC Bank
2014-07-28,419.25,419.8999938964844,414.0,414.7749938964844,393.3840637207031,1942476,HDFC Bank
2014-07-30,415.5,420.9500122070313,413.4249877929688,419.3999938964844,397.7705383300781,2342690,HDFC Bank
2014-07-31,418.9500122070313,419.9500122070313,414.2749938964844,417.0,395.494384765625,5950672,HDFC Bank
2014-08-01,413.0249938964844,413.8999938964844,406.0,407.7250061035156,386.6976318359375,3414230,HDFC Bank
2014-08-04,409.5,411.3500061035156,403.5499877929688,406.5,385.5358581542969,3681522,HDFC Bank
2014-08-05,408.5,411.5,404.9500122070313,410.1000061035156,388.9502258300781,3038552,HDFC Bank
2014-08-06,407.5249938964844,409.7749938964844,403.6749877929688,405.0,384.11322021484375,1690700,HDFC Bank
2014-08-07,406.4500122070313,409.25,405.0,405.75,384.8245544433594,1966870,HDFC Bank
2014-08-08,402.5,403.8999938964844,397.5,398.0750122070313,377.54541015625,3725340,HDFC Bank
2014-08-11,400.5,401.4249877929688,395.7000122070313,396.4750061035156,376.0278930664063,2813112,HDFC Bank
2014-08-12,400.5,404.25,396.0,403.6000061035156,382.7854309082031,3301536,HDFC Bank
2014-08-13,405.0,407.875,401.3250122070313,406.2000122070313,385.2512817382813,3919910,HDFC Bank
2014-08-14,407.0499877929688,415.8250122070313,406.6499938964844,413.3500061035156,392.0325927734375,5936612,HDFC Bank
2014-08-18,415.0,417.25,411.7999877929688,416.1749877929688,394.7119140625,3351084,HDFC Bank
2014-08-19,416.5,418.75,411.125,411.9249877929688,390.68109130859375,3946428,HDFC Bank
2014-08-20,414.5,417.2999877929688,409.5,410.2749938964844,389.1161804199219,4717426,HDFC Bank
2014-08-21,411.0,417.6000061035156,410.5,416.25,394.7830200195313,3195240,HDFC Bank
2014-08-22,417.1749877929688,424.375,414.0249938964844,423.375,401.5405883789063,5007644,HDFC Bank
2014-08-25,421.5,426.3999938964844,418.6000061035156,421.7250061035156,399.9756774902344,3328032,HDFC Bank
2014-08-26,422.25,424.25,419.0499877929688,421.25,399.525146484375,2082628,HDFC Bank
2014-08-27,423.0,423.0,417.0,418.2999877929688,396.7272644042969,2426484,HDFC Bank
2014-08-28,418.75,422.75,417.0,421.7749938964844,400.0230407714844,3995726,HDFC Bank
2014-09-01,422.9500122070313,424.5,419.2999877929688,420.6000061035156,398.90869140625,2077328,HDFC Bank
2014-09-02,421.5499877929688,430.5499877929688,419.3250122070313,429.6000061035156,407.4445190429688,5721126,HDFC Bank
2014-09-03,432.5,432.5,425.7999877929688,428.3250122070313,406.2352600097656,4617390,HDFC Bank
2014-09-04,429.0249938964844,429.5,424.25,425.9249877929688,403.95904541015625,3203484,HDFC Bank
2014-09-05,426.0,427.7749938964844,422.0499877929688,424.2250061035156,402.3467102050781,1917604,HDFC Bank
2014-09-08,425.5,433.8999938964844,424.7250061035156,432.375,410.0764465332031,4894172,HDFC Bank
2014-09-09,430.0499877929688,434.9500122070313,428.8999938964844,432.7999877929688,410.4794921875,3830522,HDFC Bank
2014-09-10,432.5,432.5,427.0499877929688,428.6499938964844,406.5435180664063,2157126,HDFC Bank
2014-09-11,428.7000122070313,431.5499877929688,426.5,427.1749877929688,405.1445617675781,3266432,HDFC Bank
2014-09-12,425.0499877929688,429.0,424.4750061035156,427.8500061035156,405.7847595214844,3043278,HDFC Bank
2014-09-15,425.0,432.5,425.0,430.1749877929688,407.9898376464844,2904544,HDFC Bank
2014-09-16,430.5,431.0249938964844,424.0,425.5,403.5559997558594,2538134,HDFC Bank
2014-09-17,427.5,427.9500122070313,421.0499877929688,423.2000122070313,401.3746337890625,3952948,HDFC Bank
2014-09-18,422.375,430.5,421.125,429.0750122070313,406.9466247558594,3326284,HDFC Bank
2014-09-19,430.0,432.5,425.7000122070313,430.125,407.94244384765625,3271054,HDFC Bank
2014-09-22,428.4750061035156,429.25,425.5,428.4249877929688,406.3301086425781,3267158,HDFC Bank
2014-09-23,428.0249938964844,428.9249877929688,422.7999877929688,424.4249877929688,402.536376953125,2358488,HDFC Bank
2014-09-24,423.5499877929688,428.6499938964844,422.5249938964844,427.7250061035156,405.6662292480469,3332748,HDFC Bank
2014-09-25,426.5,432.7999877929688,421.0499877929688,424.9750061035156,403.05810546875,8297980,HDFC Bank
2014-09-26,424.9750061035156,439.5,422.5,435.8250122070313,413.3485107421875,4941126,HDFC Bank
2014-09-29,436.5,438.6749877929688,430.6000061035156,432.5499877929688,410.2423706054688,4341134,HDFC Bank
2014-09-30,432.1000061035156,439.8999938964844,430.5750122070313,436.3250122070313,413.8227233886719,6017716,HDFC Bank
2014-10-01,433.0,435.5750122070313,430.25,434.0,411.61761474609375,2935094,HDFC Bank
2014-10-07,432.5,433.5,427.0499877929688,431.2250061035156,408.9857177734375,2513144,HDFC Bank
2014-10-08,430.2749938964844,435.0,429.1499938964844,433.7999877929688,411.4279174804688,1570192,HDFC Bank
2014-10-09,437.0,446.4750061035156,434.125,443.7999877929688,420.91217041015625,3825210,HDFC Bank
2014-10-10,441.5249938964844,442.5750122070313,432.4500122070313,433.6499938964844,411.28564453125,2133490,HDFC Bank
2014-10-13,432.0,439.0,427.8250122070313,438.3999938964844,415.7906494140625,2688256,HDFC Bank
2014-10-14,442.5,442.9750061035156,432.5750122070313,434.1749877929688,411.7835693359375,3633120,HDFC Bank
2014-10-15,434.1749877929688,434.1749877929688,434.1749877929688,434.1749877929688,411.7835693359375,0,HDFC Bank
2014-10-16,434.2000122070313,437.0,427.5249938964844,429.4249877929688,407.2785339355469,2766542,HDFC Bank
2014-10-17,430.125,444.0499877929688,428.5499877929688,442.625,419.7978210449219,4988960,HDFC Bank
2014-10-20,447.0,454.7999877929688,445.0750122070313,446.8999938964844,423.8523254394531,4766002,HDFC Bank
2014-10-21,450.0,452.875,443.8250122070313,447.7749938964844,424.6821899414063,8018576,HDFC Bank
2014-10-22,452.5249938964844,453.1749877929688,445.625,446.8250122070313,423.78118896484375,2285772,HDFC Bank
2014-10-27,449.5249938964844,453.6499938964844,447.0750122070313,448.625,425.48834228515625,3362384,HDFC Bank
2014-10-28,449.5,450.1000061035156,447.0,447.6499938964844,424.5636901855469,2901746,HDFC Bank
2014-10-29,450.1000061035156,451.25,445.0,445.7749938964844,422.7853393554688,3948094,HDFC Bank
2014-10-30,444.9500122070313,449.9750061035156,443.5499877929688,448.3250122070313,425.2038879394531,5369090,HDFC Bank
2014-10-31,450.0499877929688,457.2999877929688,448.6749877929688,455.9249877929688,432.4118041992188,5052994,HDFC Bank
2014-11-03,457.6000061035156,459.6499938964844,452.7000122070313,455.3500061035156,431.8665466308594,3619824,HDFC Bank
2014-11-05,457.5249938964844,460.1499938964844,455.125,456.3999938964844,432.8624267578125,3762090,HDFC Bank
2014-11-07,452.5,453.2999877929688,446.8250122070313,449.7250061035156,426.53167724609375,4514246,HDFC Bank
2014-11-10,449.75,454.1749877929688,446.5,452.3250122070313,428.9975891113281,3194878,HDFC Bank
2014-11-11,452.9500122070313,458.6499938964844,451.2000122070313,453.9500122070313,430.5387878417969,2956704,HDFC Bank
2014-11-12,455.5,459.9500122070313,452.0750122070313,455.875,432.3644714355469,4529332,HDFC Bank
2014-11-13,457.75,460.0,451.9500122070313,457.9750061035156,434.3561401367188,3694476,HDFC Bank
2014-11-14,459.1000061035156,466.5,455.875,465.0499877929688,441.0662841796875,4219028,HDFC Bank
2014-11-17,465.0,467.0,454.0,459.4750061035156,435.7788391113281,6732042,HDFC Bank
2014-11-18,460.5,467.5,456.0,466.1000061035156,442.0621643066406,4594556,HDFC Bank
2014-11-19,467.5249938964844,468.8500061035156,461.0750122070313,463.2749938964844,439.3828125,1727424,HDFC Bank
2014-11-20,463.9750061035156,463.9750061035156,456.0499877929688,459.1000061035156,435.4231262207031,2385186,HDFC Bank
2014-11-21,460.6000061035156,467.5,457.0249938964844,466.4249877929688,442.370361328125,4411904,HDFC Bank
2014-11-24,466.1749877929688,475.0,464.0499877929688,472.6000061035156,448.2269287109375,3658430,HDFC Bank
2014-11-25,471.5,479.3999938964844,469.5,476.7749938964844,452.1866149902344,6078254,HDFC Bank
2014-11-26,469.8999938964844,479.9500122070313,466.6499938964844,475.6499938964844,451.11962890625,4488214,HDFC Bank
2014-11-27,475.2999877929688,476.8999938964844,471.5,474.0750122070313,449.6258544921875,6605724,HDFC Bank
2014-11-28,474.0,482.9500122070313,473.5,478.5750122070313,453.8937683105469,4625930,HDFC Bank
2014-12-01,479.1499938964844,481.2250061035156,474.1000061035156,475.0,450.503173828125,3694564,HDFC Bank
2014-12-02,470.875,474.7999877929688,469.6000061035156,471.6499938964844,447.325927734375,2258778,HDFC Bank
2014-12-03,471.0,472.0249938964844,466.0,466.5499877929688,442.4889221191406,3330592,HDFC Bank
2014-12-04,470.0,472.125,466.0,470.7000122070313,446.4248962402344,3419552,HDFC Bank
2014-12-05,470.5,472.2000122070313,467.8500061035156,471.375,447.0651245117188,2037090,HDFC Bank
2014-12-08,472.5,472.5,462.5,463.5750122070313,439.66741943359375,2028564,HDFC Bank
2014-12-09,462.5249938964844,467.5,462.5249938964844,463.375,439.4776611328125,2436672,HDFC Bank
2014-12-10,463.0499877929688,467.5,462.6499938964844,465.7000122070313,441.6828002929688,2782716,HDFC Bank
2014-12-11,464.9500122070313,467.875,462.5,466.7999877929688,442.7260437011719,2409422,HDFC Bank
2014-12-12,466.5,468.1000061035156,464.5,465.75,441.7301940917969,2308414,HDFC Bank
2014-12-15,465.0,472.1499938964844,464.0,470.75,446.4723205566406,3319314,HDFC Bank
2014-12-16,468.7749938964844,471.0,458.5,462.875,439.0034790039063,2494978,HDFC Bank
2014-12-17,463.0,466.25,458.0,460.9249877929688,437.1540222167969,3532008,HDFC Bank
2014-12-18,466.2999877929688,468.25,461.0249938964844,467.0249938964844,442.939453125,3246914,HDFC Bank
2014-12-19,472.5249938964844,474.5,466.25,470.7250061035156,446.4486083984375,3057054,HDFC Bank
2014-12-22,477.0,483.0499877929688,471.25,481.8500061035156,456.9999084472656,4147806,HDFC Bank
2014-12-23,479.8500061035156,486.9750061035156,477.6749877929688,479.875,455.126708984375,3772040,HDFC Bank
2014-12-24,478.9500122070313,482.3999938964844,470.5499877929688,472.625,448.2505798339844,8332406,HDFC Bank
2014-12-26,475.2000122070313,476.4750061035156,471.2749938964844,474.3250122070313,449.8629455566406,1683240,HDFC Bank
2014-12-29,475.0499877929688,478.0,474.1499938964844,475.8500061035156,451.3092956542969,1807400,HDFC Bank
2014-12-30,475.0,479.7999877929688,471.375,478.2250061035156,453.5618591308594,2840600,HDFC Bank
2014-12-31,478.0,478.6499938964844,474.875,475.7999877929688,451.2618713378906,2496264,HDFC Bank
2015-01-01,475.5,477.2000122070313,472.5249938964844,476.0249938964844,451.4752807617188,1772470,HDFC Bank
2015-01-02,475.2000122070313,484.6499938964844,475.2000122070313,482.6499938964844,457.7586059570313,2950192,HDFC Bank
2015-01-05,485.0,485.2749938964844,477.5499877929688,478.5750122070313,453.8937683105469,2398000,HDFC Bank
2015-01-06,477.0,478.2749938964844,468.7749938964844,471.125,446.8279724121094,4109840,HDFC Bank
2015-01-07,469.8500061035156,475.6749877929688,468.125,472.5,448.132080078125,2873056,HDFC Bank
2015-01-08,477.125,484.4750061035156,474.1000061035156,482.4249877929688,457.5452270507813,4762912,HDFC Bank
2015-01-09,486.4500122070313,490.0,483.2999877929688,487.8250122070313,462.666748046875,4492592,HDFC Bank
2015-01-12,484.7000122070313,487.2000122070313,482.25,483.5249938964844,458.5884399414063,2063206,HDFC Bank
2015-01-13,484.4750061035156,485.9750061035156,477.8500061035156,481.6749877929688,456.83392333984375,2914174,HDFC Bank
2015-01-14,480.0249938964844,487.3250122070313,479.8500061035156,481.9500122070313,457.0947570800781,1842616,HDFC Bank
2015-01-15,495.0,499.1000061035156,485.375,496.5750122070313,470.9654541015625,5699238,HDFC Bank
2015-01-16,501.1000061035156,507.4500122070313,499.2749938964844,500.6749877929688,474.8539733886719,3910654,HDFC Bank
2015-01-19,506.625,510.0,501.4750061035156,502.2749938964844,476.37152099609375,2119746,HDFC Bank
2015-01-20,505.0,513.5,501.0,510.4750061035156,484.1486206054688,4252902,HDFC Bank
2015-01-21,513.7000122070312,516.4749755859375,509.1749877929688,509.9750061035156,483.6744079589844,3370306,HDFC Bank
2015-01-22,512.5,516.25,509.2749938964844,510.625,484.2908630371094,3235340,HDFC Bank
2015-01-23,515.0,524.0,512.2000122070312,521.4000244140625,494.51025390625,4993956,HDFC Bank
2015-01-27,521.5,538.875,520.4500122070312,537.0250244140625,509.3294067382813,4981200,HDFC Bank
2015-01-28,535.0,546.5999755859375,527.5,529.1749877929688,501.88421630859375,5682470,HDFC Bank
2015-01-29,537.5,550.2999877929688,530.5,547.5,519.2640991210938,10283808,HDFC Bank
2015-01-30,547.2750244140625,547.2750244140625,532.125,538.6749877929688,510.8942565917969,5285208,HDFC Bank
2015-02-02,534.25,546.5,526.1749877929688,540.7999877929688,512.90966796875,2855176,HDFC Bank
2015-02-03,539.25,541.0999755859375,527.6500244140625,532.0499877929688,504.6109313964844,5100344,HDFC Bank
2015-02-04,531.5,540.4000244140625,528.625,533.8499755859375,506.3181762695313,3098756,HDFC Bank
2015-02-05,537.5,546.4000244140625,535.1749877929688,538.25,510.4912109375,4029574,HDFC Bank
2015-02-06,538.5,539.4749755859375,525.0250244140625,526.75,499.5842895507813,3451560,HDFC Bank
2015-02-09,523.5,525.875,517.25,520.0499877929688,493.2297668457031,2615948,HDFC Bank
2015-02-10,515.0,531.1500244140625,515.0,527.2249755859375,500.0347290039063,4637876,HDFC Bank
2015-02-11,529.0,532.4000244140625,526.5,529.2000122070312,501.9079284667969,2080794,HDFC Bank
2015-02-12,532.5499877929688,540.9500122070312,526.3499755859375,538.0,510.2542114257813,2762870,HDFC Bank
2015-02-13,540.5999755859375,541.0,531.7999877929688,532.9000244140625,505.4171447753906,3857250,HDFC Bank
2015-02-16,537.9000244140625,542.5,531.25,533.7750244140625,506.2469177246094,3694358,HDFC Bank
2015-02-18,533.7750244140625,541.4749755859375,528.5250244140625,537.4000244140625,509.6849670410156,2690846,HDFC Bank
2015-02-19,537.0,542.4500122070312,531.9000244140625,539.9000244140625,512.0560302734375,2253502,HDFC Bank
2015-02-20,541.5,544.9500122070312,534.25,536.5250244140625,508.8551635742188,3103012,HDFC Bank
2015-02-23,538.5499877929688,540.7750244140625,531.0,533.75,506.2232971191406,2790782,HDFC Bank
2015-02-24,535.1500244140625,535.5,528.5499877929688,533.8250122070312,506.29437255859375,2923144,HDFC Bank
2015-02-25,535.0,537.4000244140625,525.0,526.2249755859375,499.0863037109375,2324262,HDFC Bank
2015-02-26,526.8250122070312,528.0,517.5499877929688,519.0750122070312,492.30511474609375,6213472,HDFC Bank
2015-02-27,522.7249755859375,529.2750244140625,522.7249755859375,527.0,499.8214111328125,5130892,HDFC Bank
2015-03-02,540.1749877929688,549.5,534.0,541.2750244140625,513.3602294921875,7192616,HDFC Bank
2015-03-03,543.2249755859375,546.0,538.5250244140625,541.6749877929688,513.7395629882812,3014674,HDFC Bank
2015-03-04,552.5,554.6500244140625,530.0,532.6500244140625,505.1799621582031,6138812,HDFC Bank
2015-03-05,532.5,545.0,531.25,542.5499877929688,514.5693969726562,4851226,HDFC Bank
2015-03-09,538.5250244140625,540.9000244140625,528.0,529.5,502.1925048828125,2877904,HDFC Bank
2015-03-10,531.0,531.125,522.5,526.2750244140625,499.1337890625,2567418,HDFC Bank
2015-03-11,525.4500122070312,530.9500122070312,525.0,528.2249755859375,500.9832153320313,2732768,HDFC Bank
2015-03-12,530.0499877929688,531.9500122070312,525.5499877929688,527.2999877929688,500.1059265136719,3765418,HDFC Bank
2015-03-13,530.0,532.0,517.2999877929688,521.3250122070312,494.4390563964844,2713390,HDFC Bank
2015-03-16,522.5,528.9500122070312,521.25,525.7750244140625,498.6595153808594,2674386,HDFC Bank
2015-03-17,530.0,532.9500122070312,521.4249877929688,529.0250244140625,501.7419738769531,2684652,HDFC Bank
2015-03-18,530.0750122070312,535.9500122070312,526.5999755859375,531.7750244140625,504.35009765625,2574166,HDFC Bank
2015-03-19,535.5,536.9000244140625,524.3499755859375,526.0999755859375,498.9678039550781,2686786,HDFC Bank
2015-03-20,525.5,529.75,522.9749755859375,527.9500122070312,500.7224426269531,3241618,HDFC Bank
2015-03-23,527.9749755859375,529.7000122070312,523.0,523.875,496.8575439453125,2723370,HDFC Bank
2015-03-24,521.6500244140625,528.5,517.7249755859375,518.9749755859375,492.2102355957031,4486782,HDFC Bank
2015-03-25,520.0250244140625,523.3499755859375,515.5499877929688,517.125,490.4556579589844,5304450,HDFC Bank
2015-03-26,513.4500122070312,516.0999755859375,501.0499877929688,503.4750061035156,477.5096130371094,17900310,HDFC Bank
2015-03-27,507.4750061035156,511.7749938964844,504.0499877929688,507.3250122070313,481.16107177734375,5420448,HDFC Bank
2015-03-30,510.0,519.5,506.3999938964844,518.4500122070312,491.7123107910156,3477572,HDFC Bank
2015-03-31,519.9500122070312,519.9500122070312,507.4249877929688,511.3500061035156,484.97845458984375,2981128,HDFC Bank
2015-04-01,513.0499877929688,518.4249877929688,506.5,516.625,489.9814453125,1922098,HDFC Bank
2015-04-06,517.5,518.4249877929688,509.8999938964844,515.9749755859375,489.3649597167969,3575586,HDFC Bank
2015-04-07,516.625,519.0999755859375,511.8250122070313,516.375,489.7443237304688,3098536,HDFC Bank
2015-04-08,520.0250244140625,521.2249755859375,515.0250244140625,517.7750244140625,491.0721740722656,2053072,HDFC Bank
2015-04-09,519.125,529.5,515.0,528.0499877929688,500.8172607421875,3501392,HDFC Bank
2015-04-10,526.5,526.5,517.4249877929688,521.3250122070312,494.4390563964844,3059662,HDFC Bank
2015-04-13,520.0,523.1500244140625,517.4000244140625,519.4000244140625,492.61334228515625,2281618,HDFC Bank
2015-04-15,520.0,524.3499755859375,512.5999755859375,515.8250122070312,489.22271728515625,2446998,HDFC Bank
2015-04-16,514.0,516.7750244140625,509.0,514.8250122070312,488.2743225097656,2805060,HDFC Bank
2015-04-17,512.5499877929688,513.9249877929688,508.0249938964844,509.125,482.8682556152344,2024506,HDFC Bank
2015-04-20,510.0,512.5,501.2999877929688,502.5499877929688,476.63232421875,2594440,HDFC Bank
2015-04-21,502.5,507.2000122070313,497.7999877929688,501.5,475.6365051269531,3255372,HDFC Bank
2015-04-22,503.25,510.5,496.75,506.5499877929688,480.426025390625,3382968,HDFC Bank
2015-04-23,510.0249938964844,512.0999755859375,503.0499877929688,506.75,480.6156921386719,4813914,HDFC Bank
2015-04-24,509.4500122070313,509.5,500.1749877929688,503.2250061035156,477.27252197265625,3602622,HDFC Bank
2015-04-27,503.4750061035156,506.25,498.0,502.7250061035156,476.7983093261719,3685352,HDFC Bank
2015-04-28,499.7749938964844,505.7250061035156,495.0499877929688,502.2749938964844,476.37152099609375,3971054,HDFC Bank
2015-04-29,502.0,504.75,494.0,496.5750122070313,470.9654541015625,3931782,HDFC Bank
2015-04-30,495.5,497.5,489.5249938964844,494.3999938964844,468.9026489257813,7571842,HDFC Bank
2015-05-04,497.0249938964844,504.75,496.0,500.4750061035156,474.664306640625,1570724,HDFC Bank
2015-05-05,499.5249938964844,501.9500122070313,492.9249877929688,493.8250122070313,468.3572998046875,2569002,HDFC Bank
2015-05-06,493.75,493.75,482.75,485.2999877929688,460.27191162109375,5503848,HDFC Bank
2015-05-07,484.0,485.0,472.1000061035156,475.6499938964844,451.11962890625,5868332,HDFC Bank
2015-05-08,480.75,493.8999938964844,477.7000122070313,491.0,465.677978515625,5785966,HDFC Bank
2015-05-11,493.0249938964844,496.375,487.0249938964844,495.1499938964844,469.6139526367188,3365672,HDFC Bank
2015-05-12,495.0,495.0,483.5,485.9750061035156,460.9121398925781,5553784,HDFC Bank
2015-05-13,487.9249877929688,496.7000122070313,485.7999877929688,495.125,469.5902099609375,3895924,HDFC Bank
2015-05-14,494.5,497.4249877929688,487.0,495.5249938964844,469.9695739746094,2227594,HDFC Bank
2015-05-15,497.4500122070313,498.7749938964844,492.1000061035156,495.0499877929688,469.5190734863281,4076812,HDFC Bank
2015-05-18,498.0,506.0,496.0,504.9249877929688,478.88482666015625,2856652,HDFC Bank
2015-05-19,503.1749877929688,509.0,499.0499877929688,503.7749938964844,477.7941284179688,2393174,HDFC Bank
2015-05-20,504.8250122070313,513.4000244140625,504.7749938964844,512.0250244140625,485.61865234375,2004420,HDFC Bank
2015-05-21,512.0,515.0,507.5499877929688,512.3499755859375,485.9269409179688,1967190,HDFC Bank
2015-05-22,512.3499755859375,514.5,509.1749877929688,512.1500244140625,485.73724365234375,2344768,HDFC Bank
2015-05-25,514.2000122070312,515.5,508.7999877929688,511.7749938964844,485.3815612792969,2184530,HDFC Bank
2015-05-26,512.2249755859375,515.0999755859375,509.0249938964844,513.7000122070312,487.2073059082031,2453172,HDFC Bank
2015-05-27,511.8999938964844,520.0,510.7000122070313,519.0750122070312,492.30511474609375,1609296,HDFC Bank
2015-05-28,519.5250244140625,521.8499755859375,511.1000061035156,514.7000122070312,488.15570068359375,4780580,HDFC Bank
2015-05-29,514.9749755859375,527.0,513.5750122070312,525.2750244140625,498.1854248046875,2529340,HDFC Bank
2015-06-01,524.4749755859375,528.0,515.5,518.0999755859375,491.38037109375,1920660,HDFC Bank
2015-06-02,519.2000122070312,520.1500244140625,502.4500122070313,504.3999938964844,478.3869323730469,2363004,HDFC Bank
2015-06-03,504.5,508.5,499.0,502.7749938964844,476.8457336425781,2912416,HDFC Bank
2015-06-04,504.4249877929688,508.9249877929688,497.5,507.4750061035156,481.3033142089844,2778794,HDFC Bank
2015-06-05,505.125,509.25,501.25,505.875,479.785888671875,3376930,HDFC Bank
2015-06-08,502.125,506.125,497.7749938964844,501.7250061035156,475.8498840332031,1905998,HDFC Bank
2015-06-09,502.5,503.0,498.5499877929688,500.9249877929688,475.0911254882813,3020130,HDFC Bank
2015-06-10,499.0,509.5,498.5,507.7999877929688,481.611572265625,3993124,HDFC Bank
2015-06-11,508.7999877929688,509.2749938964844,497.3500061035156,500.1000061035156,474.3087158203125,4547088,HDFC Bank
2015-06-12,500.5,505.4249877929688,495.0750122070313,504.5750122070313,478.5528869628906,3264172,HDFC Bank
2015-06-15,501.0,506.875,500.0,502.6000061035156,476.67974853515625,2999914,HDFC Bank
2015-06-16,500.0,505.2250061035156,498.5249938964844,504.2000122070313,478.1972351074219,3005262,HDFC Bank
2015-06-17,504.5,506.75,499.75,502.3500061035156,476.4426574707031,4843134,HDFC Bank
2015-06-18,502.9500122070313,511.8999938964844,501.125,509.7999877929688,483.5084228515625,4215858,HDFC Bank
2015-06-19,512.4000244140625,517.4749755859375,506.5750122070313,515.25,488.6773681640625,1871162,HDFC Bank
2015-06-22,516.0499877929688,528.4500122070312,514.25,523.5750122070312,496.572998046875,2724826,HDFC Bank
2015-06-23,526.0,530.5999755859375,521.25,526.0499877929688,498.9203186035156,2827590,HDFC Bank
2015-06-24,527.0,528.9000244140625,521.3499755859375,522.9000244140625,495.932861328125,3133698,HDFC Bank
2015-06-25,524.125,535.4249877929688,521.3250122070312,532.5,505.0377502441406,8286784,HDFC Bank
2015-06-26,533.5,535.4749755859375,525.75,531.4249877929688,504.0182189941406,2823752,HDFC Bank
2015-06-29,522.4500122070312,530.875,515.25,528.3250122070312,501.0780944824219,3243918,HDFC Bank
2015-06-30,526.125,536.0,524.0,533.5750122070312,506.0573425292969,3645068,HDFC Bank
2015-07-01,530.6749877929688,538.5,530.0250244140625,536.1749877929688,508.5232238769531,2485594,HDFC Bank
2015-07-02,532.5,533.8499755859375,527.8250122070312,529.0999755859375,505.5848083496094,2241722,HDFC Bank
2015-07-03,527.0250244140625,538.0750122070312,527.0250244140625,537.125,513.253173828125,2019644,HDFC Bank
2015-07-06,532.0250244140625,542.5,530.125,541.75,517.6726684570312,1633890,HDFC Bank
2015-07-07,539.25,545.75,539.25,543.4249877929688,519.273193359375,2070736,HDFC Bank
2015-07-08,539.5499877929688,540.2999877929688,533.0,534.4249877929688,510.6731872558594,2700338,HDFC Bank
2015-07-09,531.3499755859375,538.4500122070312,530.0499877929688,537.0250244140625,513.15771484375,1398982,HDFC Bank
2015-07-10,534.9000244140625,547.5,534.25,545.375,521.1365356445312,2450044,HDFC Bank
2015-07-13,542.5,552.9500122070312,542.5,548.0750122070312,523.716552734375,3538042,HDFC Bank
2015-07-14,547.75,550.9500122070312,543.0,545.9249877929688,521.662109375,2837058,HDFC Bank
2015-07-15,546.5,550.7249755859375,545.4000244140625,548.3499755859375,523.9793701171875,1924702,HDFC Bank
2015-07-16,549.4000244140625,559.5,549.0499877929688,557.3499755859375,532.5794067382812,3655212,HDFC Bank
2015-07-17,559.7000122070312,560.875,552.7999877929688,555.2750244140625,530.5965576171875,1755494,HDFC Bank
2015-07-20,557.9749755859375,559.5,553.5,557.625,532.8421020507812,2275634,HDFC Bank
2015-07-21,558.2750244140625,564.0,546.5499877929688,549.0250244140625,524.624267578125,5514068,HDFC Bank
2015-07-22,548.2000122070312,558.5250244140625,544.3250122070312,557.2000122070312,532.43603515625,3643200,HDFC Bank
2015-07-23,556.4500122070312,558.3499755859375,550.0499877929688,553.9500122070312,529.3304443359375,2541586,HDFC Bank
2015-07-24,551.5750122070312,557.5,550.25,553.9249877929688,529.3065185546875,2380504,HDFC Bank
2015-07-27,551.9500122070312,552.25,535.0,547.9249877929688,523.5731811523438,1664286,HDFC Bank
2015-07-28,547.0,556.9500122070312,546.2249755859375,554.25,529.6170654296875,3172836,HDFC Bank
2015-07-29,552.5499877929688,558.9500122070312,552.5250244140625,554.1749877929688,529.54541015625,1971516,HDFC Bank
2015-07-30,553.5,558.5,550.5499877929688,555.2750244140625,530.5965576171875,4731094,HDFC Bank
2015-07-31,557.7999877929688,560.5,551.5,555.8250122070312,531.1220703125,2824750,HDFC Bank
2015-08-03,556.375,558.75,546.7249755859375,547.7000122070312,523.3582763671875,2172864,HDFC Bank
2015-08-04,549.0499877929688,551.0,540.9749755859375,543.2249755859375,519.0820922851562,2695464,HDFC Bank
2015-08-05,546.0750122070312,548.8499755859375,542.5999755859375,546.0999755859375,521.829345703125,2061390,HDFC Bank
2015-08-06,545.9500122070312,550.6749877929688,542.7249755859375,547.9749755859375,523.6209716796875,1871856,HDFC Bank
2015-08-07,546.9749755859375,548.75,544.2999877929688,546.3250122070312,522.0443115234375,1613570,HDFC Bank
2015-08-10,547.5,552.9749755859375,544.0,547.3250122070312,522.9998779296875,1977188,HDFC Bank
2015-08-11,547.5250244140625,549.4249877929688,542.125,547.3499755859375,523.0237426757812,1363844,HDFC Bank
2015-08-12,544.2000122070312,547.4500122070312,533.8499755859375,535.2249755859375,511.4376525878906,3002870,HDFC Bank
2015-08-13,538.5,541.3499755859375,533.2999877929688,538.7750244140625,514.829833984375,1732526,HDFC Bank
2015-08-14,541.5499877929688,551.8250122070312,539.9500122070312,550.9000244140625,526.416015625,1800830,HDFC Bank
2015-08-17,549.5250244140625,550.9000244140625,537.9000244140625,545.75,521.494873046875,1250106,HDFC Bank
2015-08-18,545.7999877929688,548.0499877929688,539.2249755859375,543.1749877929688,519.0343017578125,928658,HDFC Bank
2015-08-19,542.4249877929688,543.5,537.5,540.9249877929688,516.8843383789062,1502288,HDFC Bank
2015-08-20,534.0,542.375,534.0,537.3499755859375,513.46826171875,1522426,HDFC Bank
2015-08-21,532.0,536.4749755859375,525.5,530.6500244140625,507.0660095214844,3879486,HDFC Bank
2015-08-24,522.3499755859375,522.3499755859375,505.625,509.5249938964844,486.87982177734375,7343164,HDFC Bank
2015-08-25,512.3499755859375,516.1500244140625,502.8500061035156,509.2250061035156,486.5931701660156,6173960,HDFC Bank
2015-08-26,508.7000122070313,514.5,504.5,506.75,484.2281799316406,2786500,HDFC Bank
2015-08-27,512.5,517.2249755859375,504.5499877929688,511.0499877929688,488.3370666503906,6936716,HDFC Bank
2015-08-28,515.5250244140625,521.375,509.7000122070313,513.9749755859375,491.132080078125,2776568,HDFC Bank
2015-08-31,510.5499877929688,516.4500122070312,507.7749938964844,513.7249755859375,490.8931884765625,1720730,HDFC Bank
2015-09-01,510.6499938964844,510.6499938964844,496.5,500.0499877929688,477.8259582519531,5234572,HDFC Bank
2015-09-02,502.5499877929688,506.9750061035156,492.5,497.5750122070313,475.4609680175781,4340844,HDFC Bank
2015-09-03,501.1499938964844,507.5,499.5,505.1499938964844,482.6992492675781,3253684,HDFC Bank
2015-09-04,501.1000061035156,503.0,490.0,498.0249938964844,475.8909606933594,5702296,HDFC Bank
2015-09-07,500.5,504.8999938964844,490.0,492.2250061035156,470.3487243652344,2690870,HDFC Bank
2015-09-08,493.3500061035156,505.0,488.5,502.0249938964844,479.7131958007813,3722244,HDFC Bank
2015-09-09,507.25,512.5,502.5,508.1499938964844,485.56591796875,3276560,HDFC Bank
2015-09-10,501.5,508.4750061035156,498.1499938964844,505.5,483.0337524414063,2231870,HDFC Bank
2015-09-11,507.25,510.0,503.3999938964844,505.25,482.79486083984375,2150880,HDFC Bank
2015-09-14,504.4249877929688,511.1499938964844,501.75,509.8500061035156,487.1904296875,2530172,HDFC Bank
2015-09-15,508.9750061035156,509.8250122070313,504.0499877929688,506.5750122070313,484.06097412109375,2166364,HDFC Bank
2015-09-16,509.4500122070313,514.0499877929688,505.7749938964844,511.6749877929688,488.9342651367188,2127026,HDFC Bank
2015-09-18,517.5,531.0,515.5750122070312,524.875,501.5476684570313,3920584,HDFC Bank
2015-09-21,518.9749755859375,527.5,518.1749877929688,526.4749755859375,503.0765075683594,2138344,HDFC Bank
2015-09-22,525.0250244140625,530.0,512.6500244140625,515.3250122070312,492.422119140625,3012606,HDFC Bank
2015-09-23,509.6000061035156,526.7249755859375,509.3250122070313,524.5999755859375,501.2848205566406,2580576,HDFC Bank
2015-09-24,523.5,527.0,518.0,525.7000122070312,502.3360290527344,4126418,HDFC Bank
2015-09-28,527.5,530.0,521.5499877929688,523.2000122070312,499.9470825195313,2888554,HDFC Bank
2015-09-29,516.0,536.9500122070312,512.5499877929688,532.4000244140625,508.7381896972656,5209420,HDFC Bank
2015-09-30,534.0,536.5,530.6749877929688,534.4000244140625,510.6493835449219,4513898,HDFC Bank
2015-10-01,537.5999755859375,538.4500122070312,529.6749877929688,533.8250122070312,510.0998840332031,2517394,HDFC Bank
2015-10-05,538.5999755859375,552.4000244140625,538.5999755859375,549.1749877929688,524.7677001953125,4026686,HDFC Bank
2015-10-06,553.5,553.9500122070312,541.5,542.9749755859375,518.84326171875,2379482,HDFC Bank
2015-10-07,544.0,549.1749877929688,541.6749877929688,543.875,519.7033081054688,2193134,HDFC Bank
2015-10-08,544.0499877929688,545.3499755859375,537.7000122070312,541.5499877929688,517.4815063476562,1940954,HDFC Bank
2015-10-09,547.5,547.5,540.0999755859375,543.0750122070312,518.9387817382812,1721614,HDFC Bank
2015-10-12,543.8499755859375,547.75,538.9000244140625,540.2750244140625,516.2633056640625,1108670,HDFC Bank
2015-10-13,537.7750244140625,541.0750122070312,536.5999755859375,538.1749877929688,514.256591796875,911826,HDFC Bank
2015-10-14,534.4000244140625,543.25,533.5250244140625,542.375,518.2698364257812,1374574,HDFC Bank
2015-10-15,542.8499755859375,548.25,540.5,542.0750122070312,517.983154296875,1962976,HDFC Bank
2015-10-16,545.0,550.75,542.5,550.0250244140625,525.5798950195312,2421844,HDFC Bank
2015-10-19,550.0,551.0499877929688,547.1500244140625,548.9000244140625,524.5048828125,1327110,HDFC Bank
2015-10-20,549.0,551.4500122070312,545.5999755859375,547.4500122070312,523.119384765625,1925678,HDFC Bank
2015-10-21,549.4500122070312,552.0,542.5,547.5,523.1671142578125,3636602,HDFC Bank
2015-10-23,549.7249755859375,556.8499755859375,548.0,554.25,529.6170654296875,2233524,HDFC Bank
2015-10-26,556.9749755859375,557.0999755859375,548.5,550.75,526.272705078125,2443992,HDFC Bank
2015-10-27,547.7750244140625,557.0,547.7750244140625,555.4500122070312,530.7637939453125,4492016,HDFC Bank
2015-10-28,552.5250244140625,562.0,552.5250244140625,555.75,531.0504150390625,3847380,HDFC Bank
2015-10-29,555.0,557.25,550.0,551.7750244140625,527.2520751953125,3351184,HDFC Bank
2015-10-30,551.0,556.0,545.2249755859375,549.7999877929688,525.3648681640625,4048730,HDFC Bank
2015-11-02,547.5250244140625,547.9500122070312,538.25,541.5499877929688,517.4815063476562,1578276,HDFC Bank
2015-11-03,545.4749755859375,546.0,539.5999755859375,542.4500122070312,518.3414916992188,1274296,HDFC Bank
2015-11-04,545.0250244140625,549.0499877929688,539.125,540.8499755859375,516.8126831054688,1348222,HDFC Bank
2015-11-05,539.25,541.5,534.75,539.9249877929688,515.9287719726562,1798476,HDFC Bank
2015-11-06,540.3499755859375,544.5,537.625,540.4500122070312,516.430419921875,2940502,HDFC Bank
2015-11-09,529.0,534.8250122070312,525.5,532.4000244140625,508.7381896972656,5714716,HDFC Bank
2015-11-10,530.0250244140625,532.5,526.2249755859375,527.2999877929688,503.8648376464844,2201290,HDFC Bank
2015-11-13,524.7000122070312,527.5,520.5,526.0250244140625,502.6465148925781,1970014,HDFC Bank
2015-11-16,524.375,532.5,522.625,530.4749755859375,506.898681640625,2367366,HDFC Bank
2015-11-17,531.6500244140625,531.9000244140625,525.5999755859375,530.4000244140625,506.82708740234375,1283702,HDFC Bank
2015-11-18,530.8499755859375,532.9249877929688,523.1500244140625,524.2999877929688,500.9982299804688,1223360,HDFC Bank
2015-11-19,527.5,535.4749755859375,524.7999877929688,534.4500122070312,510.6970825195313,1638840,HDFC Bank
2015-11-20,532.4500122070312,540.125,530.0,535.4249877929688,511.6287231445313,2324080,HDFC Bank
2015-11-23,537.0,537.75,529.5250244140625,533.0250244140625,509.3354187011719,1704140,HDFC Bank
2015-11-24,532.625,536.75,531.0499877929688,532.1749877929688,508.5231628417969,2001126,HDFC Bank
2015-11-26,529.5,533.5,525.5499877929688,531.9749755859375,508.33209228515625,4395742,HDFC Bank
2015-11-27,532.4249877929688,541.0999755859375,530.4749755859375,539.7000122070312,515.7137451171875,3462536,HDFC Bank
2015-11-30,539.5999755859375,540.5,534.8499755859375,538.875,514.9254760742188,2623888,HDFC Bank
2015-12-01,538.5250244140625,542.4500122070312,536.75,541.5,517.4337768554688,947666,HDFC Bank
2015-12-02,545.0,546.3499755859375,535.9249877929688,538.9000244140625,514.9493408203125,1281142,HDFC Bank
2015-12-03,536.25,540.5,533.6500244140625,538.375,514.4476928710938,1903856,HDFC Bank
2015-12-04,536.7999877929688,536.7999877929688,528.0,529.4500122070312,505.9194030761719,2929914,HDFC Bank
2015-12-07,534.0999755859375,535.5499877929688,530.5499877929688,530.9749755859375,507.3764343261719,2907404,HDFC Bank
2015-12-08,530.5,530.9500122070312,523.5,524.625,501.3086853027344,2451330,HDFC Bank
2015-12-09,523.5499877929688,528.5,522.4249877929688,523.7249755859375,500.44873046875,1945308,HDFC Bank
2015-12-10,522.5,531.5999755859375,521.1500244140625,530.2999877929688,506.7315673828125,3257170,HDFC Bank
2015-12-11,530.0,530.2999877929688,521.0,523.1749877929688,499.9231872558594,1516960,HDFC Bank
2015-12-14,520.5,529.9249877929688,520.0499877929688,527.5250244140625,504.0799560546875,2939008,HDFC Bank
2015-12-15,526.5,531.2249755859375,522.6500244140625,529.7249755859375,506.1820373535156,2278708,HDFC Bank
2015-12-16,531.5,536.6749877929688,529.6749877929688,533.6500244140625,509.9327392578125,3421384,HDFC Bank
2015-12-17,536.9500122070312,542.0,532.5,540.125,516.119873046875,2439006,HDFC Bank
2015-12-18,542.5,542.5,534.25,536.5,512.656005859375,1586064,HDFC Bank
2015-12-21,535.875,539.9500122070312,534.5250244140625,537.7000122070312,513.8026733398438,1548750,HDFC Bank
2015-12-22,537.25,538.25,532.0,533.2249755859375,509.5264587402344,1214768,HDFC Bank
2015-12-23,536.2999877929688,538.9749755859375,534.5750122070312,537.0499877929688,513.1815185546875,1506984,HDFC Bank
2015-12-24,538.0999755859375,538.2000122070312,534.1500244140625,537.0,513.1337280273438,1073176,HDFC Bank
2015-12-28,537.0,539.9500122070312,533.875,538.625,514.6865844726562,3877714,HDFC Bank
2015-12-29,539.4749755859375,539.9249877929688,535.6500244140625,538.9749755859375,515.02099609375,2115806,HDFC Bank
2015-12-30,540.0,540.9749755859375,536.2750244140625,537.1500244140625,513.2770385742188,1056280,HDFC Bank
2015-12-31,537.5,542.4500122070312,537.5,541.0750122070312,517.0277099609375,4645004,HDFC Bank
2016-01-01,541.2000122070312,545.125,538.0750122070312,544.375,520.1810913085938,1597538,HDFC Bank
2016-01-04,542.0,542.0,534.0499877929688,535.25,511.4615783691406,2593768,HDFC Bank
2016-01-05,535.0999755859375,537.4000244140625,530.6749877929688,531.2000122070312,507.5914916992188,1580436,HDFC Bank
2016-01-06,528.3250122070312,538.375,528.3250122070312,533.5499877929688,509.8370971679688,2082768,HDFC Bank
2016-01-07,530.0499877929688,532.4500122070312,524.8499755859375,528.0999755859375,504.62933349609375,3027714,HDFC Bank
2016-01-08,530.9749755859375,532.25,528.625,531.1749877929688,507.5676574707031,1744178,HDFC Bank
2016-01-11,526.0250244140625,530.5,522.6500244140625,529.2999877929688,505.7759704589844,1644456,HDFC Bank
2016-01-12,531.9500122070312,531.9500122070312,521.75,523.4749755859375,500.2098693847656,2129368,HDFC Bank
2016-01-13,526.0,531.375,518.5,530.0750122070312,506.51654052734375,2257574,HDFC Bank
2016-01-14,525.0750122070312,528.7000122070312,519.75,524.875,501.5476684570313,3139592,HDFC Bank
2016-01-15,524.0,527.7249755859375,519.0499877929688,521.0750122070312,497.91650390625,2708630,HDFC Bank
2016-01-18,517.8250122070312,520.7249755859375,510.5,512.9249877929688,490.1287536621094,3247694,HDFC Bank
2016-01-19,513.5999755859375,518.7750244140625,513.1500244140625,517.9000244140625,494.8826599121094,3202606,HDFC Bank
2016-01-20,512.5,554.0,503.9500122070313,509.1499938964844,486.5215148925781,4781794,HDFC Bank
2016-01-21,510.5,516.625,506.7000122070313,511.5,488.76708984375,3150402,HDFC Bank
2016-01-22,512.8499755859375,522.125,511.0249938964844,515.1500244140625,492.2548522949219,2118142,HDFC Bank
2016-01-25,519.9749755859375,523.3499755859375,516.5250244140625,520.5750122070312,497.4387817382813,5071942,HDFC Bank
2016-01-27,524.2249755859375,524.3499755859375,516.5,517.8250122070312,494.8110046386719,2019734,HDFC Bank
2016-01-28,519.5,523.4500122070312,515.0,515.8499755859375,492.9237060546875,4975986,HDFC Bank
2016-01-29,517.5999755859375,527.4749755859375,517.5999755859375,524.9249877929688,501.5953674316406,2680092,HDFC Bank
2016-02-01,529.0,533.5,526.8499755859375,529.875,506.3253784179688,2304742,HDFC Bank
2016-02-02,532.5,532.625,525.0999755859375,526.9000244140625,503.482666015625,3264314,HDFC Bank
2016-02-03,522.25,525.7000122070312,521.0,521.9249877929688,498.7287292480469,2425122,HDFC Bank
2016-02-04,524.0,527.4500122070312,522.7750244140625,524.5999755859375,501.2848205566406,2837996,HDFC Bank
2016-02-05,526.4000244140625,531.9000244140625,522.7999877929688,527.625,504.1754150390625,3761952,HDFC Bank
2016-02-08,527.5,529.0,515.1500244140625,517.9249877929688,494.9065246582031,1740962,HDFC Bank
2016-02-09,513.3499755859375,515.7750244140625,510.3250122070313,513.0250244140625,490.2243041992188,2767730,HDFC Bank
2016-02-10,511.9500122070313,515.0750122070312,505.0499877929688,506.4750061035156,483.9654235839844,3841140,HDFC Bank
2016-02-11,505.0,506.5,484.1000061035156,487.6499938964844,465.97705078125,4401800,HDFC Bank
2016-02-12,489.5,493.2250061035156,483.0,485.7000122070313,464.1137390136719,6271072,HDFC Bank
2016-02-15,490.0,494.125,485.5499877929688,486.7999877929688,465.1648254394531,5456480,HDFC Bank
2016-02-16,490.75,491.0,481.0,486.7250061035156,465.0931701660156,3568048,HDFC Bank
2016-02-17,488.4500122070313,489.9500122070313,479.5,487.4500122070313,465.7859497070313,3751962,HDFC Bank
2016-02-18,493.0,495.625,488.5,494.7250061035156,472.7376098632813,3399928,HDFC Bank
2016-02-19,494.375,496.2999877929688,486.75,494.6499938964844,472.6659240722656,1664330,HDFC Bank
2016-02-22,491.5,498.0,491.5,494.375,472.4031677246094,2001198,HDFC Bank
2016-02-23,492.4500122070313,492.75,483.0,485.0249938964844,463.4687194824219,3039160,HDFC Bank
2016-02-24,480.0,481.4500122070313,473.2000122070313,474.7999877929688,453.6981506347656,3231734,HDFC Bank
2016-02-25,477.0,478.625,469.1000061035156,471.3250122070313,450.3775939941406,4231598,HDFC Bank
2016-02-26,475.0,485.5,472.5,480.5,459.1448059082031,3104694,HDFC Bank
2016-02-29,480.5499877929688,491.2999877929688,464.0,485.9249877929688,464.3287353515625,4406376,HDFC Bank
2016-03-01,487.4750061035156,493.375,485.9249877929688,492.0750122070313,470.2054443359375,2161280,HDFC Bank
2016-03-02,499.0,505.4500122070313,497.5,503.6000061035156,481.2182312011719,3179488,HDFC Bank
2016-03-03,505.375,510.0,505.0,507.9249877929688,485.3509216308594,2305200,HDFC Bank
2016-03-04,507.7250061035156,512.4500122070312,496.5499877929688,510.2749938964844,487.5964965820313,2852312,HDFC Bank
2016-03-08,512.0,512.0,504.75,507.0750122070313,484.5387878417969,956844,HDFC Bank
2016-03-09,506.5,514.9500122070312,503.375,512.4000244140625,489.6271057128906,3264086,HDFC Bank
2016-03-10,512.4000244140625,512.875,505.0499877929688,510.625,487.9309387207031,1335696,HDFC Bank
2016-03-11,509.9500122070313,515.4000244140625,506.5,514.3499755859375,491.4903869628906,2365428,HDFC Bank
2016-03-14,514.0,518.9749755859375,512.625,513.7750244140625,490.9409790039063,1504328,HDFC Bank
2016-03-15,513.9500122070312,516.7000122070312,510.8250122070313,513.3499755859375,490.5348205566406,3845018,HDFC Bank
2016-03-16,513.5,517.125,509.4750061035156,515.2249755859375,492.3264770507813,2401774,HDFC Bank
2016-03-17,517.4749755859375,519.5,505.5750122070313,509.2000122070313,486.5693054199219,2556742,HDFC Bank
2016-03-18,511.4750061035156,516.0,507.6749877929688,514.2000122070312,491.3470764160156,2067534,HDFC Bank
2016-03-21,516.5,523.6749877929688,516.125,522.7999877929688,499.5648193359375,2659398,HDFC Bank
2016-03-22,523.25,528.2999877929688,520.3499755859375,526.9249877929688,503.5065002441406,2060132,HDFC Bank
2016-03-23,526.5250244140625,526.5250244140625,520.2750244140625,524.6749877929688,501.3565368652344,4232150,HDFC Bank
2016-03-28,522.5,526.5,520.8250122070312,523.75,500.47265625,5635434,HDFC Bank
2016-03-29,523.75,529.75,522.125,526.9000244140625,503.482666015625,3366976,HDFC Bank
2016-03-30,529.0,534.9500122070312,526.9500122070312,532.4749755859375,508.8098754882813,3907190,HDFC Bank
2016-03-31,533.4249877929688,539.4500122070312,532.5250244140625,535.5750122070312,511.7721252441406,10040196,HDFC Bank
2016-04-01,534.4000244140625,538.2000122070312,528.4000244140625,532.2249755859375,508.571044921875,2579324,HDFC Bank
2016-04-04,532.5999755859375,536.4000244140625,532.0,534.5250244140625,510.7687072753906,3089980,HDFC Bank
2016-04-05,534.5,538.4500122070312,527.8250122070312,528.7249755859375,505.2265625,3331514,HDFC Bank
2016-04-06,530.5,533.4749755859375,528.375,530.75,507.16156005859375,2147688,HDFC Bank
2016-04-07,532.0,532.375,523.5250244140625,527.75,504.2947998046875,1955846,HDFC Bank
2016-04-08,527.5,531.6749877929688,527.125,529.6749877929688,506.1343078613281,1481398,HDFC Bank
2016-04-11,530.1500244140625,537.0499877929688,521.4249877929688,535.4749755859375,511.6765441894531,2024810,HDFC Bank
2016-04-12,534.7999877929688,535.5,529.625,531.5,507.8782653808594,2470740,HDFC Bank
2016-04-13,536.0,542.4749755859375,534.75,540.875,516.8365478515625,2487302,HDFC Bank
2016-04-18,541.75,546.0,535.7999877929688,543.9000244140625,519.7271118164062,2058534,HDFC Bank
2016-04-20,545.9500122070312,550.0,541.7750244140625,548.9249877929688,524.5286865234375,1910676,HDFC Bank
2016-04-21,547.5,552.5750122070312,544.5,545.5750122070312,521.3276977539062,4095864,HDFC Bank
2016-04-22,544.75,550.4249877929688,542.5999755859375,546.0750122070312,521.8053588867188,3904660,HDFC Bank
2016-04-25,550.0,550.0,542.25,546.625,522.3310546875,2780980,HDFC Bank
2016-04-26,547.5,557.5,546.25,556.9249877929688,532.1732177734375,3526898,HDFC Bank
2016-04-27,554.9249877929688,562.5,554.5,562.0999755859375,537.1182250976562,2881818,HDFC Bank
2016-04-28,562.0999755859375,568.3499755859375,555.1749877929688,556.9749755859375,532.220947265625,4044792,HDFC Bank
2016-04-29,556.9000244140625,568.0,553.0999755859375,566.1749877929688,541.0121459960938,2805970,HDFC Bank
2016-05-02,563.875,565.0,558.0,558.8250122070312,533.98876953125,1931358,HDFC Bank
2016-05-03,560.9500122070312,567.5,556.5750122070312,559.0,534.1560668945312,2347648,HDFC Bank
2016-05-04,558.75,567.25,557.125,563.6749877929688,538.6231689453125,2646164,HDFC Bank
2016-05-05,564.0,567.375,561.3499755859375,566.1500244140625,540.9882202148438,2607124,HDFC Bank
2016-05-06,566.0,566.125,558.625,559.8250122070312,534.9444580078125,1366576,HDFC Bank
2016-05-09,560.0,572.4749755859375,559.5,570.7000122070312,545.3359985351562,3476590,HDFC Bank
2016-05-10,571.75,573.75,568.0499877929688,572.4500122070312,547.0082397460938,2726500,HDFC Bank
2016-05-11,567.3499755859375,572.5,564.8499755859375,569.4000244140625,544.09375,3073686,HDFC Bank
2016-05-12,572.0,576.0,566.25,574.5499877929688,549.014892578125,2110844,HDFC Bank
2016-05-13,574.0,574.0,565.0,570.4500122070312,545.0970458984375,2522658,HDFC Bank
2016-05-16,572.5,582.9500122070312,566.2750244140625,581.4000244140625,555.5604858398438,2259384,HDFC Bank
2016-05-17,582.5250244140625,584.625,575.6500244140625,576.7249755859375,551.0932006835938,2147712,HDFC Bank
2016-05-18,575.5,575.5,565.75,570.3250122070312,544.9777221679688,2081322,HDFC Bank
2016-05-19,570.0499877929688,571.3499755859375,566.0,569.6500244140625,544.332763671875,1927898,HDFC Bank
2016-05-20,569.9749755859375,574.25,566.7999877929688,570.4500122070312,545.0970458984375,1008316,HDFC Bank
2016-05-23,570.9749755859375,574.9749755859375,566.5999755859375,568.375,543.1143188476562,1731766,HDFC Bank
2016-05-24,569.2000122070312,571.8250122070312,567.7750244140625,569.9749755859375,544.6431884765625,1629734,HDFC Bank
2016-05-25,573.1500244140625,587.9749755859375,573.1500244140625,586.6500244140625,560.5772094726562,2883674,HDFC Bank
2016-05-26,588.0499877929688,594.4500122070312,583.125,591.625,565.3310546875,6852780,HDFC Bank
2016-05-27,591.625,595.0,588.3499755859375,593.4000244140625,567.0271606445312,2887592,HDFC Bank
2016-05-30,593.5,597.5,589.0499877929688,589.875,563.6587524414062,1907266,HDFC Bank
2016-05-31,592.9500122070312,592.9500122070312,588.7000122070312,590.9500122070312,564.68603515625,2757820,HDFC Bank
2016-06-01,591.4749755859375,591.4749755859375,585.5,587.5750122070312,561.4611206054688,2837816,HDFC Bank
2016-06-02,587.3499755859375,590.2999877929688,585.5,587.4749755859375,561.365478515625,3955308,HDFC Bank
2016-06-03,590.0499877929688,592.5,584.5250244140625,585.875,559.8365478515625,2262210,HDFC Bank
2016-06-06,588.0,591.2000122070312,585.0250244140625,585.5499877929688,559.5260620117188,2773654,HDFC Bank
2016-06-07,588.4749755859375,590.0,583.8250122070312,586.8499755859375,560.7682495117188,2814252,HDFC Bank
2016-06-08,587.9000244140625,589.0,580.5,581.2999877929688,555.4649047851562,2371406,HDFC Bank
2016-06-09,581.25,582.0999755859375,576.25,579.7000122070312,553.9359741210938,2324092,HDFC Bank
2016-06-10,579.2000122070312,586.3499755859375,578.0999755859375,580.6749877929688,554.86767578125,3161156,HDFC Bank
2016-06-13,577.375,582.4749755859375,575.5250244140625,576.4500122070312,550.8304443359375,1661618,HDFC Bank
2016-06-14,577.5,578.5,572.125,575.9249877929688,550.3287353515625,1914384,HDFC Bank
2016-06-15,577.5,585.4500122070312,576.5999755859375,584.7750244140625,558.7855224609375,1522912,HDFC Bank
2016-06-16,583.2750244140625,584.4249877929688,577.6749877929688,581.0750122070312,555.2498779296875,2363884,HDFC Bank
2016-06-17,583.5,589.0,582.7750244140625,585.0,559.0005493164062,1880826,HDFC Bank
2016-06-20,579.5,589.625,579.4000244140625,586.0250244140625,559.9799194335938,1371382,HDFC Bank
2016-06-21,587.5,587.7249755859375,580.5999755859375,583.3250122070312,557.3999633789062,1335484,HDFC Bank
2016-06-22,583.0,587.5,583.0,585.75,559.7171020507812,1901920,HDFC Bank
2016-06-23,584.9000244140625,595.9249877929688,583.75,595.0499877929688,568.6036987304688,1963366,HDFC Bank
2016-06-24,579.9249877929688,585.9500122070312,573.5,580.9500122070312,555.1304931640625,5586982,HDFC Bank
2016-06-27,581.0,584.5,576.5250244140625,579.9749755859375,554.19873046875,2081894,HDFC Bank
2016-06-28,580.625,586.5499877929688,575.0,583.4749755859375,557.5432739257812,2017490,HDFC Bank
2016-06-29,582.5,584.75,579.8499755859375,584.1500244140625,562.7696533203125,2710334,HDFC Bank
2016-06-30,585.5,590.0,581.0750122070312,588.2249755859375,566.695556640625,8139446,HDFC Bank
2016-07-01,590.0,592.5,585.9000244140625,587.25,565.7562255859375,2152438,HDFC Bank
2016-07-04,589.0999755859375,589.75,585.7000122070312,586.4000244140625,564.9374389648438,3624926,HDFC Bank
2016-07-05,586.4000244140625,587.1500244140625,581.0,582.7999877929688,561.4691162109375,1068164,HDFC Bank
2016-07-07,583.9500122070312,594.375,580.4500122070312,592.8250122070312,571.1271362304688,2416308,HDFC Bank
2016-07-08,592.5499877929688,592.7999877929688,585.625,587.4249877929688,565.9248046875,1559434,HDFC Bank
2016-07-11,593.0,600.9500122070312,590.5250244140625,599.875,577.919189453125,2551266,HDFC Bank
2016-07-12,604.9500122070312,604.9500122070312,597.7750244140625,601.0750122070312,579.0751953125,3523016,HDFC Bank
2016-07-13,599.9000244140625,600.9749755859375,596.6500244140625,598.875,576.9557495117188,3343536,HDFC Bank
2016-07-14,600.5,601.0750122070312,596.0999755859375,600.1749877929688,578.2081298828125,1729834,HDFC Bank
2016-07-15,601.9000244140625,613.0,597.5499877929688,611.8499755859375,589.455810546875,2887108,HDFC Bank
2016-07-18,612.5,619.25,611.3250122070312,613.7249755859375,591.2622680664062,2219242,HDFC Bank
2016-07-19,614.5,615.375,606.9249877929688,609.1749877929688,586.8786010742188,1293002,HDFC Bank
2016-07-20,611.5,619.25,610.875,616.0999755859375,593.5502319335938,2345166,HDFC Bank
2016-07-21,615.3499755859375,619.9500122070312,611.25,614.2999877929688,591.8162231445312,4556452,HDFC Bank
2016-07-22,616.6749877929688,617.3250122070312,610.75,615.4000244140625,592.8759765625,2810136,HDFC Bank
2016-07-25,616.5,624.7249755859375,613.5,623.4749755859375,600.6553344726562,4936442,HDFC Bank
2016-07-26,621.2000122070312,622.8250122070312,617.5750122070312,619.4000244140625,596.7294921875,2832996,HDFC Bank
2016-07-27,620.5,623.7750244140625,615.0,618.4749755859375,595.8383178710938,5367368,HDFC Bank
2016-07-28,619.0,625.625,617.7750244140625,624.2249755859375,601.3779296875,5323264,HDFC Bank
2016-07-29,624.0,625.0,617.5,623.0999755859375,600.2940063476562,1697838,HDFC Bank
2016-08-01,624.5,629.4749755859375,613.8250122070312,621.1500244140625,598.4154052734375,2780432,HDFC Bank
2016-08-02,623.5,628.2249755859375,620.2000122070312,621.6500244140625,598.8971557617188,2664698,HDFC Bank
2016-08-03,620.5499877929688,624.9749755859375,615.5,620.2249755859375,597.5242309570312,2366938,HDFC Bank
2016-08-04,623.2999877929688,623.3499755859375,616.7999877929688,620.5,597.7892456054688,2331440,HDFC Bank
2016-08-05,623.7000122070312,627.8250122070312,620.875,624.625,601.7632446289062,2892456,HDFC Bank
2016-08-08,626.4500122070312,627.5,622.2750244140625,624.7999877929688,601.9318237304688,2364388,HDFC Bank
2016-08-09,626.4500122070312,626.4500122070312,618.8499755859375,623.5999755859375,600.7756958007812,2105428,HDFC Bank
2016-08-10,622.5,625.4749755859375,609.875,613.4500122070312,590.997314453125,1809860,HDFC Bank
2016-08-11,613.4000244140625,617.5,611.0,614.125,591.6475219726562,1428036,HDFC Bank
2016-08-12,615.5250244140625,617.5,609.7000122070312,614.3499755859375,591.8642578125,2320748,HDFC Bank
2016-08-16,616.5,619.2249755859375,606.9000244140625,613.6500244140625,591.18994140625,1734284,HDFC Bank
2016-08-17,616.7000122070312,618.75,613.0,617.4500122070312,594.8508911132812,2755518,HDFC Bank
2016-08-18,619.0,627.4500122070312,617.2750244140625,626.25,603.3287353515625,3055828,HDFC Bank
2016-08-19,625.0,625.0,620.7249755859375,623.5499877929688,600.7276000976562,2055318,HDFC Bank
2016-08-22,622.5250244140625,627.2249755859375,620.5,625.1500244140625,602.26904296875,2750646,HDFC Bank
2016-08-23,625.5,627.0,623.0250244140625,625.7249755859375,602.822998046875,2657262,HDFC Bank
2016-08-24,626.0250244140625,632.0999755859375,623.5250244140625,630.9000244140625,607.8086547851562,2785468,HDFC Bank
2016-08-25,632.0,633.4000244140625,627.1500244140625,629.2750244140625,606.2430419921875,4364944,HDFC Bank
2016-08-26,630.0,630.9500122070312,626.9500122070312,628.5499877929688,605.5446166992188,1260568,HDFC Bank
2016-08-29,627.75,627.75,618.0999755859375,619.0499877929688,596.392333984375,1472092,HDFC Bank
2016-08-30,622.5499877929688,635.25,621.9749755859375,634.3250122070312,611.1082153320312,4933804,HDFC Bank
2016-08-31,634.5,647.5,632.75,645.5999755859375,621.9705200195312,5580682,HDFC Bank
2016-09-01,644.0,645.0,637.7000122070312,641.8499755859375,618.3577880859375,2612338,HDFC Bank
2016-09-02,642.75,644.5,640.5750122070312,642.5499877929688,619.0321655273438,1977594,HDFC Bank
2016-09-06,645.0250244140625,651.9500122070312,645.0250244140625,650.2000122070312,626.4022216796875,2754442,HDFC Bank
2016-09-07,650.5,652.5,641.5499877929688,643.375,619.8269653320312,2008222,HDFC Bank
2016-09-08,645.0,647.625,641.7999877929688,644.7000122070312,621.1035766601562,1452690,HDFC Bank
2016-09-09,645.0,647.25,639.1500244140625,645.2000122070312,621.585205078125,2006884,HDFC Bank
2016-09-12,637.3499755859375,642.2000122070312,635.75,639.9500122070312,616.52734375,1992864,HDFC Bank
2016-09-14,637.5,638.5,632.7000122070312,634.7249755859375,611.49365234375,1924754,HDFC Bank
2016-09-15,636.0,641.9500122070312,634.9249877929688,639.7999877929688,616.3828735351562,1750906,HDFC Bank
2016-09-16,641.9000244140625,652.25,641.9000244140625,648.9249877929688,625.173828125,3262908,HDFC Bank
2016-09-19,648.5,651.25,644.0,645.0750122070312,621.4647827148438,2947416,HDFC Bank
2016-09-20,646.3250122070312,647.5,642.0250244140625,644.2249755859375,620.6459350585938,1889124,HDFC Bank
2016-09-21,646.0,649.0,643.9500122070312,646.5,622.8375854492188,2128200,HDFC Bank
2016-09-22,652.5,658.4749755859375,650.2750244140625,653.4500122070312,629.5332641601562,3277900,HDFC Bank
2016-09-23,653.0250244140625,659.2249755859375,650.75,656.3499755859375,632.3270874023438,2438404,HDFC Bank
2016-09-26,653.0499877929688,654.4500122070312,646.8499755859375,648.0750122070312,624.35498046875,2788386,HDFC Bank
2016-09-27,649.5,653.0750122070312,647.4249877929688,649.0250244140625,625.270263671875,2028406,HDFC Bank
2016-09-28,649.9500122070312,650.0,644.5,647.625,623.92138671875,2494826,HDFC Bank
2016-09-29,648.9749755859375,653.0,633.9749755859375,638.75,615.3712768554688,8225006,HDFC Bank
2016-09-30,638.5499877929688,640.5,633.7000122070312,636.4249877929688,613.13134765625,2069214,HDFC Bank
2016-10-03,640.5,644.9500122070312,638.2000122070312,643.5999755859375,620.043701171875,1950274,HDFC Bank
2016-10-04,644.2999877929688,647.5,641.1500244140625,644.7750244140625,621.1758422851562,1387756,HDFC Bank
2016-10-05,649.0,650.0250244140625,638.2000122070312,643.0499877929688,619.513916015625,1823510,HDFC Bank
2016-10-06,643.5499877929688,647.7999877929688,639.5250244140625,640.9749755859375,617.5148315429688,1447856,HDFC Bank
2016-10-07,642.0,643.875,638.125,640.2999877929688,616.864501953125,1668732,HDFC Bank
2016-10-10,642.5,643.9500122070312,639.375,642.1749877929688,618.6708374023438,2359656,HDFC Bank
2016-10-13,639.5,639.5,628.2249755859375,631.375,608.26611328125,2259678,HDFC Bank
2016-10-14,632.875,634.0,627.0,630.9000244140625,607.8086547851562,2033558,HDFC Bank
2016-10-17,632.75,633.2000122070312,616.375,618.8499755859375,596.1995849609375,2567680,HDFC Bank
2016-10-18,621.5999755859375,630.0,619.5,628.9249877929688,605.9059448242188,1305484,HDFC Bank
2016-10-19,630.5499877929688,631.5,624.0,629.1749877929688,606.146728515625,1522452,HDFC Bank
2016-10-20,630.125,633.7249755859375,625.5,627.75,604.7738037109375,1600178,HDFC Bank
2016-10-21,628.0,636.4749755859375,625.0,635.3499755859375,612.0956420898438,1978204,HDFC Bank
2016-10-24,635.875,638.4249877929688,630.5250244140625,631.7750244140625,608.651611328125,1627832,HDFC Bank
2016-10-25,634.0,634.0,622.0250244140625,625.1500244140625,602.26904296875,2750898,HDFC Bank
2016-10-26,621.6749877929688,632.5,617.5250244140625,619.6500244140625,596.9703979492188,2683270,HDFC Bank
2016-10-27,619.5,628.5,612.0750122070312,626.0499877929688,603.1361083984375,5811930,HDFC Bank
2016-10-28,627.25,630.9500122070312,620.0499877929688,629.5250244140625,606.4839477539062,2660268,HDFC Bank
2016-11-01,628.0,631.9249877929688,623.5250244140625,629.9000244140625,606.84521484375,1701208,HDFC Bank
2016-11-02,625.5499877929688,627.8499755859375,620.75,623.0750122070312,600.27001953125,3237216,HDFC Bank
2016-11-03,622.5,630.0,615.875,627.4749755859375,604.5088500976562,3157906,HDFC Bank
2016-11-04,626.4000244140625,626.4000244140625,620.875,621.8499755859375,599.0897827148438,2867460,HDFC Bank
2016-11-07,626.0,627.4249877929688,620.0,624.7249755859375,601.859619140625,2835696,HDFC Bank
2016-11-08,625.5499877929688,629.0,620.0499877929688,627.1500244140625,604.1958618164062,2674082,HDFC Bank
2016-11-09,600.0,628.7000122070312,597.6749877929688,625.625,602.7266845703125,6822734,HDFC Bank
2016-11-10,631.875,641.5,627.0499877929688,639.2750244140625,615.8770751953125,5350368,HDFC Bank
2016-11-11,637.0,641.0,632.7999877929688,637.9000244140625,614.5523071289062,3569660,HDFC Bank
2016-11-15,638.75,644.5,625.3250122070312,627.375,604.41259765625,6256262,HDFC Bank
2016-11-16,634.0,634.0,620.0250244140625,622.1749877929688,599.4029541015625,4323872,HDFC Bank
2016-11-17,619.1500244140625,624.4500122070312,612.5750122070312,615.0999755859375,592.5867919921875,2407812,HDFC Bank
2016-11-18,618.0,618.0,604.5999755859375,605.7000122070312,583.5309448242188,3439950,HDFC Bank
2016-11-21,609.75,609.75,594.1749877929688,599.3499755859375,577.413330078125,2776260,HDFC Bank
2016-11-22,603.4000244140625,603.4000244140625,594.6749877929688,599.0250244140625,577.1002197265625,5008892,HDFC Bank
2016-11-23,601.5,601.5,590.5499877929688,592.375,570.693603515625,1766346,HDFC Bank
2016-11-24,592.0,593.1500244140625,580.4500122070312,582.75,561.4208374023438,7642998,HDFC Bank
2016-11-25,584.5,596.5999755859375,579.0,594.6500244140625,572.8854370117188,2984980,HDFC Bank
2016-11-28,590.125,599.4500122070312,589.0499877929688,592.2249755859375,570.5491333007812,2065090,HDFC Bank
2016-11-29,592.3499755859375,596.4749755859375,588.25,589.375,567.803466796875,1966322,HDFC Bank
2016-11-30,592.5,601.0,590.5499877929688,599.7999877929688,577.8468627929688,3221420,HDFC Bank
2016-12-01,601.1500244140625,603.9500122070312,596.5,598.625,576.7149047851562,2238492,HDFC Bank
2016-12-02,594.5,600.9749755859375,588.3499755859375,594.5499877929688,572.7890014648438,2031336,HDFC Bank
2016-12-05,593.7999877929688,599.4749755859375,588.25,598.1749877929688,576.28125,2275968,HDFC Bank
2016-12-06,597.5,601.4249877929688,595.0999755859375,597.2249755859375,575.3661499023438,1351482,HDFC Bank
2016-12-07,600.9249877929688,602.9500122070312,583.5,590.7999877929688,569.17626953125,2814096,HDFC Bank
2016-12-08,593.5,602.7750244140625,593.5,599.75,577.7987060546875,2154848,HDFC Bank
2016-12-09,599.5499877929688,601.1500244140625,594.0,599.1500244140625,577.220703125,2193976,HDFC Bank
2016-12-12,596.0,596.0750122070312,590.5499877929688,592.2249755859375,570.5491333007812,1712636,HDFC Bank
2016-12-13,590.125,595.1749877929688,589.2750244140625,593.125,571.416259765625,1263434,HDFC Bank
2016-12-14,593.5,594.0,586.7000122070312,587.8499755859375,566.334228515625,2157072,HDFC Bank
2016-12-15,582.0999755859375,597.25,581.7999877929688,588.2999877929688,566.7677612304688,2470744,HDFC Bank
2016-12-16,588.2999877929688,592.5,585.7750244140625,591.1500244140625,569.5134887695312,1627914,HDFC Bank
2016-12-19,588.4000244140625,589.75,585.25,588.375,566.8400268554688,1580218,HDFC Bank
2016-12-20,588.0,592.5,585.8499755859375,590.9500122070312,569.32080078125,2094996,HDFC Bank
2016-12-21,592.0,592.5,587.5,590.0,568.4055786132812,1329438,HDFC Bank
2016-12-22,588.2000122070312,589.75,584.2000122070312,586.5499877929688,565.081787109375,1402858,HDFC Bank
2016-12-23,585.5,594.625,584.6500244140625,593.125,571.416259765625,2376258,HDFC Bank
2016-12-26,589.2750244140625,593.0499877929688,585.0499877929688,587.5,565.9971313476562,2091932,HDFC Bank
2016-12-27,589.6500244140625,593.4500122070312,586.9500122070312,592.5999755859375,570.910400390625,2449648,HDFC Bank
2016-12-28,594.9500122070312,597.4749755859375,590.5,593.375,571.656982421875,3253920,HDFC Bank
2016-12-29,592.5,603.9749755859375,590.7249755859375,602.5999755859375,580.5443115234375,4050408,HDFC Bank
2016-12-30,600.0,606.0,599.9749755859375,603.0999755859375,581.0260620117188,2033270,HDFC Bank
2017-01-02,604.7249755859375,605.0499877929688,596.0250244140625,598.5499877929688,576.6426391601562,1854328,HDFC Bank
2017-01-03,600.4000244140625,600.9749755859375,592.875,594.9500122070312,573.1743774414062,1923750,HDFC Bank
2017-01-04,594.9249877929688,596.0,591.9000244140625,592.75,571.0550537109375,3483560,HDFC Bank
2017-01-05,594.5,597.25,591.5499877929688,593.0999755859375,571.3920288085938,3388192,HDFC Bank
2017-01-06,595.0499877929688,599.2000122070312,594.0999755859375,596.8250122070312,574.9807739257812,2762630,HDFC Bank
2017-01-09,599.4249877929688,602.0750122070312,596.0750122070312,597.5999755859375,575.7273559570312,2286898,HDFC Bank
2017-01-10,598.0999755859375,608.4000244140625,597.6500244140625,607.1749877929688,584.9519653320312,2773058,HDFC Bank
2017-01-11,608.75,619.0499877929688,607.75,617.0,594.4173583984375,4671702,HDFC Bank
2017-01-12,617.5,621.8499755859375,612.75,617.5,594.8989868164062,1458158,HDFC Bank
2017-01-13,619.5,619.8499755859375,614.2999877929688,616.25,593.69482421875,1925206,HDFC Bank
2017-01-16,616.75,624.7249755859375,616.4000244140625,623.8250122070312,600.9925537109375,1882932,HDFC Bank
2017-01-17,623.5,626.2000122070312,618.125,619.25,596.5849609375,1779806,HDFC Bank
2017-01-18,620.4500122070312,628.0,620.4249877929688,621.2999877929688,598.5598754882812,2306444,HDFC Bank
2017-01-19,622.4500122070312,622.4500122070312,617.5,618.1500244140625,595.5252685546875,1756206,HDFC Bank
2017-01-20,618.0,622.5,615.0,618.1749877929688,595.5492553710938,6971034,HDFC Bank
2017-01-23,618.0,625.0,617.9000244140625,622.3250122070312,599.5474853515625,2396924,HDFC Bank
2017-01-24,625.0,635.75,624.625,633.7750244140625,610.5783081054688,5130932,HDFC Bank
2017-01-25,636.2999877929688,647.7999877929688,635.0499877929688,645.2999877929688,621.6815185546875,7818492,HDFC Bank
2017-01-27,649.5,650.0,644.0,645.9500122070312,622.3077392578125,3426118,HDFC Bank
2017-01-30,646.4749755859375,646.4749755859375,640.2750244140625,642.4749755859375,618.9598999023438,2659814,HDFC Bank
2017-01-31,641.2000122070312,646.3499755859375,638.5,643.3250122070312,619.7788696289062,3050520,HDFC Bank
2017-02-01,643.0999755859375,655.0,640.25,652.8499755859375,628.9552001953125,5455332,HDFC Bank
2017-02-02,652.8499755859375,652.8499755859375,646.2999877929688,649.3499755859375,625.583251953125,2985818,HDFC Bank
2017-02-03,649.5,658.0,648.25,655.5250244140625,631.5323486328125,4002552,HDFC Bank
2017-02-06,656.1500244140625,660.0,655.7249755859375,657.0499877929688,633.0014038085938,2155110,HDFC Bank
2017-02-07,658.0,659.0,651.4749755859375,653.5750122070312,629.6536254882812,1705960,HDFC Bank
2017-02-08,653.7750244140625,659.3499755859375,649.0750122070312,652.8250122070312,628.9310913085938,2470480,HDFC Bank
2017-02-09,654.7000122070312,659.9500122070312,646.2750244140625,648.8250122070312,625.0775146484375,2232688,HDFC Bank
2017-02-10,649.1749877929688,654.375,649.0,651.7999877929688,627.9436645507812,1648368,HDFC Bank
2017-02-13,653.7750244140625,657.5,649.5999755859375,655.0999755859375,631.1228637695312,1397896,HDFC Bank
2017-02-14,657.0,657.0,652.0,655.5499877929688,631.556396484375,1223030,HDFC Bank
2017-02-15,656.0,662.0,653.7249755859375,661.0999755859375,636.9031982421875,3063470,HDFC Bank
2017-02-16,661.5,666.5,660.125,663.9500122070312,639.6489868164062,2521850,HDFC Bank
2017-02-17,722.5,727.0,680.2249755859375,688.5250244140625,663.324462890625,201129980,HDFC Bank
2017-02-20,680.5999755859375,707.7249755859375,679.5750122070312,704.5499877929688,678.7628173828125,5283358,HDFC Bank
2017-02-21,703.0250244140625,710.9000244140625,698.7000122070312,707.7750244140625,681.8699340820312,3130014,HDFC Bank
2017-02-22,707.5,709.4000244140625,697.4249877929688,699.5750122070312,673.9700927734375,2648388,HDFC Bank
2017-02-23,701.9000244140625,710.6749877929688,693.5250244140625,697.1500244140625,671.6337280273438,17247490,HDFC Bank
2017-02-27,695.4500122070312,699.1749877929688,689.2999877929688,696.7999877929688,671.296630859375,2340688,HDFC Bank
2017-02-28,696.4500122070312,698.125,692.25,695.0499877929688,669.610595703125,1464004,HDFC Bank
2017-03-01,698.2249755859375,698.25,693.2000122070312,695.8250122070312,670.3572998046875,1740868,HDFC Bank
2017-03-02,697.2750244140625,698.0,688.125,690.0499877929688,664.7936401367188,2300994,HDFC Bank
2017-03-03,692.25,692.25,684.5,688.5,663.3003540039062,1246412,HDFC Bank
2017-03-06,688.4000244140625,694.9500122070312,686.5499877929688,690.375,665.1067504882812,1839562,HDFC Bank
2017-03-07,691.125,693.75,688.0999755859375,693.0999755859375,667.7319946289062,1556438,HDFC Bank
2017-03-08,693.9500122070312,699.5999755859375,690.5250244140625,696.0999755859375,670.6221923828125,1891072,HDFC Bank
2017-03-09,690.8250122070312,699.3499755859375,690.8250122070312,697.0999755859375,671.5855712890625,1754658,HDFC Bank
2017-03-10,697.5,704.0,696.5750122070312,700.0499877929688,674.4276733398438,2930352,HDFC Bank
2017-03-14,711.0499877929688,712.0750122070312,703.3250122070312,705.3499755859375,679.5336303710938,3577510,HDFC Bank
2017-03-15,705.4749755859375,710.0,705.2750244140625,708.2999877929688,682.375732421875,2135930,HDFC Bank
2017-03-16,709.0499877929688,711.4249877929688,706.8250122070312,708.6749877929688,682.7369384765625,2490054,HDFC Bank
2017-03-17,709.2750244140625,713.75,706.4249877929688,712.9249877929688,686.8314208984375,1695232,HDFC Bank
2017-03-20,713.3250122070312,719.9249877929688,712.9749755859375,718.0499877929688,691.768798828125,4071172,HDFC Bank
2017-03-21,717.0,722.5,717.0,720.4749755859375,694.1050415039062,2778640,HDFC Bank
2017-03-22,713.8499755859375,718.5,712.9000244140625,715.4500122070312,689.2639770507812,2818272,HDFC Bank
2017-03-23,717.2000122070312,717.5,711.4500122070312,715.4500122070312,689.2639770507812,2461236,HDFC Bank
2017-03-24,716.5,717.2249755859375,711.0,712.1749877929688,686.10888671875,1905182,HDFC Bank
2017-03-27,712.0,712.0,702.0250244140625,704.9249877929688,679.1242065429688,2932042,HDFC Bank
2017-03-28,709.1500244140625,712.3499755859375,706.5499877929688,710.0999755859375,684.1097412109375,4030700,HDFC Bank
2017-03-29,710.4000244140625,717.4000244140625,710.0,714.2999877929688,688.1560668945312,4287886,HDFC Bank
2017-03-30,714.0,739.9749755859375,712.5250244140625,733.0999755859375,706.2679443359375,17160546,HDFC Bank
2017-03-31,726.9000244140625,727.0,718.2750244140625,721.2750244140625,694.8758544921875,4825696,HDFC Bank
2017-04-03,723.0,725.0499877929688,713.0,716.5999755859375,690.3718872070312,2074526,HDFC Bank
2017-04-05,717.625,723.25,713.7750244140625,716.1749877929688,689.96240234375,2872040,HDFC Bank
2017-04-06,715.75,721.5,712.5250244140625,719.25,692.9248657226562,3062208,HDFC Bank
2017-04-07,715.5250244140625,722.5,714.2999877929688,719.4249877929688,693.0934448242188,2324180,HDFC Bank
2017-04-10,721.5,721.5,716.3250122070312,717.0750122070312,690.8295288085938,1696938,HDFC Bank
2017-04-11,717.0,720.5999755859375,715.75,719.75,693.4066162109375,2178130,HDFC Bank
2017-04-12,719.5,724.9749755859375,717.75,721.8499755859375,695.4297485351562,1782546,HDFC Bank
2017-04-13,721.5,724.4500122070312,718.5250244140625,720.1500244140625,693.7919921875,2402118,HDFC Bank
2017-04-17,720.1500244140625,721.9000244140625,714.125,718.4000244140625,692.1060180664062,3568528,HDFC Bank
2017-04-18,720.0,727.5,719.0,723.6500244140625,697.1639404296875,1819430,HDFC Bank
2017-04-19,723.5,728.375,719.0,724.5,697.9827270507812,2169072,HDFC Bank
2017-04-20,726.5,733.0250244140625,726.4749755859375,731.0750122070312,704.317138671875,2890686,HDFC Bank
2017-04-21,733.0,749.5,726.6500244140625,748.2999877929688,720.9115600585938,8629016,HDFC Bank
2017-04-24,749.0499877929688,769.5,748.5,766.5250244140625,738.4695434570312,10103476,HDFC Bank
2017-04-25,767.5250244140625,772.75,764.7999877929688,768.5250244140625,740.3964233398438,4528890,HDFC Bank
2017-04-26,771.4749755859375,776.5,734.2249755859375,775.3250122070312,746.9475708007812,3897926,HDFC Bank
2017-04-27,773.0499877929688,786.9749755859375,773.0499877929688,784.2999877929688,755.593994140625,8090210,HDFC Bank
2017-04-28,779.9500122070312,779.9500122070312,768.5499877929688,773.25,744.948486328125,2718864,HDFC Bank
2017-05-02,773.5,775.4500122070312,765.1749877929688,770.2999877929688,742.1064453125,2003520,HDFC Bank
2017-05-03,777.125,777.125,769.6749877929688,772.1500244140625,743.8887329101562,1253982,HDFC Bank
2017-05-04,769.625,771.4500122070312,761.2999877929688,767.4000244140625,739.3126831054688,2565514,HDFC Bank
2017-05-05,771.0499877929688,771.4500122070312,763.1500244140625,766.0999755859375,738.0601196289062,1378948,HDFC Bank
2017-05-08,769.0,770.0,764.2750244140625,767.4000244140625,739.3126831054688,1873626,HDFC Bank
2017-05-09,767.4000244140625,772.7999877929688,766.3250122070312,767.875,739.7701416015625,1672918,HDFC Bank
2017-05-10,770.0,777.5,768.5250244140625,775.9000244140625,747.5015258789062,1171122,HDFC Bank
2017-05-11,775.5,780.0,770.5,773.2000122070312,744.9002685546875,1937872,HDFC Bank
2017-05-12,772.9500122070312,778.4500122070312,768.0999755859375,775.8250122070312,747.4292602539062,3073802,HDFC Bank
2017-05-15,775.0,778.5999755859375,771.125,776.7000122070312,748.2721557617188,1402390,HDFC Bank
2017-05-16,777.5,781.0,774.125,779.8250122070312,751.2828979492188,1795188,HDFC Bank
2017-05-17,779.4000244140625,782.7000122070312,775.75,778.5750122070312,750.0785522460938,1736236,HDFC Bank
2017-05-18,774.5,780.75,774.0499877929688,778.5499877929688,750.0545654296875,1553640,HDFC Bank
2017-05-19,779.75,784.9500122070312,772.625,780.625,752.0535278320312,1427068,HDFC Bank
2017-05-22,782.5499877929688,790.0,781.5499877929688,788.0,759.1586303710938,1430026,HDFC Bank
2017-05-23,790.0,791.7750244140625,782.5,784.5499877929688,755.8348999023438,1540086,HDFC Bank
2017-05-24,784.5250244140625,787.7249755859375,781.0,783.375,754.7028198242188,1733694,HDFC Bank
2017-05-25,783.5499877929688,814.7000122070312,783.5499877929688,808.5750122070312,778.9805908203125,10045402,HDFC Bank
2017-05-26,803.3250122070312,816.0,800.5499877929688,813.0,783.24365234375,2721578,HDFC Bank
2017-05-29,809.9000244140625,824.0,808.8250122070312,815.9500122070312,786.0856323242188,2958170,HDFC Bank
2017-05-30,815.0,816.75,808.0750122070312,814.5250244140625,784.7127685546875,2217092,HDFC Bank
2017-05-31,812.5,821.5,811.5750122070312,818.0999755859375,788.1569213867188,2659456,HDFC Bank
2017-06-01,819.5,819.9249877929688,810.2750244140625,814.2999877929688,784.4959716796875,1679770,HDFC Bank
2017-06-02,817.0,823.0499877929688,813.0999755859375,817.125,787.2175903320312,1606772,HDFC Bank
2017-06-05,816.8499755859375,819.4749755859375,812.5,817.7750244140625,787.8438720703125,1449950,HDFC Bank
2017-06-06,817.5,821.9000244140625,815.0,819.4749755859375,789.4815673828125,2501316,HDFC Bank
2017-06-07,820.2000122070312,822.4500122070312,815.1749877929688,820.4000244140625,790.3727416992188,1277138,HDFC Bank
2017-06-08,821.9500122070312,829.7000122070312,820.8250122070312,822.375,792.275390625,2124384,HDFC Bank
2017-06-09,820.0499877929688,835.0,820.0499877929688,833.4000244140625,802.8969116210938,2652636,HDFC Bank
2017-06-12,832.0,838.0,830.0,834.375,803.8362426757812,1985706,HDFC Bank
2017-06-13,830.875,845.9500122070312,830.5,838.3499755859375,807.6657104492188,2525810,HDFC Bank
2017-06-14,837.5,839.9749755859375,833.5,835.5999755859375,805.0164184570312,1929180,HDFC Bank
2017-06-15,834.0,837.7999877929688,826.7999877929688,832.1749877929688,801.716796875,1763346,HDFC Bank
2017-06-16,832.5,837.3499755859375,829.0499877929688,834.625,804.0770874023438,1877552,HDFC Bank
2017-06-19,835.5,848.0,834.2000122070312,846.4500122070312,815.4693603515625,1912766,HDFC Bank
2017-06-20,845.0,847.0,839.9249877929688,843.2750244140625,812.4105834960938,1830132,HDFC Bank
2017-06-21,841.2999877929688,850.625,839.7999877929688,849.3499755859375,818.2630615234375,1705466,HDFC Bank
2017-06-22,847.4749755859375,858.0,845.5999755859375,849.0,817.926025390625,3337730,HDFC Bank
2017-06-23,851.0,851.375,837.5999755859375,839.3250122070312,808.6051025390625,2608734,HDFC Bank
2017-06-27,844.5,847.5,828.125,833.8250122070312,803.306396484375,3000216,HDFC Bank
2017-06-28,832.5,837.5,828.9000244140625,833.2249755859375,802.7283935546875,2224518,HDFC Bank
2017-06-29,833.5,840.9500122070312,825.5499877929688,831.5250244140625,806.41357421875,4593854,HDFC Bank
2017-06-30,826.9000244140625,830.0,821.5,826.0250244140625,801.0797729492188,2165216,HDFC Bank
2017-07-03,826.2999877929688,833.75,823.625,829.2999877929688,804.2557373046875,1752166,HDFC Bank
2017-07-04,830.125,833.3499755859375,826.0,826.6749877929688,801.7099609375,1883040,HDFC Bank
2017-07-05,826.5499877929688,829.75,822.5,824.375,799.4795532226562,2007100,HDFC Bank
2017-07-06,826.2750244140625,831.5,825.6749877929688,829.0750122070312,804.03759765625,2285838,HDFC Bank
2017-07-07,830.4249877929688,834.7999877929688,829.0,833.5999755859375,808.4258422851562,2758698,HDFC Bank
2017-07-10,834.0,874.0,830.5250244140625,838.1749877929688,812.86279296875,654626,HDFC Bank
2017-07-11,838.7750244140625,845.4000244140625,833.5499877929688,840.2000122070312,814.8265991210938,2205140,HDFC Bank
2017-07-12,840.0,842.5,829.2750244140625,840.625,815.2388305664062,2869446,HDFC Bank
2017-07-13,844.0,846.6500244140625,839.8250122070312,841.7750244140625,816.35400390625,2240502,HDFC Bank
2017-07-14,841.9500122070312,843.0250244140625,836.0,839.9749755859375,814.6083984375,1221626,HDFC Bank
2017-07-17,841.2750244140625,843.8250122070312,838.5,841.1749877929688,815.7721557617188,1199670,HDFC Bank
2017-07-18,839.8499755859375,843.9249877929688,838.6749877929688,841.7750244140625,816.35400390625,1161094,HDFC Bank
2017-07-19,842.5,848.0999755859375,840.9249877929688,846.1500244140625,820.5969848632812,1993622,HDFC Bank
2017-07-20,846.9500122070312,857.5,844.0750122070312,855.4500122070312,829.6160888671875,1849238,HDFC Bank
2017-07-21,857.0499877929688,857.625,850.0,851.5250244140625,825.8095703125,1936754,HDFC Bank
2017-07-24,855.0,870.0,847.5,867.5499877929688,841.3506469726562,9839088,HDFC Bank
2017-07-25,879.5,879.5,866.5250244140625,869.8250122070312,843.5569458007812,5580234,HDFC Bank
2017-07-26,871.0,877.5,866.25,873.7750244140625,847.3876953125,1947672,HDFC Bank
2017-07-27,878.0,899.4000244140625,875.7750244140625,894.8250122070312,867.802001953125,8980856,HDFC Bank
2017-07-28,886.0,893.25,880.5499877929688,889.25,862.395263671875,4627698,HDFC Bank
2017-07-31,888.7750244140625,895.5,883.2750244140625,892.2000122070312,865.2562255859375,3684570,HDFC Bank
2017-08-01,890.9249877929688,904.5750122070312,886.0999755859375,898.5999755859375,871.4629516601562,4258430,HDFC Bank
2017-08-02,903.5,903.5,891.0250244140625,895.8250122070312,868.7717895507812,3698958,HDFC Bank
2017-08-03,894.0,896.0,887.2000122070312,889.9749755859375,863.098388671875,2128392,HDFC Bank
2017-08-04,888.5,898.375,883.0750122070312,895.125,868.0928344726562,1772534,HDFC Bank
2017-08-07,893.0,898.2249755859375,892.5,894.2750244140625,867.2685546875,959330,HDFC Bank
2017-08-08,896.0499877929688,898.625,883.0499877929688,888.9500122070312,862.1043701171875,2017686,HDFC Bank
2017-08-09,885.5,888.5250244140625,879.1749877929688,882.2249755859375,855.5824584960938,1635028,HDFC Bank
2017-08-10,880.0,883.0,876.4249877929688,880.2249755859375,853.6428833007812,3894222,HDFC Bank
2017-08-11,872.5,879.0,865.5750122070312,874.5250244140625,848.1150512695312,3179918,HDFC Bank
2017-08-14,876.5,887.4749755859375,874.0,878.5999755859375,852.06689453125,1788542,HDFC Bank
2017-08-16,881.1749877929688,894.9000244140625,874.2750244140625,890.625,863.7288208007812,2213416,HDFC Bank
2017-08-17,888.125,890.4749755859375,876.875,882.7000122070312,856.0431518554688,2727434,HDFC Bank
2017-08-18,880.0,880.5,871.5,876.0750122070312,849.6182861328125,1853732,HDFC Bank
2017-08-21,877.0,879.5,869.0999755859375,871.5999755859375,845.2783813476562,2004862,HDFC Bank
2017-08-22,875.6500244140625,877.0,868.4000244140625,873.5,847.1209716796875,3304778,HDFC Bank
2017-08-23,875.0,888.9749755859375,875.0,886.2249755859375,859.461669921875,1680262,HDFC Bank
2017-08-24,887.4500122070312,887.4749755859375,879.5750122070312,881.25,854.6369018554688,3939138,HDFC Bank
2017-08-28,881.2000122070312,885.5750122070312,879.1749877929688,881.125,854.5156860351562,753892,HDFC Bank
2017-08-29,879.5,879.5,869.0,873.0750122070312,846.7088012695312,2459298,HDFC Bank
2017-08-30,875.9749755859375,885.0,875.0250244140625,884.2750244140625,857.570556640625,1347160,HDFC Bank
2017-08-31,886.0,889.9249877929688,878.2000122070312,888.2249755859375,861.4013061523438,3651718,HDFC Bank
2017-09-01,890.5,890.7249755859375,880.5499877929688,883.7999877929688,857.1099243164062,1147586,HDFC Bank
2017-09-04,882.5,882.5,873.0499877929688,875.4500122070312,849.0120849609375,1821262,HDFC Bank
2017-09-05,878.5,882.4500122070312,875.5,877.6749877929688,851.1698608398438,1841218,HDFC Bank
2017-09-06,871.875,881.4000244140625,869.0,879.9500122070312,853.376220703125,2875816,HDFC Bank
2017-09-07,880.0499877929688,888.375,880.0499877929688,883.2750244140625,856.600830078125,3473210,HDFC Bank
2017-09-08,886.7000122070312,895.0,885.5,893.8250122070312,866.8322143554688,4155832,HDFC Bank
2017-09-11,896.5,914.5,895.0999755859375,911.6749877929688,884.1431274414062,5738838,HDFC Bank
2017-09-12,913.8499755859376,919.9500122070312,909.1500244140624,917.5999755859376,889.88916015625,3343840,HDFC Bank
2017-09-13,917.5,924.5,912.0,920.9249877929688,893.11376953125,2497688,HDFC Bank
2017-09-14,920.0750122070312,926.25,915.75,919.7000122070312,891.92578125,4077008,HDFC Bank
2017-09-15,918.0,925.9000244140624,916.7249755859376,924.4749755859376,896.5565185546875,1883666,HDFC Bank
2017-09-18,926.7750244140624,932.2249755859376,926.25,930.2249755859376,902.1329345703124,2042464,HDFC Bank
2017-09-19,932.4500122070312,934.0,923.7750244140624,924.8499755859376,896.920166015625,2120734,HDFC Bank
2017-09-20,924.0,930.7249755859376,922.625,924.4249877929688,896.508056640625,1723064,HDFC Bank
2017-09-21,924.0,924.25,915.3499755859376,919.5499877929688,891.7802124023438,3856248,HDFC Bank
2017-09-22,917.4000244140624,919.4749755859376,910.0,912.0499877929688,884.5067749023438,4121762,HDFC Bank
2017-09-25,911.2249755859376,911.2249755859376,896.2999877929688,899.875,872.6994018554688,5074614,HDFC Bank
2017-09-26,894.5250244140625,898.2999877929688,892.5,896.1500244140625,869.0869750976562,5719366,HDFC Bank
2017-09-27,898.0,902.7999877929688,885.0,888.25,861.4254760742188,3668610,HDFC Bank
2017-09-28,887.0,899.5,881.6500244140625,897.6500244140625,870.5416870117188,13823232,HDFC Bank
2017-09-29,900.0499877929688,911.0,898.125,902.8499755859376,875.5845947265625,3106816,HDFC Bank
2017-10-03,904.0,910.5,898.5499877929688,904.4249877929688,877.112060546875,2197212,HDFC Bank
2017-10-04,903.9500122070312,905.9500122070312,896.6749877929688,898.5,871.365966796875,3312552,HDFC Bank
2017-10-05,897.5,902.5,896.5499877929688,899.2999877929688,872.141845703125,1668098,HDFC Bank
2017-10-06,899.0,902.2249755859376,897.0,900.0499877929688,872.8692016601562,1515330,HDFC Bank
2017-10-09,899.4000244140625,901.5,895.25,897.75,870.6385498046875,1531246,HDFC Bank
2017-10-10,899.5,907.4749755859376,896.3250122070312,901.3499755859376,874.1299438476562,1899090,HDFC Bank
2017-10-11,901.625,907.625,893.7999877929688,895.0750122070312,868.0444946289062,2633720,HDFC Bank
2017-10-12,897.5499877929688,910.7249755859376,894.0,909.4000244140624,881.9368286132812,2690780,HDFC Bank
2017-10-13,913.3499755859376,928.2750244140624,911.0,925.4000244140624,897.45361328125,3216732,HDFC Bank
2017-10-16,930.0,936.625,921.0,928.5750122070312,900.5328369140625,1637272,HDFC Bank
2017-10-17,925.0,926.8499755859376,919.5499877929688,925.625,897.6718139648438,1306644,HDFC Bank
2017-10-18,920.5,937.5,919.5,934.25,906.0363159179688,1963360,HDFC Bank
2017-10-19,930.9000244140624,932.5,920.3250122070312,924.2000122070312,896.2899169921875,285004,HDFC Bank
2017-10-23,929.9500122070312,934.8499755859376,918.0250244140624,931.6500244140624,903.5149536132812,2081446,HDFC Bank
2017-10-24,931.5,939.7999877929688,926.5,933.5499877929688,905.3575439453124,5664436,HDFC Bank
2017-10-25,930.0,931.5,892.5,897.5499877929688,870.4446411132812,10683604,HDFC Bank
2017-10-26,884.0,905.0,878.9249877929688,897.6749877929688,870.56591796875,14285732,HDFC Bank
2017-10-27,902.2000122070312,903.75,889.5,895.5250244140625,868.4808349609375,3736044,HDFC Bank
2017-10-30,899.125,908.0,896.2000122070312,907.5,880.0941162109375,2711176,HDFC Bank
2017-10-31,905.75,905.75,899.625,904.25,876.9423828125,2341230,HDFC Bank
2017-11-01,907.5499877929688,912.5,906.0,910.5999755859376,883.1005859375,2095306,HDFC Bank
2017-11-02,911.5,914.9000244140624,908.4749755859376,911.0499877929688,883.5369262695312,2368972,HDFC Bank
2017-11-03,912.8499755859376,920.0,910.7999877929688,915.3499755859376,887.7070922851562,1905244,HDFC Bank
2017-11-06,912.5,920.0,911.2999877929688,914.2999877929688,886.6888427734375,3074122,HDFC Bank
2017-11-07,919.0,922.4749755859376,910.375,911.8499755859376,884.3128662109375,3723188,HDFC Bank
2017-11-08,912.5999755859376,916.7999877929688,909.5,912.9749755859376,885.4038696289062,1641572,HDFC Bank
2017-11-09,913.5,917.5,910.5499877929688,913.9249877929688,886.3251953125,1556654,HDFC Bank
2017-11-10,910.8499755859376,917.4000244140624,906.1749877929688,911.0,883.488525390625,3872180,HDFC Bank
2017-11-13,911.0,911.5750122070312,897.5,906.7750244140624,879.3911743164062,1667936,HDFC Bank
2017-11-14,907.9500122070312,909.5,900.0,901.1749877929688,873.9602661132812,2356234,HDFC Bank
2017-11-15,899.0,901.8250122070312,894.0,900.125,872.9419555664062,3074184,HDFC Bank
2017-11-16,902.0,908.0,897.5999755859375,903.8499755859376,876.5543823242188,2006486,HDFC Bank
2017-11-17,914.3499755859376,919.1500244140624,906.5750122070312,912.7750244140624,885.2098999023438,3179386,HDFC Bank
2017-11-20,914.5,919.8499755859376,914.5,919.0750122070312,891.319580078125,1196212,HDFC Bank
2017-11-21,918.7249755859376,925.0,918.0499877929688,923.125,895.247314453125,1137766,HDFC Bank
2017-11-22,924.8499755859376,930.0,922.2750244140624,927.625,899.6114501953125,2830398,HDFC Bank
2017-11-23,929.5,930.0,919.0,921.4249877929688,893.5986938476562,1616290,HDFC Bank
2017-11-24,921.5,928.9000244140624,920.5,925.7000122070312,897.7445678710938,2601842,HDFC Bank
2017-11-27,924.5,931.0,922.7999877929688,928.7750244140624,900.7266845703124,1935236,HDFC Bank
2017-11-28,928.0,935.5,927.9249877929688,932.6749877929688,904.5089111328124,2545270,HDFC Bank
2017-11-29,932.5,937.75,927.9000244140624,936.6500244140624,908.3638916015624,1637292,HDFC Bank
2017-11-30,934.3499755859376,936.9749755859376,920.0,926.8499755859376,898.8598022460938,2898156,HDFC Bank
2017-12-01,927.4500122070312,930.0,922.0499877929688,924.0999755859376,896.1929321289062,1929074,HDFC Bank
2017-12-04,927.4500122070312,927.4500122070312,915.0499877929688,917.0499877929688,889.3557739257812,1820966,HDFC Bank
2017-12-05,913.0,914.2750244140624,903.5,910.2249755859376,882.73681640625,1946680,HDFC Bank
2017-12-06,909.9749755859376,910.6749877929688,899.5,901.6500244140624,874.4208374023438,3197560,HDFC Bank
2017-12-07,903.3250122070312,908.2999877929688,901.5499877929688,904.8250122070312,877.5,2115652,HDFC Bank
2017-12-08,907.0,926.5,907.0,920.2000122070312,892.41064453125,4478200,HDFC Bank
2017-12-11,924.0,925.875,920.0,923.2000122070312,895.3200073242188,1599116,HDFC Bank
2017-12-12,924.5499877929688,924.9500122070312,907.9749755859376,909.9500122070312,882.47021484375,1205294,HDFC Bank
2017-12-13,910.0250244140624,922.5,907.5499877929688,910.6749877929688,883.17333984375,1453730,HDFC Bank
2017-12-14,912.0,920.0,906.0,919.0250244140624,891.2711791992188,1841546,HDFC Bank
2017-12-15,928.0,944.0,927.75,936.7249755859376,908.4365234375,6225062,HDFC Bank
2017-12-18,927.5,949.5,904.6500244140624,939.4749755859376,911.1035766601562,6148994,HDFC Bank
2017-12-19,939.9000244140624,946.8250122070312,938.0750122070312,942.25,913.7947387695312,2476056,HDFC Bank
2017-12-20,949.4500122070312,951.5499877929688,931.8250122070312,934.0750122070312,905.86669921875,4671752,HDFC Bank
2017-12-21,939.9500122070312,942.5,932.5999755859376,934.1500244140624,905.9393920898438,3427272,HDFC Bank
2017-12-22,939.5,940.0,930.875,938.3250122070312,909.9883422851562,2235452,HDFC Bank
2017-12-26,940.5,941.4000244140624,928.3499755859376,934.1749877929688,905.963623046875,3392848,HDFC Bank
2017-12-27,935.0499877929688,935.1500244140624,925.5750122070312,928.375,900.3388061523438,1744692,HDFC Bank
2017-12-28,929.4500122070312,940.4500122070312,929.0,939.0250244140624,910.6671752929688,4350260,HDFC Bank
2017-12-29,938.4000244140624,939.5999755859376,934.0750122070312,936.2000122070312,907.927490234375,3172936,HDFC Bank
2018-01-01,936.3499755859376,940.375,925.25,927.25,899.2477416992188,3290258,HDFC Bank
2018-01-02,929.2750244140624,937.5,929.2750244140624,936.1749877929688,907.9032592773438,2388158,HDFC Bank
2018-01-03,937.5,939.125,925.5999755859376,926.3250122070312,898.3507080078125,2265644,HDFC Bank
2018-01-04,926.5,932.75,926.5,929.9500122070312,901.8662109375,1186888,HDFC Bank
2018-01-05,931.5,934.0250244140624,927.7750244140624,931.7999877929688,903.6602783203124,1435434,HDFC Bank
2018-01-08,932.5,935.3499755859376,928.875,930.2999877929688,902.2056274414062,2285154,HDFC Bank
2018-01-09,931.0,934.9249877929688,927.5,931.8499755859376,903.7088623046876,2652764,HDFC Bank
2018-01-10,932.5999755859376,933.9500122070312,928.6500244140624,932.0999755859376,903.9512329101562,2307944,HDFC Bank
2018-01-11,932.0999755859376,938.0,928.125,936.2750244140624,908.000244140625,2029548,HDFC Bank
2018-01-12,936.5,939.0750122070312,930.0,932.6500244140624,904.4846801757812,2168354,HDFC Bank
2018-01-15,934.9749755859376,952.2000122070312,929.9249877929688,948.875,920.2196655273438,6288222,HDFC Bank
2018-01-16,951.7249755859376,955.0,942.625,950.0750122070312,921.383544921875,3222692,HDFC Bank
2018-01-17,948.5,951.2750244140624,943.5,945.25,916.7041625976562,1452748,HDFC Bank
2018-01-18,962.0,977.0,959.0250244140624,967.1500244140624,937.9428100585938,8324770,HDFC Bank
2018-01-19,967.5750122070312,979.9500122070312,959.625,976.0999755859376,946.6224975585938,5727994,HDFC Bank
2018-01-22,980.0,994.0,976.5750122070312,981.6749877929688,952.0291748046876,4424884,HDFC Bank
2018-01-23,982.5,983.3499755859376,971.6500244140624,975.6500244140624,946.1861572265624,2523898,HDFC Bank
2018-01-24,976.2750244140624,984.5,975.2999877929688,978.8250122070312,949.2652587890624,2395284,HDFC Bank
2018-01-25,976.9500122070312,990.0,975.25,987.4749755859376,957.6539916992188,4361834,HDFC Bank
2018-01-29,989.0,1003.4749755859376,989.0,999.8250122070312,969.6310424804688,4117946,HDFC Bank
2018-01-30,998.9000244140624,1000.9500122070312,992.0750122070312,997.75,967.6187133789062,3198780,HDFC Bank
2018-01-31,994.7000122070312,1006.75,993.5,1002.8499755859376,972.564697265625,3471674,HDFC Bank
2018-02-01,1003.0,1007.5,992.6500244140624,995.5750122070312,965.5093994140624,3260710,HDFC Bank
2018-02-02,993.0,994.9500122070312,970.75,974.0,944.5859985351562,3673062,HDFC Bank
2018-02-05,959.0,967.625,952.9249877929688,956.9249877929688,928.026611328125,3963392,HDFC Bank
2018-02-06,930.0,956.0,918.1500244140624,948.4000244140624,919.759033203125,5374902,HDFC Bank
2018-02-07,953.5,953.5,931.2000122070312,936.4000244140624,908.1214599609376,4182486,HDFC Bank
2018-02-08,942.0,949.2999877929688,933.25,940.4749755859376,912.0733642578124,2585722,HDFC Bank
2018-02-09,923.9500122070312,932.3499755859376,922.0499877929688,924.75,896.8232421875,3204476,HDFC Bank
2018-02-12,930.0,943.0,927.5750122070312,938.3250122070312,909.9883422851562,2190554,HDFC Bank
2018-02-14,944.9000244140624,948.9500122070312,937.3250122070312,941.5750122070312,913.1401977539062,1788594,HDFC Bank
2018-02-15,944.8499755859376,947.375,937.5,940.9500122070312,912.5340576171876,2457612,HDFC Bank
2018-02-16,941.9500122070312,947.4249877929688,937.8250122070312,939.2999877929688,910.933837890625,1791760,HDFC Bank
2018-02-19,941.2999877929688,943.7999877929688,929.5250244140624,939.0999755859376,910.7399291992188,1827276,HDFC Bank
2018-02-20,942.375,942.9249877929688,929.4000244140624,931.5999755859376,903.4663696289062,2042034,HDFC Bank
2018-02-21,933.9749755859376,934.2750244140624,926.0999755859376,928.7000122070312,900.6539916992188,1376536,HDFC Bank
2018-02-22,925.0,930.0,920.7750244140624,926.5999755859376,898.6173706054688,6626798,HDFC Bank
2018-02-23,928.4500122070312,942.4249877929688,925.2000122070312,940.2750244140624,911.87939453125,2038374,HDFC Bank
2018-02-26,944.0499877929688,957.4000244140624,941.7750244140624,955.7750244140624,926.911376953125,2394442,HDFC Bank
2018-02-27,957.375,960.875,950.0,951.2750244140624,922.5472412109376,2393664,HDFC Bank
2018-02-28,944.7750244140624,947.7249755859376,939.0,942.0999755859376,913.6492309570312,2033182,HDFC Bank
2018-03-01,939.6500244140624,946.6500244140624,934.0,937.1749877929688,908.873046875,1954920,HDFC Bank
2018-03-05,937.0750122070312,939.0,929.125,934.9749755859376,906.7394409179688,1890732,HDFC Bank
2018-03-06,935.0,939.9500122070312,919.75,923.125,895.247314453125,2288414,HDFC Bank
2018-03-07,920.0,926.7000122070312,914.25,916.2999877929688,888.62841796875,2814082,HDFC Bank
2018-03-08,919.9000244140624,929.25,916.0,926.4249877929688,898.4476928710938,2759362,HDFC Bank
2018-03-09,927.4749755859376,932.625,922.0,925.5250244140624,897.5748901367188,2054054,HDFC Bank
2018-03-12,930.0999755859376,934.7249755859376,926.7000122070312,933.625,905.4302368164062,3278558,HDFC Bank
2018-03-13,933.7249755859376,942.375,927.5,930.125,902.035888671875,2562100,HDFC Bank
2018-03-14,928.0,933.9500122070312,924.0,932.25,904.0967407226562,1840196,HDFC Bank
2018-03-15,932.5999755859376,943.75,932.5999755859376,940.4000244140624,912.0006713867188,2935462,HDFC Bank
2018-03-16,940.0,940.5499877929688,923.2750244140624,926.5,898.5203857421875,3948168,HDFC Bank
2018-03-19,926.5,930.0,921.5750122070312,923.625,895.7322998046875,3919370,HDFC Bank
2018-03-20,922.5499877929688,927.9500122070312,917.625,919.75,891.9742431640625,1828686,HDFC Bank
2018-03-21,924.0,931.5999755859376,921.6500244140624,929.4500122070312,901.38134765625,2960570,HDFC Bank
2018-03-22,929.4500122070312,940.0,927.5499877929688,933.875,905.6727294921876,3336612,HDFC Bank
2018-03-23,923.3250122070312,926.5499877929688,918.625,920.7750244140624,892.9683227539062,3595076,HDFC Bank
2018-03-26,919.9500122070312,950.0,916.75,946.7249755859376,918.134521484375,5250884,HDFC Bank
2018-03-27,946.9000244140624,949.5,938.0,946.2999877929688,917.7224731445312,3068418,HDFC Bank
2018-03-28,941.4749755859376,949.8499755859376,938.0250244140624,943.0499877929688,914.570556640625,4418754,HDFC Bank
2018-04-02,945.25,967.875,945.25,965.5999755859376,936.4396362304688,2298184,HDFC Bank
2018-04-03,961.9749755859376,962.8499755859376,955.5,957.9500122070312,929.0206298828124,2039942,HDFC Bank
2018-04-04,956.4749755859376,962.4749755859376,939.2249755859376,941.625,913.1886596679688,1857054,HDFC Bank
2018-04-05,950.6500244140624,957.0,945.0999755859376,954.4500122070312,925.6263427734376,2429446,HDFC Bank
2018-04-06,956.0999755859376,963.2249755859376,952.9000244140624,961.7000122070312,932.657470703125,1860004,HDFC Bank
2018-04-09,959.4000244140624,971.0,958.2000122070312,969.5250244140624,940.24609375,2001768,HDFC Bank
2018-04-10,971.5,971.5,956.75,960.4249877929688,931.4208984375,3033618,HDFC Bank
2018-04-11,957.9500122070312,960.0,952.7000122070312,959.4249877929688,930.4510498046876,1435406,HDFC Bank
2018-04-12,958.0,966.4500122070312,952.9500122070312,964.4000244140624,935.2758178710938,2356258,HDFC Bank
2018-04-13,964.0,970.0,959.5499877929688,962.5,933.4331665039062,1648586,HDFC Bank
2018-04-16,960.0,975.0,959.9249877929688,971.0499877929688,941.7249755859376,1423872,HDFC Bank
2018-04-17,971.75,975.5,967.0499877929688,974.25,944.828369140625,1333916,HDFC Bank
2018-04-18,975.5,976.75,965.0250244140624,966.2999877929688,937.118408203125,1356360,HDFC Bank
2018-04-19,970.0,972.4000244140624,966.5,969.5,940.2218017578124,1584516,HDFC Bank
2018-04-20,970.5,980.5,966.0750122070312,977.9500122070312,948.4166259765624,4680690,HDFC Bank
2018-04-23,989.5,989.5,930.1500244140624,967.875,938.6458740234376,7652310,HDFC Bank
2018-04-24,967.5,974.0250244140624,963.0,967.5,938.2822875976562,2518708,HDFC Bank
2018-04-25,963.9500122070312,969.0,956.0,960.375,931.3723754882812,2010296,HDFC Bank
2018-04-26,958.4000244140624,969.5999755859376,955.625,965.125,935.9789428710938,3923740,HDFC Bank
2018-04-27,966.5,967.75,956.25,961.7000122070312,932.657470703125,2888504,HDFC Bank
2018-04-30,965.0,977.4000244140624,964.4000244140624,972.1500244140624,942.7918090820312,2304776,HDFC Bank
2018-05-02,975.0,989.0,973.0,984.75,955.0112915039062,3550024,HDFC Bank
2018-05-03,984.0250244140624,987.4500122070312,973.0,983.9500122070312,954.2354736328124,2076386,HDFC Bank
2018-05-04,985.0,995.0,983.1500244140624,994.25,964.224365234375,3440718,HDFC Bank
2018-05-07,990.8250122070312,993.6500244140624,987.5,988.7000122070312,958.842041015625,2632064,HDFC Bank
2018-05-08,989.625,989.9500122070312,977.2999877929688,983.5250244140624,953.8233032226562,3550282,HDFC Bank
2018-05-09,978.0750122070312,990.25,978.0750122070312,989.2000122070312,959.3269653320312,2163666,HDFC Bank
2018-05-10,994.2999877929688,999.5,991.0,996.3499755859376,966.260986328125,3585836,HDFC Bank
2018-05-11,996.3499755859376,1008.5,993.0,1005.875,975.4983520507812,3028534,HDFC Bank
2018-05-14,1008.5999755859376,1013.7000122070312,1006.2000122070312,1010.875,980.3473510742188,2371458,HDFC Bank
2018-05-15,1013.5250244140624,1032.5,1013.3499755859376,1018.9000244140624,988.1300659179688,4913342,HDFC Bank
2018-05-16,1015.2750244140624,1024.5,1008.5750122070312,1011.6749877929688,981.1231689453124,3420802,HDFC Bank
2018-05-17,1011.9249877929688,1022.2249755859376,1006.25,1013.875,983.2567749023438,3307738,HDFC Bank
2018-05-18,1012.3499755859376,1012.3499755859376,1001.75,1006.0750122070312,975.6923217773438,2608730,HDFC Bank
2018-05-21,1008.0499877929688,1010.5,993.0250244140624,996.5250244140624,966.4307250976562,2424054,HDFC Bank
2018-05-22,999.3499755859376,1006.9749755859376,992.75,994.9500122070312,964.9033203125,1980186,HDFC Bank
2018-05-23,993.9000244140624,997.0,981.7000122070312,983.75,954.04150390625,2863146,HDFC Bank
2018-05-24,983.5499877929688,995.125,978.1749877929688,993.0,963.0121459960938,2260372,HDFC Bank
2018-05-25,995.0,1008.0,994.9500122070312,1004.3499755859376,974.0194091796876,2379794,HDFC Bank
2018-05-28,1003.9000244140624,1026.0,1003.0,1021.0999755859376,990.2635498046876,2551970,HDFC Bank
2018-05-29,1019.0,1026.3499755859375,1014.4000244140624,1016.2999877929688,985.6084594726562,1675622,HDFC Bank
2018-05-30,1009.8499755859376,1026.5,1008.1500244140624,1024.175048828125,993.2457275390624,2433498,HDFC Bank
2018-05-31,1050.0,1080.0,1040.0,1069.7249755859375,1044.0462646484375,19819596,HDFC Bank
2018-06-01,1058.0,1069.0,1050.5,1055.300048828125,1029.967529296875,10575678,HDFC Bank
2018-06-04,1075.0,1078.5,1018.9749755859376,1023.0999755859376,998.5404663085938,44398162,HDFC Bank
2018-06-05,1025.0,1033.4749755859375,1011.5,1031.800048828125,1007.03173828125,8552730,HDFC Bank
2018-06-06,1030.0999755859375,1032.4000244140625,1022.5,1028.675048828125,1003.9816284179688,4891000,HDFC Bank
2018-06-07,1036.5999755859375,1039.9000244140625,1026.5999755859375,1031.0999755859375,1006.3483276367188,5281948,HDFC Bank
2018-06-08,1029.5,1030.625,1017.5,1024.675048828125,1000.0776977539062,3090444,HDFC Bank
2018-06-11,1025.949951171875,1031.4749755859375,1019.4000244140624,1021.1500244140624,996.6373291015624,3545594,HDFC Bank
2018-06-12,1025.949951171875,1026.3499755859375,1019.2000122070312,1021.9249877929688,997.3936157226562,2617128,HDFC Bank
2018-06-13,1026.0,1027.4000244140625,1012.0499877929688,1015.7249755859376,991.3424682617188,3948980,HDFC Bank
2018-06-14,1015.0,1022.5,1012.5,1018.7000122070312,994.2461547851562,8463788,HDFC Bank
2018-06-15,1013.0,1019.4500122070312,1011.1500244140624,1014.7999877929688,990.439697265625,5440408,HDFC Bank
2018-06-18,1015.0499877929688,1019.4000244140624,1004.5499877929688,1009.5750122070312,985.3401489257812,3743702,HDFC Bank
2018-06-19,1012.4749755859376,1020.3499755859376,1009.6500244140624,1011.75,987.4630126953124,5490576,HDFC Bank
2018-06-20,1013.0,1029.0,1012.5,1028.074951171875,1003.39599609375,4525856,HDFC Bank
2018-06-21,1030.0,1035.4000244140625,1023.5250244140624,1028.800048828125,1004.1036376953124,6755352,HDFC Bank
2018-06-22,1028.4749755859375,1044.4000244140625,1024.925048828125,1041.675048828125,1016.6696166992188,3924490,HDFC Bank
2018-06-25,1041.5250244140625,1048.9000244140625,1036.5250244140625,1047.4749755859375,1022.3302612304688,3496168,HDFC Bank
2018-06-26,1043.0250244140625,1051.5,1039.925048828125,1046.8499755859375,1021.7203979492188,4580966,HDFC Bank
2018-06-27,1046.5,1059.75,1045.0,1056.300048828125,1030.943603515625,9563402,HDFC Bank
2018-06-28,1057.5,1070.0,1055.5999755859375,1065.425048828125,1039.8494873046875,18766770,HDFC Bank
2018-06-29,1060.8499755859375,1070.0,1052.550048828125,1054.2249755859375,1028.9183349609375,9729060,HDFC Bank
2018-07-02,1054.175048828125,1054.199951171875,1031.625,1036.625,1011.7407836914062,4932438,HDFC Bank
2018-07-03,1036.625,1042.5,1032.800048828125,1035.0999755859375,1010.2525024414062,3431550,HDFC Bank
2018-07-04,1038.125,1054.0250244140625,1034.5,1051.7750244140625,1026.527099609375,3048996,HDFC Bank
2018-07-05,1052.5,1064.5,1046.2750244140625,1061.875,1036.384765625,4867984,HDFC Bank
2018-07-06,1056.6500244140625,1067.7750244140625,1055.675048828125,1057.574951171875,1032.1878662109375,4060672,HDFC Bank
2018-07-09,1060.925048828125,1065.0,1053.875,1062.824951171875,1037.311767578125,3091148,HDFC Bank
2018-07-10,1064.949951171875,1074.800048828125,1062.5,1073.199951171875,1047.4378662109375,5475368,HDFC Bank
2018-07-11,1072.5250244140625,1077.8499755859375,1067.4000244140625,1074.125,1048.3406982421875,2928960,HDFC Bank
2018-07-12,1076.449951171875,1089.925048828125,1076.0,1082.9749755859375,1056.9781494140625,4010334,HDFC Bank
2018-07-13,1084.199951171875,1095.4000244140625,1081.550048828125,1090.449951171875,1064.2738037109375,3580594,HDFC Bank
2018-07-16,1089.699951171875,1095.0250244140625,1081.875,1084.425048828125,1058.393310546875,4508668,HDFC Bank
2018-07-17,1081.625,1090.5,1081.625,1088.375,1062.24853515625,3180962,HDFC Bank
2018-07-18,1093.5,1110.0,1086.824951171875,1088.0999755859375,1061.9801025390625,8730136,HDFC Bank
2018-07-19,1091.5,1096.75,1085.5,1093.050048828125,1066.8114013671875,2652388,HDFC Bank
2018-07-20,1093.050048828125,1101.425048828125,1085.550048828125,1094.5250244140625,1068.2509765625,5003482,HDFC Bank
2018-07-23,1075.0,1089.0,1069.0250244140625,1078.2249755859375,1052.342041015625,8440066,HDFC Bank
2018-07-24,1073.5,1084.5,1073.5,1079.875,1053.9525146484375,2604396,HDFC Bank
2018-07-25,1082.324951171875,1088.4000244140625,1080.0,1085.175048828125,1059.12548828125,3519308,HDFC Bank
2018-07-26,1082.5,1101.7249755859375,1082.5,1096.300048828125,1069.9832763671875,10640546,HDFC Bank
2018-07-27,1100.9749755859375,1105.9749755859375,1092.3499755859375,1101.074951171875,1074.6436767578125,5277298,HDFC Bank
2018-07-30,1099.5,1099.5,1079.699951171875,1084.949951171875,1058.90576171875,3584560,HDFC Bank
2018-07-31,1080.0,1092.949951171875,1075.0250244140625,1089.75,1063.590576171875,4430472,HDFC Bank
2018-08-01,1081.4000244140625,1087.5,1075.8499755859375,1079.3499755859375,1053.440185546875,3035780,HDFC Bank
2018-08-02,1076.75,1076.8499755859375,1060.675048828125,1065.0999755859375,1039.5322265625,4452852,HDFC Bank
2018-08-03,1066.7750244140625,1073.5250244140625,1057.0,1060.824951171875,1035.35986328125,6802004,HDFC Bank
2018-08-06,1060.5,1068.699951171875,1053.050048828125,1057.1500244140625,1031.7730712890625,2872316,HDFC Bank
2018-08-07,1062.5,1067.25,1054.0,1065.449951171875,1039.873779296875,3714228,HDFC Bank
2018-08-08,1067.925048828125,1075.9000244140625,1066.5250244140625,1068.175048828125,1042.5335693359375,4972690,HDFC Bank
2018-08-09,1071.0,1071.0,1047.324951171875,1059.25,1033.8226318359375,4472204,HDFC Bank
2018-08-10,1061.75,1061.9000244140625,1049.0,1057.2249755859375,1031.84619140625,2721470,HDFC Bank
2018-08-13,1042.0,1051.9749755859375,1040.0,1045.824951171875,1020.7197875976562,5027126,HDFC Bank
2018-08-14,1049.0,1052.5,1043.5999755859375,1044.550048828125,1019.4757080078124,2467982,HDFC Bank
2018-08-16,1041.5,1043.3499755859375,1033.199951171875,1037.8499755859375,1012.9364624023438,5312580,HDFC Bank
2018-08-17,1041.449951171875,1046.5250244140625,1035.824951171875,1038.675048828125,1013.7417602539062,3032664,HDFC Bank
2018-08-20,1037.5,1053.800048828125,1037.5,1048.0999755859375,1022.9403686523438,3905568,HDFC Bank
2018-08-21,1049.0,1056.0,1046.324951171875,1048.0250244140625,1022.8671875,3888160,HDFC Bank
2018-08-23,1052.5,1053.5,1038.425048828125,1039.949951171875,1014.9859008789062,6287276,HDFC Bank
2018-08-24,1035.5,1046.800048828125,1033.0250244140625,1034.925048828125,1010.0816650390624,4857314,HDFC Bank
2018-08-27,1038.5,1044.25,1035.125,1040.2249755859375,1015.2542724609376,6287394,HDFC Bank
2018-08-28,1044.0,1049.125,1039.4000244140625,1047.425048828125,1022.2816162109376,4986766,HDFC Bank
2018-08-29,1046.074951171875,1047.0250244140625,1036.375,1039.25,1014.3027954101562,4936846,HDFC Bank
2018-08-30,1041.800048828125,1043.949951171875,1030.925048828125,1033.050048828125,1008.251708984375,10913730,HDFC Bank
2018-08-31,1034.5999755859375,1039.375,1029.125,1030.5999755859375,1005.8603515625,7885750,HDFC Bank
2018-09-03,1034.699951171875,1039.4749755859375,1031.75,1037.5250244140625,1012.6192016601562,3830804,HDFC Bank
2018-09-04,1038.449951171875,1038.9749755859375,1024.5,1025.9000244140625,1001.2732543945312,3565268,HDFC Bank
2018-09-05,1026.9000244140625,1030.0999755859375,1017.7750244140624,1022.9249877929688,998.3696899414062,2820754,HDFC Bank
2018-09-06,1024.5,1029.5,1016.2999877929688,1026.0999755859375,1001.4684448242188,5201206,HDFC Bank
2018-09-07,1025.5,1030.0,1020.375,1028.4749755859375,1003.786376953125,2959650,HDFC Bank
2018-09-10,1027.5,1027.5,1012.5499877929688,1020.5750122070312,996.0761108398438,4299296,HDFC Bank
2018-09-11,1023.1500244140624,1024.0,997.0750122070312,1000.2000122070312,976.190185546875,9093268,HDFC Bank
2018-09-12,1000.9500122070312,1010.6749877929688,994.7750244140624,1005.9249877929688,981.7777709960938,6123004,HDFC Bank
2018-09-14,1009.9249877929688,1018.7000122070312,1009.4749755859376,1014.7999877929688,990.439697265625,5167336,HDFC Bank
2018-09-17,1010.6500244140624,1011.4749755859376,994.0,996.0999755859376,972.1885986328124,4669110,HDFC Bank
2018-09-18,997.4500122070312,1004.9249877929688,990.4749755859376,994.5999755859376,970.724609375,4662868,HDFC Bank
2018-09-19,997.4249877929688,999.0,978.25,980.6749877929688,957.1339111328124,8356132,HDFC Bank
2018-09-21,986.9500122070312,999.9249877929688,955.0999755859376,985.125,961.47705078125,11305074,HDFC Bank
2018-09-24,983.625,986.0999755859376,957.5,962.8499755859376,939.73681640625,6695396,HDFC Bank
2018-09-25,962.8499755859376,981.0,957.5,976.2000122070312,952.7662963867188,8341276,HDFC Bank
2018-09-26,981.4749755859376,989.0,977.6500244140624,984.0999755859376,960.4766845703124,7363362,HDFC Bank
2018-09-27,984.7000122070312,993.0,977.5750122070312,988.0750122070312,964.3562622070312,9176104,HDFC Bank
2018-09-28,990.3250122070312,1007.7249755859376,988.5750122070312,1003.0250244140624,978.9473876953124,7230358,HDFC Bank
2018-10-01,1004.9000244140624,1021.0,998.9000244140624,1017.7249755859376,993.2944946289062,6224794,HDFC Bank
2018-10-03,1015.2249755859376,1026.0999755859375,1003.5,1015.5750122070312,991.1961059570312,7666074,HDFC Bank
2018-10-04,1004.0,1008.9000244140624,971.5,978.875,955.3771362304688,8985292,HDFC Bank
2018-10-05,976.9749755859376,995.0,970.0750122070312,982.6500244140624,959.0614624023438,7864590,HDFC Bank
2018-10-08,982.5,984.5,965.0,972.5,949.1551513671876,10064010,HDFC Bank
2018-10-09,972.2000122070312,982.5,965.0,970.2999877929688,947.0079345703124,6229682,HDFC Bank
2018-10-10,972.5,991.125,967.75,983.5750122070312,959.96435546875,7969966,HDFC Bank
2018-10-11,962.5,974.1500244140624,958.7999877929688,968.7750244140624,945.51953125,7179952,HDFC Bank
2018-10-12,972.5,998.5499877929688,971.0,990.9249877929688,967.1378173828124,4800160,HDFC Bank
2018-10-15,995.0,1005.4000244140624,985.1500244140624,1004.0250244140624,979.9234008789062,6292984,HDFC Bank
2018-10-16,1001.5,1009.0999755859376,993.75,996.375,972.45703125,4703002,HDFC Bank
2018-10-17,1003.0499877929688,1006.5,981.75,987.2999877929688,963.599853515625,3970398,HDFC Bank
2018-10-19,979.4500122070312,990.4249877929688,979.0,983.875,960.257080078125,4933674,HDFC Bank
2018-10-22,1007.0,1010.0,994.2999877929688,999.4500122070312,975.4581909179688,10165580,HDFC Bank
2018-10-23,986.5,999.4500122070312,986.5,992.4249877929688,968.601806640625,9714282,HDFC Bank
2018-10-24,1002.0,1004.4000244140624,986.2999877929688,996.125,972.2130737304688,9036168,HDFC Bank
2018-10-25,986.7999877929688,1001.7999877929688,981.2249755859376,984.4000244140624,960.76953125,14923528,HDFC Bank
2018-10-26,984.4000244140624,988.5999755859376,974.5,980.5999755859376,957.0607299804688,7577856,HDFC Bank
2018-10-29,982.0499877929688,982.4749755859376,947.5999755859376,963.1500244140624,940.0296020507812,8522140,HDFC Bank
2018-10-30,962.5,966.0,949.6500244140624,956.375,933.4171752929688,6914352,HDFC Bank
2018-10-31,951.0250244140624,958.9500122070312,942.5,955.875,932.9292602539062,11724702,HDFC Bank
2018-11-01,965.0,965.0,948.0,956.0999755859376,933.1488037109376,9814526,HDFC Bank
2018-11-02,963.0,980.0,956.0,974.7249755859376,951.32666015625,15046434,HDFC Bank
2018-11-05,974.9500122070312,979.8250122070312,969.0,978.0,954.5231323242188,2852648,HDFC Bank
2018-11-06,977.5,988.0,971.4749755859376,973.2750244140624,949.9115600585938,4242794,HDFC Bank
2018-11-07,980.5,982.4749755859376,975.0,978.9749755859376,955.4746704101562,479380,HDFC Bank
2018-11-09,979.0999755859376,979.9500122070312,968.1500244140624,972.7000122070312,949.350341796875,5050810,HDFC Bank
2018-11-12,975.75,981.0,958.5750122070312,960.5250244140624,937.4675903320312,3953882,HDFC Bank
2018-11-13,959.5,968.8499755859376,954.0999755859376,963.875,940.7371826171876,6675210,HDFC Bank
2018-11-14,969.2750244140624,980.0,968.2999877929688,978.875,955.3771362304688,13055318,HDFC Bank
2018-11-15,980.9500122070312,988.6500244140624,965.5999755859376,987.5750122070312,963.8682250976562,5196262,HDFC Bank
2018-11-16,990.5,1006.5,990.0,1002.1500244140624,978.0934448242188,7906608,HDFC Bank
2018-11-19,1005.5,1010.5,1000.9500122070312,1006.9500122070312,982.7781982421876,6143214,HDFC Bank
2018-11-20,1006.5,1009.7999877929688,999.5250244140624,1006.2249755859376,982.070556640625,2852584,HDFC Bank
2018-11-21,1006.375,1011.9749755859376,1002.0,1009.375,985.1449584960938,3272802,HDFC Bank
2018-11-22,1006.625,1017.5,1000.0750122070312,1002.75,978.678955078125,6487276,HDFC Bank
2018-11-26,1006.9500122070312,1026.0,1006.0250244140624,1024.9000244140625,1000.2973022460938,9092218,HDFC Bank
2018-11-27,1020.5250244140624,1033.949951171875,1020.375,1032.0,1007.2268676757812,6447720,HDFC Bank
2018-11-28,1032.5,1049.300048828125,1030.050048828125,1044.625,1019.5487060546876,6510554,HDFC Bank
2018-11-29,1050.5,1068.699951171875,1047.0,1065.5250244140625,1039.947021484375,15954318,HDFC Bank
2018-11-30,1065.0,1068.7750244140625,1055.0,1064.2249755859375,1038.6783447265625,6520462,HDFC Bank
2018-12-03,1065.5,1071.0,1053.449951171875,1056.6500244140625,1031.28515625,5399928,HDFC Bank
2018-12-04,1052.699951171875,1055.5,1039.300048828125,1042.7750244140625,1017.7432861328124,4078710,HDFC Bank
2018-12-05,1039.0,1052.6500244140625,1037.9749755859375,1049.5999755859375,1024.4044189453125,5899422,HDFC Bank
2018-12-06,1044.8499755859375,1050.824951171875,1042.5,1048.5250244140625,1023.3551635742188,5865126,HDFC Bank
2018-12-07,1053.3499755859375,1059.0,1040.1500244140625,1053.800048828125,1028.5035400390625,4951960,HDFC Bank
2018-12-10,1032.949951171875,1052.4000244140625,1032.949951171875,1044.375,1019.3047485351562,5457528,HDFC Bank
2018-12-11,1028.0,1035.6500244140625,1016.0,1029.7750244140625,1005.0552368164062,9452890,HDFC Bank
2018-12-12,1033.4749755859375,1044.9000244140625,1030.050048828125,1042.6500244140625,1017.6212158203124,5685244,HDFC Bank
2018-12-13,1047.5,1062.5,1045.6500244140625,1050.6500244140625,1025.42919921875,3532118,HDFC Bank
2018-12-14,1052.449951171875,1059.0,1044.0250244140625,1047.8499755859375,1022.6964111328124,3079142,HDFC Bank
2018-12-17,1052.0,1066.300048828125,1049.5,1065.0999755859375,1039.5322265625,4218662,HDFC Bank
2018-12-18,1062.0,1069.5,1051.300048828125,1067.7249755859375,1042.09423828125,3706984,HDFC Bank
2018-12-19,1066.550048828125,1079.699951171875,1056.7750244140625,1061.7249755859375,1036.23828125,4504948,HDFC Bank
2018-12-20,1056.2750244140625,1070.2249755859375,1051.324951171875,1068.7249755859375,1043.0701904296875,3990238,HDFC Bank
2018-12-21,1067.0,1074.550048828125,1054.5250244140625,1055.574951171875,1030.23583984375,5110154,HDFC Bank
2018-12-24,1052.0,1052.0,1038.675048828125,1040.324951171875,1015.35205078125,2800744,HDFC Bank
2018-12-26,1038.5,1063.5,1034.5,1061.175048828125,1035.7015380859375,3800958,HDFC Bank
2018-12-27,1066.5,1069.0999755859375,1049.2249755859375,1052.5250244140625,1027.2591552734375,5819934,HDFC Bank
2018-12-28,1058.675048828125,1068.875,1057.75,1061.449951171875,1035.9697265625,4707806,HDFC Bank
2018-12-31,1068.5,1068.5,1058.3499755859375,1060.8499755859375,1035.38427734375,2933264,HDFC Bank
2019-01-01,1063.824951171875,1075.5,1052.800048828125,1074.050048828125,1048.267578125,3186720,HDFC Bank
2019-01-02,1071.4000244140625,1073.75,1059.8499755859375,1064.25,1038.70263671875,4067116,HDFC Bank
2019-01-03,1062.0999755859375,1064.125,1051.5,1055.9000244140625,1030.55322265625,6385832,HDFC Bank
2019-01-04,1057.625,1064.25,1055.175048828125,1058.7249755859375,1033.3101806640625,3643560,HDFC Bank
2019-01-07,1063.8499755859375,1067.675048828125,1059.0,1060.324951171875,1034.8719482421875,2693506,HDFC Bank
2019-01-08,1061.0,1061.75,1048.324951171875,1051.5,1026.2586669921875,4171730,HDFC Bank
2019-01-09,1059.0,1060.675048828125,1051.300048828125,1058.4000244140625,1032.9932861328125,4284314,HDFC Bank
2019-01-10,1058.5,1061.9000244140625,1046.324951171875,1054.25,1028.9427490234375,3845770,HDFC Bank
2019-01-11,1056.9000244140625,1062.0,1054.0,1055.949951171875,1030.601806640625,3204020,HDFC Bank
2019-01-14,1054.949951171875,1054.949951171875,1049.2249755859375,1050.824951171875,1025.5999755859375,2427580,HDFC Bank
2019-01-15,1052.5250244140625,1063.25,1051.0,1060.949951171875,1035.4818115234375,2543778,HDFC Bank
2019-01-16,1060.0250244140625,1062.5,1054.125,1060.0999755859375,1034.6522216796875,2626226,HDFC Bank
2019-01-17,1062.625,1067.949951171875,1056.675048828125,1066.1500244140625,1040.55712890625,4120114,HDFC Bank
2019-01-18,1067.5,1069.5,1057.2750244140625,1065.125,1039.5565185546875,2603988,HDFC Bank
2019-01-21,1069.9749755859375,1083.25,1063.25,1074.074951171875,1048.2918701171875,8780756,HDFC Bank
2019-01-22,1073.0,1073.4000244140625,1064.5250244140625,1067.925048828125,1042.2894287109375,4398488,HDFC Bank
2019-01-23,1067.0,1067.925048828125,1050.7249755859375,1052.699951171875,1027.4298095703125,3812144,HDFC Bank
2019-01-24,1055.0,1060.824951171875,1048.949951171875,1051.125,1025.8927001953125,5055786,HDFC Bank
2019-01-25,1046.5,1055.0,1045.0,1048.0,1022.8428344726562,5631118,HDFC Bank
2019-01-28,1045.0,1051.0250244140625,1038.375,1042.074951171875,1017.06005859375,7680218,HDFC Bank
2019-01-29,1039.125,1041.5,1026.5,1028.800048828125,1004.1036376953124,7381394,HDFC Bank
2019-01-30,1028.625,1028.625,1014.0,1017.3499755859376,992.9285278320312,9257080,HDFC Bank
2019-01-31,1015.5,1044.875,1011.0,1039.9749755859375,1015.0103759765624,8289702,HDFC Bank
2019-02-01,1039.9749755859375,1058.5,1038.300048828125,1045.2249755859375,1020.1343383789062,7827094,HDFC Bank
2019-02-04,1047.5,1056.5,1041.324951171875,1052.449951171875,1027.1859130859375,3969144,HDFC Bank
2019-02-05,1054.0,1059.5,1048.5,1057.0250244140625,1031.651123046875,4345144,HDFC Bank
2019-02-06,1058.125,1063.5,1056.800048828125,1061.324951171875,1035.847900390625,5437842,HDFC Bank
2019-02-07,1062.5250244140625,1065.0,1052.925048828125,1058.625,1033.2127685546875,3608654,HDFC Bank
2019-02-08,1056.0,1072.4749755859375,1053.324951171875,1061.324951171875,1035.847900390625,6117822,HDFC Bank
2019-02-11,1056.6500244140625,1071.449951171875,1056.6500244140625,1069.824951171875,1044.1439208984375,3518182,HDFC Bank
2019-02-12,1069.0,1074.0,1062.4000244140625,1064.8499755859375,1039.2882080078125,4886194,HDFC Bank
2019-02-14,1070.0,1070.0,1052.800048828125,1055.0999755859375,1029.7723388671875,3720694,HDFC Bank
2019-02-15,1053.675048828125,1054.050048828125,1039.0999755859375,1050.324951171875,1025.1119384765625,4208262,HDFC Bank
2019-02-18,1053.4000244140625,1059.0,1043.0,1044.949951171875,1019.8658447265624,3569372,HDFC Bank
2019-02-19,1044.8499755859375,1054.074951171875,1039.0999755859375,1042.0250244140625,1017.01123046875,2634318,HDFC Bank
2019-02-20,1044.25,1055.5,1040.949951171875,1054.175048828125,1028.86962890625,2446250,HDFC Bank
2019-02-21,1050.8499755859375,1059.9749755859375,1046.800048828125,1057.949951171875,1032.5538330078125,2630772,HDFC Bank
2019-02-22,1059.699951171875,1064.050048828125,1044.550048828125,1045.7249755859375,1020.6223754882812,4445354,HDFC Bank
2019-02-25,1047.574951171875,1064.9749755859375,1047.574951171875,1062.699951171875,1037.18994140625,4070298,HDFC Bank
2019-02-26,1055.625,1062.5,1050.550048828125,1055.324951171875,1029.991943359375,4803714,HDFC Bank
2019-02-27,1058.050048828125,1062.2249755859375,1044.074951171875,1046.125,1021.0127563476562,3515046,HDFC Bank
2019-02-28,1046.550048828125,1052.925048828125,1036.5999755859375,1038.7750244140625,1013.83935546875,5822688,HDFC Bank
2019-03-01,1043.125,1050.449951171875,1038.5,1041.675048828125,1016.6696166992188,4676464,HDFC Bank
2019-03-05,1044.449951171875,1055.550048828125,1035.0,1053.550048828125,1028.2596435546875,5918638,HDFC Bank
2019-03-06,1055.0,1055.1500244140625,1045.2750244140625,1052.125,1026.86865234375,4229022,HDFC Bank
2019-03-07,1054.800048828125,1065.0,1047.5,1063.25,1037.726806640625,5102426,HDFC Bank
2019-03-08,1057.5250244140625,1065.0,1054.7249755859375,1064.0999755859375,1038.55615234375,3526730,HDFC Bank
2019-03-11,1066.0,1071.8499755859375,1061.0999755859375,1064.2249755859375,1038.6783447265625,4612054,HDFC Bank
2019-03-12,1073.5,1087.5,1068.5,1085.5,1059.442626953125,7548646,HDFC Bank
2019-03-13,1087.5,1117.0,1086.050048828125,1113.2750244140625,1086.551025390625,28583174,HDFC Bank
2019-03-14,1122.425048828125,1123.75,1105.300048828125,1112.375,1085.67236328125,7689932,HDFC Bank
2019-03-15,1115.5,1129.949951171875,1114.0250244140625,1126.5,1099.458251953125,6381544,HDFC Bank
2019-03-18,1130.949951171875,1145.824951171875,1123.5,1130.7249755859375,1103.581787109375,7179360,HDFC Bank
2019-03-19,1134.75,1137.949951171875,1125.5,1133.875,1106.6563720703125,5978996,HDFC Bank
2019-03-20,1134.5,1150.0,1130.5250244140625,1149.5,1121.9063720703125,5855996,HDFC Bank
2019-03-22,1150.0,1153.5,1135.4000244140625,1138.074951171875,1110.75537109375,15201940,HDFC Bank
2019-03-25,1130.0,1143.925048828125,1126.5,1140.6500244140625,1113.268798828125,4599630,HDFC Bank
2019-03-26,1137.949951171875,1157.5,1136.300048828125,1155.675048828125,1127.93310546875,5893424,HDFC Bank
2019-03-27,1159.2750244140625,1164.0250244140625,1139.5250244140625,1149.7249755859375,1122.125732421875,6942650,HDFC Bank
2019-03-28,1149.4000244140625,1162.5,1143.925048828125,1151.4000244140625,1123.7606201171875,9777164,HDFC Bank
2019-04-01,1162.625,1166.0,1152.300048828125,1155.9000244140625,1128.152587890625,4823538,HDFC Bank
2019-04-02,1160.0,1160.0,1142.7249755859375,1147.425048828125,1119.881103515625,5455248,HDFC Bank
2019-04-03,1146.050048828125,1158.0,1144.125,1146.375,1118.856201171875,3829726,HDFC Bank
2019-04-04,1146.375,1156.5,1140.0,1141.9749755859375,1114.561767578125,4605776,HDFC Bank
2019-04-05,1143.9000244140625,1156.875,1141.0,1152.800048828125,1125.127197265625,4175590,HDFC Bank
2019-04-08,1159.5,1161.4749755859375,1140.050048828125,1144.699951171875,1117.221435546875,3199066,HDFC Bank
2019-04-09,1148.300048828125,1151.5,1133.5,1143.625,1116.172119140625,5388800,HDFC Bank
2019-04-10,1125.0,1142.0,1115.5,1118.675048828125,1091.8211669921875,54064350,HDFC Bank
2019-04-11,1122.449951171875,1131.5,1118.4749755859375,1128.75,1101.6544189453125,4396650,HDFC Bank
2019-04-12,1126.050048828125,1136.0999755859375,1126.050048828125,1132.625,1105.4364013671875,4585222,HDFC Bank
2019-04-15,1135.0,1146.449951171875,1132.175048828125,1144.4000244140625,1116.9287109375,5109890,HDFC Bank
2019-04-16,1145.4749755859375,1154.949951171875,1140.1500244140625,1152.5250244140625,1124.858642578125,4136888,HDFC Bank
2019-04-18,1156.5,1157.5250244140625,1144.0,1146.824951171875,1119.29541015625,5307428,HDFC Bank
2019-04-22,1162.5,1162.5,1130.5,1134.3499755859375,1107.119873046875,10490210,HDFC Bank
2019-04-23,1138.7750244140625,1145.0,1120.800048828125,1122.6500244140625,1095.7008056640625,7641200,HDFC Bank
2019-04-24,1125.0,1141.949951171875,1123.5250244140625,1139.875,1112.512451171875,6177064,HDFC Bank
2019-04-25,1143.449951171875,1149.4000244140625,1128.9749755859375,1131.7249755859375,1104.557861328125,9043318,HDFC Bank
2019-04-26,1132.949951171875,1142.5,1128.449951171875,1140.4749755859375,1113.097900390625,5853784,HDFC Bank
2019-04-30,1142.5,1160.0,1139.199951171875,1158.7249755859375,1130.9097900390625,6268418,HDFC Bank
2019-05-02,1161.75,1179.824951171875,1158.75,1177.9000244140625,1149.62451171875,8584650,HDFC Bank
2019-05-03,1182.0999755859375,1189.0,1178.25,1183.9749755859375,1155.5535888671875,6175760,HDFC Bank
2019-05-06,1174.0,1175.949951171875,1158.5250244140625,1164.2249755859375,1136.27783203125,6874046,HDFC Bank
2019-05-07,1175.949951171875,1179.0,1159.0,1161.175048828125,1133.301025390625,4962102,HDFC Bank
2019-05-08,1161.2750244140625,1161.9000244140625,1144.0,1153.625,1125.9322509765625,6032104,HDFC Bank
2019-05-09,1150.0,1150.0,1135.800048828125,1145.449951171875,1117.9534912109375,4513862,HDFC Bank
2019-05-10,1145.675048828125,1162.449951171875,1145.675048828125,1148.25,1120.686279296875,5297100,HDFC Bank
2019-05-13,1148.0250244140625,1156.675048828125,1140.0,1143.5999755859375,1116.14794921875,5535816,HDFC Bank
2019-05-14,1148.3499755859375,1155.5,1137.7750244140625,1143.949951171875,1116.489501953125,5247372,HDFC Bank
2019-05-15,1148.0,1153.5999755859375,1141.0999755859375,1143.3499755859375,1115.90380859375,4478174,HDFC Bank
2019-05-16,1140.2750244140625,1159.5,1140.0,1155.324951171875,1127.5914306640625,4025068,HDFC Bank
2019-05-17,1156.5,1184.6500244140625,1155.800048828125,1181.050048828125,1152.6990966796875,7379390,HDFC Bank
2019-05-20,1204.0,1219.3499755859375,1190.0,1216.175048828125,1186.9808349609375,8849816,HDFC Bank
2019-05-21,1219.0,1224.699951171875,1199.7249755859375,1201.8499755859375,1172.9996337890625,5162588,HDFC Bank
2019-05-22,1205.925048828125,1213.0,1197.125,1202.875,1174.0,5693330,HDFC Bank
2019-05-23,1204.5,1219.949951171875,1159.550048828125,1166.050048828125,1138.0589599609375,16540998,HDFC Bank
2019-05-24,1179.8499755859375,1193.074951171875,1170.074951171875,1186.675048828125,1158.1888427734375,6846400,HDFC Bank
2019-05-27,1189.449951171875,1210.949951171875,1186.125,1204.175048828125,1175.268798828125,6024512,HDFC Bank
2019-05-28,1208.25,1210.0,1193.5250244140625,1208.0999755859375,1179.0994873046875,3682420,HDFC Bank
2019-05-29,1205.0999755859375,1215.4000244140625,1205.0999755859375,1208.449951171875,1179.4410400390625,3737608,HDFC Bank
2019-05-30,1208.0,1223.949951171875,1206.5250244140625,1219.7750244140625,1190.494384765625,4679600,HDFC Bank
2019-05-31,1228.4000244140625,1232.5,1178.4000244140625,1212.675048828125,1183.5648193359375,9892540,HDFC Bank
2019-06-03,1213.5,1229.9000244140625,1212.4749755859375,1228.550048828125,1199.0587158203125,4240430,HDFC Bank
2019-06-04,1227.5,1232.875,1220.5250244140625,1226.1500244140625,1196.71630859375,3221494,HDFC Bank
2019-06-06,1226.5999755859375,1235.0,1206.675048828125,1211.675048828125,1182.5889892578125,7817462,HDFC Bank
2019-06-07,1212.824951171875,1227.125,1204.5,1223.824951171875,1194.4471435546875,3985466,HDFC Bank
2019-06-10,1234.9749755859375,1234.9749755859375,1216.050048828125,1220.0999755859375,1190.8114013671875,3538570,HDFC Bank
2019-06-11,1225.75,1229.949951171875,1220.175048828125,1224.199951171875,1194.8131103515625,3551646,HDFC Bank
2019-06-12,1222.5,1224.199951171875,1211.824951171875,1213.5250244140625,1184.3944091796875,3654310,HDFC Bank
2019-06-13,1217.9749755859375,1226.0,1207.9749755859375,1222.3499755859375,1193.0074462890625,5553974,HDFC Bank
2019-06-14,1221.4749755859375,1229.4749755859375,1212.5,1217.550048828125,1188.3228759765625,5978460,HDFC Bank
2019-06-17,1217.5,1219.949951171875,1208.6500244140625,1211.0,1181.929931640625,6405010,HDFC Bank
2019-06-18,1209.0,1216.0,1202.0,1208.625,1179.6119384765625,6209826,HDFC Bank
2019-06-19,1213.5,1222.449951171875,1208.3499755859375,1214.175048828125,1185.02880859375,5372138,HDFC Bank
2019-06-20,1214.175048828125,1218.5,1207.300048828125,1213.175048828125,1191.412109375,5585746,HDFC Bank
2019-06-21,1213.0,1214.8499755859375,1202.824951171875,1207.0999755859375,1185.446044921875,6625130,HDFC Bank
2019-06-24,1205.9749755859375,1215.300048828125,1205.0,1208.9749755859375,1187.2874755859375,3457500,HDFC Bank
2019-06-25,1209.925048828125,1220.75,1201.5,1214.3499755859375,1192.5660400390625,4449900,HDFC Bank
2019-06-26,1212.3499755859375,1235.0,1211.0,1233.949951171875,1211.8143310546875,5266818,HDFC Bank
2019-06-27,1234.375,1247.25,1228.074951171875,1231.1500244140625,1209.064697265625,9939618,HDFC Bank
2019-06-28,1232.0,1237.5,1218.5250244140625,1221.875,1199.9560546875,6378422,HDFC Bank
2019-07-01,1228.0,1244.5,1225.0250244140625,1242.7750244140625,1220.481201171875,4262080,HDFC Bank
2019-07-02,1244.0,1248.75,1233.5999755859375,1247.5,1225.121337890625,3623414,HDFC Bank
2019-07-03,1249.5,1251.6500244140625,1241.5,1244.824951171875,1222.494140625,3731628,HDFC Bank
2019-07-04,1247.4000244140625,1248.949951171875,1236.0,1241.9000244140625,1219.621826171875,3996982,HDFC Bank
2019-07-05,1242.550048828125,1247.4749755859375,1230.0,1236.199951171875,1214.0240478515625,3791530,HDFC Bank
2019-07-08,1237.2750244140625,1237.300048828125,1198.5250244140625,1204.800048828125,1183.1873779296875,7303570,HDFC Bank
2019-07-09,1201.925048828125,1205.4000244140625,1186.5,1189.574951171875,1168.2354736328125,8241344,HDFC Bank
2019-07-10,1189.375,1199.0,1183.125,1194.375,1172.9493408203125,5784574,HDFC Bank
2019-07-11,1201.5,1207.0,1197.824951171875,1203.574951171875,1181.9842529296875,4548798,HDFC Bank
2019-07-12,1209.0,1209.0,1192.5250244140625,1196.949951171875,1175.47802734375,4488136,HDFC Bank
2019-07-15,1198.0,1201.5,1188.675048828125,1197.375,1175.8956298828125,4116592,HDFC Bank
2019-07-16,1209.0,1209.0,1191.0,1195.5999755859375,1174.15234375,6385284,HDFC Bank
2019-07-17,1196.4749755859375,1205.800048828125,1195.6500244140625,1198.7249755859375,1177.2213134765625,3879868,HDFC Bank
2019-07-18,1201.5,1214.5,1200.949951171875,1205.949951171875,1184.316650390625,5401292,HDFC Bank
2019-07-19,1207.5,1210.3499755859375,1183.5,1187.824951171875,1166.5167236328125,4469614,HDFC Bank
2019-07-22,1172.5,1174.925048828125,1140.625,1148.625,1128.02001953125,11085648,HDFC Bank
2019-07-23,1147.25,1147.25,1121.0250244140625,1131.75,1111.44775390625,13901432,HDFC Bank
2019-07-24,1128.375,1146.5,1125.5,1140.449951171875,1119.99169921875,8681870,HDFC Bank
2019-07-25,1142.5,1157.7249755859375,1140.125,1143.0250244140625,1122.5205078125,9731004,HDFC Bank
2019-07-26,1139.0999755859375,1146.824951171875,1136.425048828125,1138.6500244140625,1118.2239990234375,6414914,HDFC Bank
2019-07-29,1136.7750244140625,1136.7750244140625,1111.5250244140625,1122.1500244140625,1102.02001953125,4988246,HDFC Bank
2019-07-30,1127.5,1135.5999755859375,1119.949951171875,1126.125,1105.923583984375,5197068,HDFC Bank
2019-07-31,1120.0,1133.5,1117.125,1125.824951171875,1105.6290283203125,6945920,HDFC Bank
2019-08-01,1114.550048828125,1120.0,1098.5,1110.9000244140625,1093.3997802734375,9120838,HDFC Bank
2019-08-02,1105.5,1112.0,1091.0,1107.175048828125,1089.7333984375,13912768,HDFC Bank
2019-08-05,1098.5250244140625,1100.0,1081.25,1089.625,1072.4599609375,9911220,HDFC Bank
2019-08-06,1083.5,1105.125,1083.5,1094.550048828125,1077.307373046875,12445470,HDFC Bank
2019-08-07,1095.0,1101.0,1082.5,1092.0,1074.7974853515625,9375068,HDFC Bank
2019-08-08,1099.0,1121.5,1091.5,1116.574951171875,1098.9852294921875,9855800,HDFC Bank
2019-08-09,1123.5,1144.5,1119.9000244140625,1141.0,1123.025634765625,15218056,HDFC Bank
2019-08-13,1136.6500244140625,1136.6500244140625,1101.300048828125,1110.175048828125,1092.686279296875,7720034,HDFC Bank
2019-08-14,1117.699951171875,1117.699951171875,1101.5250244140625,1114.7249755859375,1097.1644287109375,7127026,HDFC Bank
2019-08-16,1107.0,1116.5,1102.050048828125,1113.8499755859375,1096.3033447265625,7623780,HDFC Bank
2019-08-19,1119.25,1121.0,1100.8499755859375,1103.425048828125,1086.04248046875,4249100,HDFC Bank
2019-08-20,1104.625,1113.9000244140625,1103.425048828125,1110.300048828125,1092.8092041015625,5135296,HDFC Bank
2019-08-21,1112.449951171875,1120.5999755859375,1107.0999755859375,1112.925048828125,1095.3929443359375,5236356,HDFC Bank
2019-08-22,1110.425048828125,1110.425048828125,1083.5250244140625,1087.050048828125,1069.925537109375,6996022,HDFC Bank
2019-08-23,1080.5,1088.5,1069.800048828125,1081.3499755859375,1064.3153076171875,10049808,HDFC Bank
2019-08-26,1097.449951171875,1133.074951171875,1083.5,1128.074951171875,1110.3040771484375,12640122,HDFC Bank
2019-08-27,1128.0,1136.449951171875,1120.050048828125,1129.9749755859375,1112.17431640625,10330416,HDFC Bank
2019-08-28,1125.0,1128.675048828125,1113.175048828125,1123.75,1106.04736328125,6831294,HDFC Bank
2019-08-29,1123.0,1126.8499755859375,1110.1500244140625,1113.4749755859375,1095.9342041015625,7391858,HDFC Bank
2019-08-30,1116.75,1130.0,1111.0,1113.9749755859375,1096.42626953125,9616660,HDFC Bank
2019-09-03,1110.0,1110.5,1098.074951171875,1105.4749755859375,1088.0601806640625,5714338,HDFC Bank
2019-09-04,1103.5,1137.0,1099.5,1123.875,1106.17041015625,7530352,HDFC Bank
2019-09-05,1124.5,1136.199951171875,1112.5,1117.574951171875,1099.9696044921875,8648126,HDFC Bank
2019-09-06,1114.0,1128.300048828125,1110.6500244140625,1122.949951171875,1105.2598876953125,6435002,HDFC Bank
2019-09-09,1123.0,1130.449951171875,1108.050048828125,1124.800048828125,1107.080810546875,5321702,HDFC Bank
2019-09-11,1137.0,1137.0,1120.574951171875,1125.6500244140625,1107.91748046875,7604558,HDFC Bank
2019-09-12,1125.3499755859375,1144.4000244140625,1124.074951171875,1135.425048828125,1117.5384521484375,9066150,HDFC Bank
2019-09-13,1125.5,1133.7249755859375,1119.0,1128.7249755859375,1110.94384765625,7685670,HDFC Bank
2019-09-16,1125.949951171875,1131.324951171875,1120.5,1122.074951171875,1104.398681640625,5515092,HDFC Bank
2019-09-17,1123.949951171875,1124.25,1099.050048828125,1105.675048828125,1088.257080078125,5328278,HDFC Bank
2019-09-18,1108.6500244140625,1112.074951171875,1090.0,1093.875,1076.64306640625,6479942,HDFC Bank
2019-09-19,1099.9000244140625,1107.050048828125,1084.0,1101.050048828125,1083.7049560546875,5311655,HDFC Bank
2019-09-20,1108.0,1209.9000244140625,1105.4000244140625,1199.5999755859375,1180.702392578125,23075017,HDFC Bank
2019-09-23,1259.550048828125,1282.699951171875,1229.0,1257.25,1237.4442138671875,20960205,HDFC Bank
2019-09-24,1250.0,1261.949951171875,1227.550048828125,1253.800048828125,1234.0487060546875,11689524,HDFC Bank
2019-09-25,1249.9000244140625,1249.9000244140625,1230.0999755859375,1239.699951171875,1220.1707763671875,7804488,HDFC Bank
2019-09-26,1239.800048828125,1275.0,1236.3499755859375,1242.5,1222.9266357421875,15335780,HDFC Bank
2019-09-27,1248.25,1253.5,1237.5999755859375,1244.199951171875,1224.599853515625,7436585,HDFC Bank
2019-09-30,1228.800048828125,1240.0,1216.5,1227.449951171875,1208.1136474609375,9109229,HDFC Bank
2019-10-01,1231.5,1255.0,1221.0999755859375,1248.800048828125,1229.12744140625,9384176,HDFC Bank
2019-10-03,1239.949951171875,1243.800048828125,1216.3499755859375,1223.550048828125,1204.275146484375,8149438,HDFC Bank
2019-10-04,1236.6500244140625,1239.5999755859375,1185.300048828125,1189.699951171875,1170.9583740234375,9201816,HDFC Bank
2019-10-07,1201.199951171875,1219.8499755859375,1181.1500244140625,1186.9000244140625,1168.2025146484375,11256610,HDFC Bank
2019-10-09,1197.0999755859375,1229.9000244140625,1190.0,1228.1500244140625,1208.802734375,8713635,HDFC Bank
2019-10-10,1221.800048828125,1225.949951171875,1197.199951171875,1200.550048828125,1181.6375732421875,5778429,HDFC Bank
2019-10-11,1213.4000244140625,1224.0,1188.949951171875,1198.800048828125,1179.9150390625,8593159,HDFC Bank
2019-10-14,1209.0,1219.9000244140625,1197.4000244140625,1204.4000244140625,1185.4268798828125,6133901,HDFC Bank
2019-10-15,1207.0,1225.0,1206.8499755859375,1223.050048828125,1203.7830810546875,4200187,HDFC Bank
2019-10-16,1231.6500244140625,1235.0,1210.0999755859375,1221.0999755859375,1201.86376953125,5293408,HDFC Bank
2019-10-17,1227.5,1229.8499755859375,1213.0999755859375,1220.0,1200.781005859375,6121807,HDFC Bank
2019-10-18,1225.449951171875,1233.8499755859375,1220.3499755859375,1229.0,1209.6392822265625,5616903,HDFC Bank
2019-10-22,1257.0,1257.0,1232.5999755859375,1239.300048828125,1219.777099609375,10003114,HDFC Bank
2019-10-23,1246.8499755859375,1249.75,1233.0,1241.5999755859375,1222.0408935546875,5095107,HDFC Bank
2019-10-24,1248.0,1254.1500244140625,1226.3499755859375,1236.0999755859375,1216.6273193359375,6553747,HDFC Bank
2019-10-25,1240.0,1246.8499755859375,1220.0,1229.0,1209.6392822265625,6496771,HDFC Bank
2019-10-27,1239.949951171875,1241.9000244140625,1235.0,1237.699951171875,1218.2022705078125,875041,HDFC Bank
2019-10-29,1238.0,1257.3499755859375,1237.699951171875,1242.5,1222.9266357421875,7116284,HDFC Bank
2019-10-30,1246.9000244140625,1262.699951171875,1243.0,1248.3499755859375,1228.6844482421875,6005683,HDFC Bank
2019-10-31,1257.699951171875,1263.9000244140625,1227.0999755859375,1230.3499755859375,1210.968017578125,6608853,HDFC Bank
2019-11-01,1239.0,1243.75,1227.5999755859375,1240.050048828125,1220.515380859375,5756130,HDFC Bank
2019-11-04,1246.449951171875,1250.0,1229.050048828125,1236.8499755859375,1217.3656005859375,4967588,HDFC Bank
2019-11-05,1241.0,1244.800048828125,1229.050048828125,1239.5,1219.973876953125,6183905,HDFC Bank
2019-11-06,1242.449951171875,1259.0,1228.050048828125,1256.6500244140625,1236.853759765625,6065168,HDFC Bank
2019-11-07,1261.0,1269.699951171875,1250.0,1263.699951171875,1243.7926025390625,8481517,HDFC Bank
2019-11-08,1259.0,1267.0,1251.449951171875,1255.5999755859375,1235.8201904296875,6625748,HDFC Bank
2019-11-11,1252.550048828125,1268.5,1250.5,1264.75,1244.826171875,7143305,HDFC Bank
2019-11-13,1261.949951171875,1270.0,1253.5999755859375,1257.550048828125,1237.7396240234375,4646748,HDFC Bank
2019-11-14,1263.800048828125,1277.0,1257.199951171875,1273.9000244140625,1253.8319091796875,5527609,HDFC Bank
2019-11-15,1283.8499755859375,1285.0,1271.0999755859375,1277.9000244140625,1257.76904296875,4639506,HDFC Bank
2019-11-18,1277.0,1279.449951171875,1258.699951171875,1262.050048828125,1242.168701171875,4565146,HDFC Bank
2019-11-19,1265.300048828125,1275.0,1261.0999755859375,1271.9000244140625,1251.863525390625,5285289,HDFC Bank
2019-11-20,1273.0,1282.949951171875,1267.0,1273.3499755859375,1253.2906494140625,5527129,HDFC Bank
2019-11-21,1270.25,1287.0,1268.3499755859375,1283.3499755859375,1263.1331787109375,6009763,HDFC Bank
2019-11-22,1283.6500244140625,1283.6500244140625,1262.0,1264.75,1244.826171875,3844005,HDFC Bank
2019-11-25,1264.1500244140625,1279.5,1264.1500244140625,1271.0999755859375,1251.0760498046875,3946778,HDFC Bank
2019-11-26,1278.449951171875,1279.75,1266.949951171875,1275.050048828125,1254.9638671875,4358001,HDFC Bank
2019-11-27,1276.0,1285.75,1271.199951171875,1278.4000244140625,1258.2611083984375,4790333,HDFC Bank
2019-11-28,1280.199951171875,1283.050048828125,1262.0,1265.300048828125,1245.367431640625,6183020,HDFC Bank
2019-11-29,1267.699951171875,1279.9000244140625,1252.0,1274.949951171875,1254.865478515625,7783813,HDFC Bank
2019-12-02,1273.949951171875,1273.949951171875,1258.5999755859375,1265.75,1245.8104248046875,4473102,HDFC Bank
2019-12-03,1268.199951171875,1269.0,1253.800048828125,1255.4000244140625,1235.6234130859375,3495953,HDFC Bank
2019-12-04,1252.5,1256.9000244140625,1234.199951171875,1251.6500244140625,1231.9324951171875,5697807,HDFC Bank
2019-12-05,1255.5999755859375,1258.75,1240.75,1245.5999755859375,1225.977783203125,6386247,HDFC Bank
2019-12-06,1248.949951171875,1260.0,1238.199951171875,1246.050048828125,1226.4207763671875,6887325,HDFC Bank
2019-12-09,1249.5,1249.8499755859375,1237.550048828125,1242.949951171875,1223.3695068359375,4132675,HDFC Bank
2019-12-10,1251.0,1253.6500244140625,1245.0999755859375,1249.5,1229.81640625,4894450,HDFC Bank
2019-12-11,1250.0999755859375,1254.0,1242.5,1248.75,1229.078125,5527321,HDFC Bank
2019-12-12,1253.0,1269.449951171875,1253.0,1263.5999755859375,1243.6942138671875,6456574,HDFC Bank
2019-12-13,1265.0,1272.3499755859375,1259.25,1263.8499755859375,1243.9403076171875,5887593,HDFC Bank
2019-12-16,1269.25,1270.0,1248.199951171875,1257.3499755859375,1237.542724609375,5663788,HDFC Bank
2019-12-17,1260.0,1274.800048828125,1255.3499755859375,1271.0999755859375,1251.0760498046875,6213677,HDFC Bank
2019-12-18,1283.0,1299.0,1273.6500244140625,1292.3499755859375,1271.9913330078125,8723586,HDFC Bank
2019-12-19,1305.0,1305.5,1286.0999755859375,1288.800048828125,1268.497314453125,6509188,HDFC Bank
2019-12-20,1288.75,1299.5999755859375,1280.050048828125,1296.699951171875,1276.2728271484375,7513022,HDFC Bank
2019-12-23,1299.0,1304.0,1288.800048828125,1302.4000244140625,1281.883056640625,5097891,HDFC Bank
2019-12-24,1298.5999755859375,1301.0999755859375,1286.949951171875,1289.1500244140625,1268.841796875,3589604,HDFC Bank
2019-12-26,1289.699951171875,1291.8499755859375,1264.6500244140625,1270.449951171875,1250.436279296875,7474879,HDFC Bank
2019-12-27,1272.0,1279.0,1270.0,1275.0,1254.9146728515625,3546496,HDFC Bank
2019-12-30,1282.0,1288.75,1274.050048828125,1282.1500244140625,1261.9520263671875,4667095,HDFC Bank
2019-12-31,1281.949951171875,1281.949951171875,1268.6500244140625,1272.0999755859375,1252.060302734375,4178528,HDFC Bank
2020-01-01,1276.0999755859375,1280.0,1270.5999755859375,1278.5999755859375,1258.4578857421875,1836849,HDFC Bank
2020-01-02,1279.0,1288.0,1279.0,1286.75,1266.4796142578125,3068583,HDFC Bank
2020-01-03,1282.199951171875,1285.0,1263.5999755859375,1268.4000244140625,1248.4185791015625,5427775,HDFC Bank
2020-01-06,1260.0,1261.800048828125,1236.0,1240.949951171875,1221.4010009765625,5445093,HDFC Bank
2020-01-07,1258.9000244140625,1271.449951171875,1252.25,1260.5999755859375,1240.741455078125,7362247,HDFC Bank
2020-01-08,1246.949951171875,1262.1500244140625,1240.050048828125,1257.300048828125,1237.4935302734375,5666055,HDFC Bank
2020-01-09,1265.0,1275.800048828125,1263.0999755859375,1271.4000244140625,1251.3714599609375,4773158,HDFC Bank
2020-01-10,1284.0999755859375,1286.9000244140625,1275.0999755859375,1282.699951171875,1262.4932861328125,4607290,HDFC Bank
2020-01-13,1282.699951171875,1296.5,1276.0,1286.0,1265.7413330078125,3725784,HDFC Bank
2020-01-14,1289.0,1292.550048828125,1277.5,1289.5,1269.186279296875,3943145,HDFC Bank
2020-01-15,1286.4000244140625,1287.949951171875,1274.0999755859375,1284.25,1264.0189208984375,5893724,HDFC Bank
2020-01-16,1282.050048828125,1291.0,1279.3499755859375,1287.6500244140625,1267.365478515625,3575200,HDFC Bank
2020-01-17,1281.75,1284.9000244140625,1271.9000244140625,1278.1500244140625,1258.0150146484375,8459407,HDFC Bank
2020-01-20,1304.8499755859375,1304.8499755859375,1252.5,1254.9000244140625,1235.1312255859375,11089225,HDFC Bank
2020-01-21,1250.0,1250.0,1238.4000244140625,1244.3499755859375,1224.74755859375,7492402,HDFC Bank
2020-01-22,1248.050048828125,1255.0,1234.4000244140625,1240.8499755859375,1221.3026123046875,9184155,HDFC Bank
2020-01-23,1240.0,1246.8499755859375,1231.0,1244.8499755859375,1225.2396240234375,5754460,HDFC Bank
2020-01-24,1246.0,1254.0,1239.0999755859375,1244.550048828125,1224.9444580078125,5915878,HDFC Bank
2020-01-27,1235.0,1235.0,1211.75,1213.199951171875,1194.0882568359375,9444276,HDFC Bank
2020-01-28,1218.800048828125,1227.800048828125,1213.25,1223.199951171875,1203.9306640625,6706079,HDFC Bank
2020-01-29,1225.300048828125,1242.0,1222.25,1235.8499755859375,1216.38134765625,6894175,HDFC Bank
2020-01-30,1238.949951171875,1238.949951171875,1217.199951171875,1226.050048828125,1206.73583984375,6055992,HDFC Bank
2020-01-31,1231.449951171875,1237.800048828125,1220.25,1226.300048828125,1206.9818115234375,5589134,HDFC Bank
2020-02-03,1197.0,1197.949951171875,1177.699951171875,1192.800048828125,1174.009521484375,6538505,HDFC Bank
2020-02-04,1198.0,1234.0,1198.0,1229.800048828125,1210.4267578125,10448852,HDFC Bank
2020-02-05,1234.9000244140625,1248.0,1227.300048828125,1244.6500244140625,1225.042724609375,9010341,HDFC Bank
2020-02-06,1244.6500244140625,1248.699951171875,1237.199951171875,1239.800048828125,1220.2691650390625,5913775,HDFC Bank
2020-02-07,1246.0,1247.0,1231.5999755859375,1242.199951171875,1222.63134765625,3407724,HDFC Bank
2020-02-10,1242.949951171875,1242.949951171875,1226.050048828125,1240.300048828125,1220.7613525390625,4609917,HDFC Bank
2020-02-11,1243.300048828125,1255.0,1238.050048828125,1240.5999755859375,1221.0565185546875,5806760,HDFC Bank
2020-02-12,1245.199951171875,1252.9000244140625,1244.050048828125,1249.0,1229.32421875,3148965,HDFC Bank
2020-02-13,1259.9000244140625,1259.9000244140625,1233.5999755859375,1241.4000244140625,1221.8438720703125,4556070,HDFC Bank
2020-02-14,1243.199951171875,1248.4000244140625,1215.0,1219.3499755859375,1200.141357421875,7344429,HDFC Bank
2020-02-17,1225.0,1233.0,1214.449951171875,1217.1500244140625,1197.97607421875,5076345,HDFC Bank
2020-02-18,1216.9000244140625,1218.5,1203.5,1213.25,1194.137451171875,5264558,HDFC Bank
2020-02-19,1222.5,1230.0,1213.9000244140625,1227.199951171875,1207.8675537109375,5006134,HDFC Bank
2020-02-20,1230.0,1230.0,1214.0999755859375,1217.0999755859375,1197.9266357421875,5561707,HDFC Bank
2020-02-24,1208.949951171875,1214.75,1200.0,1209.949951171875,1190.889404296875,8284042,HDFC Bank
2020-02-25,1204.0,1209.0,1198.0,1200.300048828125,1181.3914794921875,6943340,HDFC Bank
2020-02-26,1197.5,1204.699951171875,1185.6500244140625,1199.25,1180.35791015625,6907393,HDFC Bank
2020-02-27,1195.0,1202.5,1181.0,1199.449951171875,1180.5546875,10327549,HDFC Bank
2020-02-28,1175.5,1185.0,1170.0999755859375,1177.6500244140625,1159.0982666015625,12156528,HDFC Bank
2020-03-02,1200.199951171875,1201.1500244140625,1166.1500244140625,1179.5999755859375,1161.0174560546875,7332449,HDFC Bank
2020-03-03,1175.0,1185.3499755859375,1168.0,1181.800048828125,1163.182861328125,11184775,HDFC Bank
2020-03-04,1178.3499755859375,1180.0,1133.0999755859375,1148.8499755859375,1130.7518310546875,17144435,HDFC Bank
2020-03-05,1153.0,1165.0,1142.75,1151.3499755859375,1133.2125244140625,9774854,HDFC Bank
2020-03-06,1125.0,1140.9000244140625,1101.0,1134.9000244140625,1117.021728515625,11526783,HDFC Bank
2020-03-09,1110.0,1118.4000244140625,1065.0,1107.300048828125,1089.8564453125,17210295,HDFC Bank
2020-03-11,1105.0,1120.0,1092.0,1113.800048828125,1096.2540283203125,17769120,HDFC Bank
2020-03-12,1075.0,1080.0,1003.4500122070312,1021.2999877929688,1005.211181640625,29500385,HDFC Bank
2020-03-13,980.0499877929688,1081.449951171875,919.2000122070312,1069.800048828125,1052.947265625,33171182,HDFC Bank
2020-03-16,1035.0,1037.0,995.0,999.5,983.7546997070312,15993161,HDFC Bank
2020-03-17,1008.0,1010.0,954.7000122070312,975.0999755859376,959.739013671875,21338419,HDFC Bank
2020-03-18,985.0,993.0,865.0,876.9000244140625,863.0860595703125,30590703,HDFC Bank
2020-03-19,847.0,919.9500122070312,795.0,895.5499877929688,881.4421997070312,33610024,HDFC Bank
2020-03-20,875.0,914.5999755859376,824.5499877929688,882.8499755859375,868.9422607421875,44318732,HDFC Bank
2020-03-23,794.5999755859375,838.75,765.0,771.5499877929688,759.3955688476562,25138477,HDFC Bank
2020-03-24,795.25,810.0,738.75,767.7000122070312,755.6062622070312,30528636,HDFC Bank
2020-03-25,770.4500122070312,867.4500122070312,755.25,856.75,843.25341796875,23614021,HDFC Bank
2020-03-26,870.0999755859375,937.7000122070312,841.0,901.0999755859376,886.90478515625,28521578,HDFC Bank
2020-03-27,944.9500122070312,988.6500244140624,872.0999755859375,904.4500122070312,890.2020263671875,27617968,HDFC Bank
2020-03-30,880.0,887.0,828.0,831.6500244140625,818.5488891601562,19634222,HDFC Bank
2020-03-31,853.7999877929688,873.5999755859375,838.0,861.9000244140625,848.3223266601562,17605546,HDFC Bank
2020-04-01,863.8499755859375,863.8499755859375,820.0,829.6500244140625,816.5803833007812,14551752,HDFC Bank
2020-04-03,843.0,844.0,810.0,813.8499755859375,801.0292358398438,17498140,HDFC Bank
2020-04-07,874.0,907.2999877929688,845.3499755859375,896.0999755859375,881.9835205078125,30206319,HDFC Bank
2020-04-08,879.9500122070312,945.0,866.0999755859375,888.9000244140625,874.89697265625,28109676,HDFC Bank
2020-04-09,913.0,930.9000244140624,890.0,925.0499877929688,910.4774780273438,22228573,HDFC Bank
2020-04-13,934.0,946.7000122070312,886.2000122070312,895.3499755859375,881.245361328125,17079028,HDFC Bank
2020-04-15,930.5,930.5,843.0,863.2999877929688,849.7002563476562,28989376,HDFC Bank
2020-04-16,865.0,890.7000122070312,856.25,879.75,865.89111328125,26927198,HDFC Bank
2020-04-17,915.0,920.0,887.25,910.2999877929688,895.9598388671875,27941731,HDFC Bank
2020-04-20,951.0,960.9500122070312,935.0,944.8499755859376,929.965576171875,33116493,HDFC Bank
2020-04-21,925.0,934.0,908.0,921.6500244140624,907.1310424804688,16589003,HDFC Bank
2020-04-22,919.1500244140624,933.0,907.2999877929688,928.5999755859376,913.9715576171876,19144677,HDFC Bank
2020-04-23,935.0,958.5,912.5499877929688,954.9500122070312,939.906494140625,20450611,HDFC Bank
2020-04-24,933.0,958.4000244140624,926.0,938.0499877929688,923.272705078125,16642284,HDFC Bank
2020-04-27,945.1500244140624,957.4000244140624,926.2999877929688,929.7000122070312,915.05419921875,13710536,HDFC Bank
2020-04-28,943.7999877929688,943.7999877929688,922.0,931.4000244140624,916.7274780273438,14720718,HDFC Bank
2020-04-29,935.0,992.7000122070312,934.0999755859376,977.0999755859376,961.70751953125,27938889,HDFC Bank
2020-04-30,1001.4000244140624,1019.0,992.0999755859376,1001.7999877929688,986.0183715820312,21896567,HDFC Bank
2020-05-04,957.5,960.0,917.5,923.0,908.4597778320312,13361162,HDFC Bank
2020-05-05,938.0,944.0,908.0499877929688,911.4500122070312,897.0917358398438,14836429,HDFC Bank
2020-05-06,919.0,950.0,905.6500244140624,946.4000244140624,931.4912109375,16892923,HDFC Bank
2020-05-07,940.5,943.2999877929688,921.3499755859376,925.0,910.42822265625,10915865,HDFC Bank
2020-05-08,942.0,943.9500122070312,925.2000122070312,929.0499877929688,914.4144897460938,10403742,HDFC Bank
2020-05-11,937.0,954.0,914.0,915.7999877929688,901.3732299804688,14275392,HDFC Bank
2020-05-12,901.0,909.4000244140624,871.0999755859375,901.5499877929688,887.34765625,24784209,HDFC Bank
2020-05-13,951.0,960.0,922.0999755859376,927.6500244140624,913.0365600585938,22173483,HDFC Bank
2020-05-14,898.0,911.0,890.0,893.7000122070312,879.621337890625,19777445,HDFC Bank
2020-05-15,890.5,892.4000244140625,875.0,888.1500244140625,874.1588134765625,12174814,HDFC Bank
2020-05-18,888.0,888.0,831.2999877929688,836.6500244140625,823.4700927734375,23324982,HDFC Bank
2020-05-19,860.8499755859375,867.2999877929688,826.0999755859375,830.6500244140625,817.5645751953125,23730346,HDFC Bank
2020-05-20,836.4500122070312,864.0,832.2000122070312,857.0999755859375,843.597900390625,20007153,HDFC Bank
2020-05-21,861.4500122070312,884.0,852.2999877929688,859.5499877929688,846.00927734375,24239454,HDFC Bank
2020-05-22,850.0,870.2999877929688,833.0499877929688,838.8499755859375,825.6353759765625,21023716,HDFC Bank
2020-05-26,857.0,871.75,848.75,852.4000244140625,838.9719848632812,19002576,HDFC Bank
2020-05-27,859.9000244140625,909.7999877929688,857.1500244140625,903.6500244140624,889.4146728515625,28012877,HDFC Bank
2020-05-28,920.0,950.0,913.9500122070312,945.25,930.3592529296876,37744403,HDFC Bank
2020-05-29,944.0,955.0,923.4500122070312,951.6500244140624,936.658447265625,26512583,HDFC Bank
2020-06-01,975.0,995.0,966.0999755859376,987.6500244140624,972.0913696289062,19595115,HDFC Bank
2020-06-02,986.7000122070312,1005.0,975.2000122070312,1001.0,985.2310180664062,20811797,HDFC Bank
2020-06-03,1020.0,1046.25,1015.4500122070312,1022.25,1006.1463012695312,25273044,HDFC Bank
2020-06-04,1028.050048828125,1038.949951171875,991.0999755859376,1001.7000122070312,985.9199829101562,27137941,HDFC Bank
2020-06-05,1003.0999755859376,1042.4000244140625,1002.7999877929688,1033.3499755859375,1017.0713500976562,17597992,HDFC Bank
2020-06-08,1060.0,1066.6500244140625,1006.4000244140624,1015.9000244140624,999.8963012695312,24906332,HDFC Bank
2020-06-09,1020.0,1026.75,979.5499877929688,987.2999877929688,971.746826171875,30922073,HDFC Bank
2020-06-10,990.0,999.8499755859376,978.2000122070312,991.8499755859376,976.2251586914062,18248865,HDFC Bank
2020-06-11,985.0,988.4000244140624,965.0,968.5999755859376,953.3413696289062,15448857,HDFC Bank
2020-06-12,928.0,986.6500244140624,928.0,982.75,967.2685546875,21322438,HDFC Bank
2020-06-15,968.0,974.0,943.0,949.8499755859376,934.8867797851562,16004968,HDFC Bank
2020-06-16,975.0,993.9500122070312,952.0,990.4000244140624,974.7980346679688,22699985,HDFC Bank
2020-06-17,989.0,998.9000244140624,973.25,979.25,963.8236694335938,18478919,HDFC Bank
2020-06-18,980.0,1024.9000244140625,972.0,1019.9500122070312,1003.882568359375,20435063,HDFC Bank
2020-06-19,1017.9500122070312,1043.0,1012.1500244140624,1033.3499755859375,1017.0713500976562,23938876,HDFC Bank
2020-06-22,1039.449951171875,1045.949951171875,1023.7999877929688,1028.75,1012.5438842773438,14847237,HDFC Bank
2020-06-23,1039.0,1045.0,1016.5499877929688,1042.300048828125,1025.88037109375,14415256,HDFC Bank
2020-06-24,1048.5,1057.5,1030.050048828125,1032.5,1016.2348022460938,19714623,HDFC Bank
2020-06-25,1021.9000244140624,1049.0,1007.0,1028.75,1012.5438842773438,35323395,HDFC Bank
2020-06-26,1041.0,1063.0,1028.0,1056.449951171875,1039.8074951171875,19984569,HDFC Bank
2020-06-29,1037.0,1082.5999755859375,1037.0,1076.050048828125,1059.098876953125,23002978,HDFC Bank
2020-06-30,1074.0,1078.550048828125,1056.300048828125,1065.8499755859375,1049.0594482421875,17873065,HDFC Bank
2020-07-01,1065.8499755859375,1096.0,1061.300048828125,1084.5999755859375,1067.5140380859375,17423359,HDFC Bank
2020-07-02,1090.300048828125,1111.25,1085.199951171875,1089.4000244140625,1072.238525390625,18477248,HDFC Bank
2020-07-03,1093.0,1095.800048828125,1070.0,1073.949951171875,1057.0318603515625,13798627,HDFC Bank
2020-07-06,1107.949951171875,1119.9000244140625,1100.0,1103.0,1085.6241455078125,17779108,HDFC Bank
2020-07-07,1109.4000244140625,1111.699951171875,1093.050048828125,1105.1500244140625,1087.7403564453125,12174925,HDFC Bank
2020-07-08,1107.0,1124.9000244140625,1105.0,1110.3499755859375,1092.8583984375,15028175,HDFC Bank
2020-07-09,1118.0,1129.699951171875,1107.25,1124.949951171875,1107.2283935546875,10057242,HDFC Bank
2020-07-10,1117.9000244140625,1120.0,1099.550048828125,1105.0999755859375,1087.691162109375,8781489,HDFC Bank
2020-07-13,1109.9000244140625,1113.0,1071.300048828125,1080.25,1063.2325439453125,14961057,HDFC Bank
2020-07-14,1062.5999755859375,1068.9000244140625,1050.0,1058.8499755859375,1042.169677734375,13306337,HDFC Bank
2020-07-15,1070.199951171875,1079.0,1050.0999755859375,1053.1500244140625,1036.5595703125,10487197,HDFC Bank
2020-07-16,1053.6500244140625,1065.5,1034.0999755859375,1062.550048828125,1045.8115234375,11831228,HDFC Bank
2020-07-17,1059.050048828125,1104.0,1058.300048828125,1098.449951171875,1081.1458740234375,14202869,HDFC Bank
2020-07-20,1135.0,1152.9000244140625,1124.1500244140625,1133.050048828125,1115.200927734375,32562048,HDFC Bank
2020-07-21,1152.050048828125,1157.949951171875,1134.0,1138.550048828125,1120.6142578125,23756211,HDFC Bank
2020-07-22,1138.5,1144.5,1117.550048828125,1126.3499755859375,1108.6063232421875,12359006,HDFC Bank
2020-07-23,1125.0,1143.9000244140625,1116.25,1130.4000244140625,1112.5926513671875,10074561,HDFC Bank
2020-07-24,1122.9000244140625,1122.9000244140625,1101.25,1119.0999755859375,1101.470458984375,9799220,HDFC Bank
2020-07-27,1099.8499755859375,1103.0,1075.3499755859375,1079.5,1062.494384765625,18985047,HDFC Bank
2020-07-28,1079.0,1094.4000244140625,1059.5,1086.6500244140625,1069.5318603515625,17798225,HDFC Bank
2020-07-29,1081.0,1088.5,1055.550048828125,1064.5999755859375,1047.8291015625,16796043,HDFC Bank
2020-07-30,1074.0,1083.6500244140625,1046.699951171875,1050.6500244140625,1034.098876953125,13478133,HDFC Bank
2020-07-31,1057.699951171875,1057.699951171875,1020.0499877929688,1032.800048828125,1016.5301513671876,18863348,HDFC Bank
2020-08-03,1025.949951171875,1026.949951171875,993.0,1002.0,986.2152709960938,15891771,HDFC Bank
2020-08-04,1008.0,1061.050048828125,1003.0,1041.6500244140625,1025.24072265625,30153084,HDFC Bank
2020-08-05,1047.949951171875,1055.800048828125,1020.0,1027.550048828125,1011.36279296875,16610680,HDFC Bank
2020-08-06,1037.0,1055.0,1026.25,1040.699951171875,1024.3055419921875,16823444,HDFC Bank
2020-08-07,1034.8499755859375,1047.199951171875,1020.5999755859376,1043.8499755859375,1027.406005859375,12418392,HDFC Bank
2020-08-10,1044.0,1064.0,1043.800048828125,1050.6500244140625,1034.098876953125,11086427,HDFC Bank
2020-08-11,1048.5,1071.0,1048.5,1066.6500244140625,1049.846923828125,10068074,HDFC Bank
2020-08-12,1065.0,1066.0,1048.0,1063.699951171875,1046.943359375,10333216,HDFC Bank
2020-08-13,1067.949951171875,1071.3499755859375,1056.5,1059.050048828125,1042.3665771484375,9946370,HDFC Bank
2020-08-14,1065.9000244140625,1065.9000244140625,1027.300048828125,1034.449951171875,1018.154052734375,10462256,HDFC Bank
2020-08-17,1047.0,1047.0,1020.2000122070312,1032.75,1016.4808349609376,9780506,HDFC Bank
2020-08-18,1028.0,1061.6500244140625,1022.0,1056.5,1039.8568115234375,12020412,HDFC Bank
2020-08-19,1065.0,1069.800048828125,1056.25,1066.5999755859375,1049.797607421875,8857812,HDFC Bank
2020-08-20,1054.949951171875,1068.949951171875,1052.0,1059.0,1042.3173828125,9608367,HDFC Bank
2020-08-21,1065.4000244140625,1088.800048828125,1064.5999755859375,1085.6500244140625,1068.547607421875,14462151,HDFC Bank
2020-08-24,1086.0,1122.949951171875,1085.6500244140625,1117.050048828125,1099.452880859375,18389870,HDFC Bank
2020-08-25,1119.0,1127.0,1106.199951171875,1119.699951171875,1102.06103515625,13800869,HDFC Bank
2020-08-26,1121.0,1131.75,1109.5,1118.449951171875,1100.830810546875,12595031,HDFC Bank
2020-08-27,1125.800048828125,1129.9000244140625,1106.25,1112.0999755859375,1094.5809326171875,10322998,HDFC Bank
2020-08-28,1111.949951171875,1125.0,1095.0,1114.5,1096.943115234375,19348305,HDFC Bank
2020-08-31,1129.5,1148.800048828125,1100.699951171875,1115.8499755859375,1098.271728515625,19250583,HDFC Bank
2020-09-01,1128.0,1143.5999755859375,1108.0,1127.300048828125,1109.5413818359375,14438942,HDFC Bank
2020-09-02,1124.0999755859375,1139.0,1120.699951171875,1134.1500244140625,1116.283447265625,9880841,HDFC Bank
2020-09-03,1137.25,1145.949951171875,1128.0,1130.9000244140625,1113.084716796875,9916681,HDFC Bank
2020-09-04,1110.0,1125.4000244140625,1104.4000244140625,1119.300048828125,1101.66748046875,11830685,HDFC Bank
2020-09-07,1116.300048828125,1119.5,1099.0,1110.5,1093.0059814453125,8807733,HDFC Bank
2020-09-08,1114.0,1118.800048828125,1103.0,1112.449951171875,1094.92529296875,7312459,HDFC Bank
2020-09-09,1101.0,1110.0,1091.25,1096.5,1079.2265625,7864436,HDFC Bank
2020-09-10,1103.0,1104.8499755859375,1084.0,1090.550048828125,1073.3704833984375,7594044,HDFC Bank
2020-09-11,1096.449951171875,1104.8499755859375,1071.0,1078.6500244140625,1061.6578369140625,10397365,HDFC Bank
2020-09-14,1088.0,1094.0,1052.3499755859375,1057.949951171875,1041.2838134765625,10825295,HDFC Bank
2020-09-15,1068.0,1076.1500244140625,1058.0999755859375,1070.5,1053.6361083984375,8252555,HDFC Bank
2020-09-16,1070.199951171875,1096.0,1068.3499755859375,1093.6500244140625,1076.4215087890625,9355056,HDFC Bank
2020-09-17,1084.0,1094.0,1078.0,1083.5999755859375,1066.52978515625,9159343,HDFC Bank
2020-09-18,1092.0,1092.199951171875,1047.199951171875,1057.300048828125,1040.6441650390625,11740889,HDFC Bank
2020-09-21,1055.0,1071.3499755859375,1041.5,1049.300048828125,1032.7701416015625,9921439,HDFC Bank
2020-09-22,1054.050048828125,1058.1500244140625,1029.5,1035.4000244140625,1019.089111328125,9310339,HDFC Bank
2020-09-23,1046.0,1055.0,1034.3499755859375,1047.25,1030.75244140625,8039914,HDFC Bank
2020-09-24,1038.0,1047.0,1025.0,1030.4000244140625,1014.1679077148438,9904755,HDFC Bank
2020-09-25,1050.0,1051.949951171875,1025.6500244140625,1044.0,1027.5535888671875,10160772,HDFC Bank
2020-09-28,1048.949951171875,1059.0,1042.6500244140625,1054.199951171875,1037.5928955078125,8076211,HDFC Bank
2020-09-29,1058.0,1069.9000244140625,1051.0,1062.550048828125,1045.8115234375,6322223,HDFC Bank
2020-09-30,1060.0,1086.9000244140625,1052.0,1078.5999755859375,1061.608642578125,9406921,HDFC Bank
2020-10-01,1090.0999755859375,1110.0,1090.0999755859375,1106.949951171875,1089.5118408203125,10601540,HDFC Bank
2020-10-05,1112.0,1132.0,1111.0,1114.3499755859375,1096.79541015625,8470063,HDFC Bank
2020-10-06,1135.050048828125,1148.0,1126.199951171875,1144.0999755859375,1126.0767822265625,9685995,HDFC Bank
2020-10-07,1144.9000244140625,1164.8499755859375,1137.5999755859375,1162.25,1143.94091796875,10624389,HDFC Bank
2020-10-08,1180.0,1203.0,1163.3499755859375,1191.800048828125,1173.0252685546875,17530337,HDFC Bank
2020-10-09,1201.0,1237.0,1191.6500244140625,1233.550048828125,1214.11767578125,22486194,HDFC Bank
2020-10-12,1231.550048828125,1242.75,1205.5999755859375,1213.6500244140625,1194.5311279296875,9610273,HDFC Bank
2020-10-13,1213.4000244140625,1222.449951171875,1195.0,1198.449951171875,1179.5704345703125,9176976,HDFC Bank
2020-10-14,1195.550048828125,1214.300048828125,1175.5,1211.5,1192.4150390625,11291459,HDFC Bank
2020-10-15,1214.199951171875,1217.0,1164.0,1169.25,1150.83056640625,14123448,HDFC Bank
2020-10-16,1180.0,1203.5,1173.0,1199.3499755859375,1180.4564208984375,12911424,HDFC Bank
2020-10-19,1235.0,1235.0,1192.5999755859375,1203.550048828125,1184.5902099609375,21179778,HDFC Bank
2020-10-20,1207.5,1227.4000244140625,1205.9000244140625,1223.949951171875,1204.668701171875,13705989,HDFC Bank
2020-10-21,1230.5999755859375,1251.0,1221.699951171875,1246.699951171875,1227.0604248046875,17820376,HDFC Bank
2020-10-22,1239.949951171875,1250.0,1223.0,1233.300048828125,1213.87158203125,10956530,HDFC Bank
2020-10-23,1243.5,1248.449951171875,1231.199951171875,1235.800048828125,1216.332275390625,7933115,HDFC Bank
2020-10-26,1229.800048828125,1242.0,1204.5999755859375,1210.9000244140625,1191.824462890625,9785988,HDFC Bank
2020-10-27,1226.0,1236.0,1197.8499755859375,1233.0999755859375,1213.6746826171875,12158890,HDFC Bank
2020-10-28,1228.0,1232.0,1201.5,1209.5999755859375,1190.544921875,8285593,HDFC Bank
2020-10-29,1200.5999755859375,1204.449951171875,1178.5,1187.199951171875,1168.497802734375,11530012,HDFC Bank
2020-10-30,1182.550048828125,1199.300048828125,1176.3499755859375,1183.550048828125,1164.9052734375,5761358,HDFC Bank
2020-11-02,1194.3499755859375,1225.0,1177.5,1215.25,1196.10595703125,10963040,HDFC Bank
2020-11-03,1226.449951171875,1250.75,1225.5,1247.949951171875,1228.290771484375,14082115,HDFC Bank
2020-11-04,1252.0,1264.800048828125,1230.0,1257.4000244140625,1237.5919189453125,11702411,HDFC Bank
2020-11-05,1266.0,1276.0,1252.3499755859375,1269.199951171875,1249.2059326171875,10716964,HDFC Bank
2020-11-06,1266.25,1310.0,1265.5,1307.6500244140625,1287.0504150390625,17852862,HDFC Bank
2020-11-09,1315.199951171875,1345.949951171875,1315.199951171875,1340.550048828125,1319.4320068359375,13144220,HDFC Bank
2020-11-10,1357.0,1395.0,1351.550048828125,1393.6500244140625,1371.695556640625,20758678,HDFC Bank
2020-11-11,1399.9000244140625,1414.800048828125,1370.5,1389.949951171875,1368.0538330078125,18058097,HDFC Bank
2020-11-12,1377.4000244140625,1388.550048828125,1360.0,1371.699951171875,1350.0911865234375,13526974,HDFC Bank
2020-11-13,1368.800048828125,1368.800048828125,1347.0,1358.800048828125,1337.3946533203125,11236240,HDFC Bank
2020-11-14,1367.800048828125,1374.949951171875,1365.199951171875,1369.699951171875,1348.122802734375,917533,HDFC Bank
2020-11-17,1385.800048828125,1412.5999755859375,1380.5999755859375,1408.449951171875,1386.2623291015625,15529950,HDFC Bank
2020-11-18,1403.0,1419.0,1399.050048828125,1408.699951171875,1386.5084228515625,9431388,HDFC Bank
2020-11-19,1389.699951171875,1399.449951171875,1368.0,1374.3499755859375,1352.6995849609375,10133441,HDFC Bank
2020-11-20,1372.6500244140625,1408.4000244140625,1365.050048828125,1403.6500244140625,1381.5380859375,10202681,HDFC Bank
2020-11-23,1415.0,1423.6500244140625,1375.3499755859375,1394.5999755859375,1372.6304931640625,12623318,HDFC Bank
2020-11-24,1408.0,1445.0,1402.050048828125,1438.199951171875,1415.543701171875,20077200,HDFC Bank
2020-11-25,1451.300048828125,1464.4000244140625,1397.0,1402.800048828125,1380.701416015625,12076301,HDFC Bank
2020-11-26,1415.0,1432.0,1387.0,1426.6500244140625,1404.1756591796875,13971563,HDFC Bank
2020-11-27,1431.800048828125,1446.0,1415.550048828125,1440.8499755859375,1418.15185546875,8997290,HDFC Bank
2020-12-01,1440.8499755859375,1449.0,1425.5,1433.300048828125,1410.720947265625,8573787,HDFC Bank
2020-12-02,1431.0,1431.800048828125,1394.800048828125,1406.949951171875,1384.785888671875,8946075,HDFC Bank
2020-12-03,1429.0,1432.0,1374.050048828125,1377.199951171875,1355.504638671875,18966611,HDFC Bank
2020-12-04,1381.0,1401.449951171875,1373.300048828125,1385.5999755859375,1363.772216796875,13456161,HDFC Bank
2020-12-07,1375.0,1379.949951171875,1358.0999755859375,1372.25,1350.632568359375,12158159,HDFC Bank
2020-12-08,1375.0,1388.800048828125,1365.1500244140625,1376.300048828125,1354.618896484375,9728948,HDFC Bank
2020-12-09,1377.0,1410.050048828125,1375.050048828125,1407.199951171875,1385.0321044921875,11034537,HDFC Bank
2020-12-10,1398.0,1402.0,1375.75,1385.8499755859375,1364.0184326171875,9863983,HDFC Bank
2020-12-11,1390.050048828125,1395.0,1373.0,1382.800048828125,1361.0164794921875,10678192,HDFC Bank
2020-12-14,1383.0,1388.0,1368.0,1372.1500244140625,1350.5343017578125,8611025,HDFC Bank
2020-12-15,1380.800048828125,1394.949951171875,1366.0,1391.300048828125,1369.382568359375,10780718,HDFC Bank
2020-12-16,1404.0,1416.800048828125,1394.5,1410.699951171875,1388.4769287109375,8416046,HDFC Bank
2020-12-17,1418.5999755859375,1445.0,1404.5,1441.800048828125,1419.0870361328125,10962239,HDFC Bank
2020-12-18,1435.0,1439.699951171875,1406.300048828125,1411.3499755859375,1389.11669921875,11497959,HDFC Bank
2020-12-21,1417.5,1423.8499755859375,1366.699951171875,1372.6500244140625,1351.0263671875,11880912,HDFC Bank
2020-12-22,1384.800048828125,1384.800048828125,1345.0,1373.0999755859375,1351.46923828125,11425779,HDFC Bank
2020-12-23,1367.5,1380.949951171875,1361.050048828125,1375.6500244140625,1353.9791259765625,7733697,HDFC Bank
2020-12-24,1389.4000244140625,1404.0,1377.0,1397.0999755859375,1375.0911865234375,7476094,HDFC Bank
2020-12-28,1405.0,1421.0,1404.0,1412.8499755859375,1390.593017578125,5849597,HDFC Bank
2020-12-29,1421.050048828125,1434.75,1420.0,1427.199951171875,1404.717041015625,7247673,HDFC Bank
2020-12-30,1439.9000244140625,1439.9000244140625,1413.0,1432.5,1409.93359375,8108363,HDFC Bank
2020-12-31,1435.0,1444.0,1425.050048828125,1436.300048828125,1413.6737060546875,11072875,HDFC Bank
2021-01-01,1440.0,1443.0,1420.5999755859375,1425.050048828125,1402.6009521484375,4405469,HDFC Bank
2021-01-04,1438.0,1438.0,1399.0,1416.0,1393.6934814453125,7870096,HDFC Bank
2021-01-05,1419.199951171875,1430.75,1409.0,1426.699951171875,1404.224853515625,7193412,HDFC Bank
2021-01-06,1435.0,1440.0,1413.0999755859375,1420.550048828125,1398.171875,11067025,HDFC Bank
2021-01-07,1432.5,1432.5999755859375,1412.550048828125,1416.25,1393.9395751953125,9947421,HDFC Bank
2021-01-08,1432.0,1442.0,1423.0999755859375,1431.6500244140625,1409.096923828125,6884382,HDFC Bank
2021-01-11,1450.0,1464.9000244140625,1436.300048828125,1451.449951171875,1428.5848388671875,8665696,HDFC Bank
2021-01-12,1452.449951171875,1487.699951171875,1449.0999755859375,1481.0,1457.66943359375,10194078,HDFC Bank
2021-01-13,1492.9000244140625,1496.9000244140625,1462.0999755859375,1470.6500244140625,1447.4825439453125,8467325,HDFC Bank
2021-01-14,1471.1500244140625,1488.0,1456.0,1468.75,1445.612548828125,6148583,HDFC Bank
2021-01-15,1469.0999755859375,1471.6500244140625,1445.0,1466.6500244140625,1443.5455322265625,7082618,HDFC Bank
2021-01-18,1469.9000244140625,1502.8499755859375,1467.0,1483.0999755859375,1459.736328125,21412816,HDFC Bank
2021-01-19,1491.800048828125,1511.6500244140625,1467.0,1503.8499755859375,1480.1595458984375,8680127,HDFC Bank
2021-01-20,1501.0,1501.0,1486.0,1492.0,1468.4962158203125,6673026,HDFC Bank
2021-01-21,1492.0,1494.3499755859375,1468.1500244140625,1474.800048828125,1451.5672607421875,13166527,HDFC Bank
2021-01-22,1467.9000244140625,1467.9000244140625,1440.1500244140625,1443.550048828125,1420.8094482421875,7696182,HDFC Bank
2021-01-25,1465.0999755859375,1481.0,1455.1500244140625,1462.8499755859375,1439.805419921875,10172359,HDFC Bank
2021-01-27,1468.0,1471.9000244140625,1406.1500244140625,1409.5999755859375,1387.394287109375,11778138,HDFC Bank
2021-01-28,1389.9000244140625,1401.300048828125,1342.0,1371.449951171875,1349.84521484375,21352223,HDFC Bank
2021-01-29,1391.3499755859375,1408.75,1364.5,1390.5,1368.5950927734375,14352251,HDFC Bank
2021-02-01,1410.25,1482.5,1401.0,1476.75,1453.4864501953125,13185272,HDFC Bank
2021-02-02,1501.0,1578.5,1497.4000244140625,1560.550048828125,1535.96630859375,21210103,HDFC Bank
2021-02-03,1579.0,1581.699951171875,1542.0,1574.800048828125,1549.991943359375,10118627,HDFC Bank
2021-02-04,1566.0,1588.0,1543.449951171875,1579.0999755859375,1554.22412109375,12242342,HDFC Bank
2021-02-05,1548.0,1618.25,1548.0,1597.5999755859375,1572.4326171875,13527358,HDFC Bank
2021-02-08,1620.0,1631.6500244140625,1595.699951171875,1605.25,1579.962158203125,8723790,HDFC Bank
2021-02-09,1610.0,1628.0,1586.699951171875,1611.8499755859375,1586.4581298828125,9210683,HDFC Bank
2021-02-10,1608.3499755859375,1614.8499755859375,1567.0,1581.75,1556.832275390625,9894003,HDFC Bank
2021-02-11,1582.0,1597.800048828125,1564.199951171875,1572.3499755859375,1547.580322265625,6824309,HDFC Bank
2021-02-12,1573.9000244140625,1592.5,1573.0,1581.949951171875,1557.029052734375,4955053,HDFC Bank
2021-02-15,1600.0999755859375,1625.0,1596.699951171875,1616.5999755859375,1591.13330078125,5177622,HDFC Bank
2021-02-16,1621.199951171875,1641.0,1608.449951171875,1626.6500244140625,1601.025146484375,6948679,HDFC Bank
2021-02-17,1620.0,1621.800048828125,1583.0,1586.5,1561.507568359375,6397213,HDFC Bank
2021-02-18,1605.949951171875,1605.949951171875,1548.0,1554.300048828125,1529.8148193359375,7360280,HDFC Bank
2021-02-19,1545.0,1564.199951171875,1533.0,1539.0999755859375,1514.854248046875,8569754,HDFC Bank
2021-02-22,1545.050048828125,1573.9000244140625,1539.449951171875,1548.0,1523.614013671875,14725919,HDFC Bank
2021-02-23,1553.75,1557.699951171875,1522.6500244140625,1529.1500244140625,1505.06103515625,9119953,HDFC Bank
2021-02-24,1526.5,1613.949951171875,1516.25,1606.449951171875,1581.143310546875,7157166,HDFC Bank
2021-02-25,1609.75,1636.25,1602.0,1606.4000244140625,1581.093994140625,10054785,HDFC Bank
2021-02-26,1587.050048828125,1588.9000244140625,1521.0,1534.4000244140625,1510.228271484375,13956423,HDFC Bank
2021-03-01,1564.0,1572.550048828125,1540.699951171875,1558.9000244140625,1534.3424072265625,6768009,HDFC Bank
2021-03-02,1575.699951171875,1587.5,1551.0,1568.199951171875,1543.4957275390625,8055019,HDFC Bank
2021-03-03,1584.0,1596.0,1565.0,1586.8499755859375,1561.8519287109375,5611205,HDFC Bank
2021-03-04,1548.550048828125,1571.0,1539.0999755859375,1552.050048828125,1527.600341796875,8145719,HDFC Bank
2021-03-05,1531.0,1545.5999755859375,1521.0999755859375,1530.0,1505.8975830078125,8722911,HDFC Bank
2021-03-08,1542.0,1555.0,1512.5,1519.5,1495.56298828125,7558525,HDFC Bank
2021-03-09,1545.0,1565.699951171875,1538.25,1562.5,1537.8856201171875,7533348,HDFC Bank
2021-03-10,1572.0,1575.0,1552.1500244140625,1555.75,1531.241943359375,5527508,HDFC Bank
2021-03-12,1600.0,1600.0,1535.050048828125,1551.949951171875,1527.501708984375,7815602,HDFC Bank
2021-03-15,1548.4000244140625,1548.4000244140625,1515.300048828125,1528.6500244140625,1504.56884765625,6115193,HDFC Bank
2021-03-16,1530.9000244140625,1540.4000244140625,1510.0,1512.1500244140625,1488.3287353515625,6861183,HDFC Bank
2021-03-17,1524.25,1539.0,1490.199951171875,1495.3499755859375,1471.79345703125,10532214,HDFC Bank
2021-03-18,1511.75,1522.050048828125,1481.1500244140625,1491.0,1467.511962890625,9032770,HDFC Bank
2021-03-19,1485.0,1511.199951171875,1474.050048828125,1497.5,1473.9095458984375,10617510,HDFC Bank
2021-03-22,1494.9000244140625,1494.9000244140625,1460.4000244140625,1469.1500244140625,1446.0062255859375,7007816,HDFC Bank
2021-03-23,1470.0,1507.449951171875,1469.0999755859375,1500.1500244140625,1476.517822265625,9880714,HDFC Bank
2021-03-24,1490.9000244140625,1506.449951171875,1471.0,1478.800048828125,1455.504150390625,8184450,HDFC Bank
2021-03-25,1490.199951171875,1495.550048828125,1450.25,1463.3499755859375,1440.2974853515625,11982178,HDFC Bank
2021-03-26,1494.0,1499.0,1474.0,1491.300048828125,1467.8072509765625,6010629,HDFC Bank
2021-03-30,1506.6500244140625,1562.550048828125,1501.550048828125,1553.699951171875,1529.22412109375,12803822,HDFC Bank
2021-03-31,1548.0,1548.0,1488.0,1493.6500244140625,1470.1202392578125,15387253,HDFC Bank
2021-04-01,1499.4000244140625,1499.4000244140625,1465.0,1486.75,1463.3289794921875,17881881,HDFC Bank
2021-04-05,1480.0,1485.0,1431.0,1449.5999755859375,1426.76416015625,8003293,HDFC Bank
2021-04-06,1460.0,1462.6500244140625,1432.6500244140625,1440.25,1417.5614013671875,7537867,HDFC Bank
2021-04-07,1439.300048828125,1456.699951171875,1421.550048828125,1447.199951171875,1424.4019775390625,12544090,HDFC Bank
2021-04-08,1453.0,1460.9000244140625,1430.5,1432.800048828125,1410.228759765625,8806796,HDFC Bank
2021-04-09,1426.0,1432.800048828125,1415.0999755859375,1421.75,1399.3529052734375,14078908,HDFC Bank
2021-04-12,1393.0,1399.0,1353.0,1367.050048828125,1345.5146484375,11274564,HDFC Bank
2021-04-13,1368.0,1406.449951171875,1361.0,1400.3499755859375,1378.2900390625,9300341,HDFC Bank
2021-04-15,1405.0,1436.699951171875,1391.0,1430.0999755859375,1407.5714111328125,17222492,HDFC Bank
2021-04-16,1434.949951171875,1445.0,1423.5,1428.6500244140625,1406.1441650390625,7803263,HDFC Bank
2021-04-19,1390.0,1417.699951171875,1372.300048828125,1412.4000244140625,1390.150146484375,12034621,HDFC Bank
2021-04-20,1425.0,1426.4000244140625,1383.949951171875,1391.4000244140625,1369.48095703125,11593135,HDFC Bank
2021-04-22,1380.0,1426.800048828125,1371.050048828125,1422.5,1400.091064453125,19242656,HDFC Bank
2021-04-23,1409.0,1434.5999755859375,1400.199951171875,1414.1500244140625,1391.87255859375,11356764,HDFC Bank
2021-04-26,1413.0,1429.0,1402.75,1404.800048828125,1382.669921875,15085476,HDFC Bank
2021-04-27,1407.25,1442.0,1404.800048828125,1438.699951171875,1416.0357666015625,10296453,HDFC Bank
2021-04-28,1436.25,1479.0,1431.0,1476.800048828125,1453.5357666015625,12051970,HDFC Bank
2021-04-29,1486.199951171875,1503.6500244140625,1461.0,1472.5,1449.303466796875,12039276,HDFC Bank
2021-04-30,1445.0,1453.800048828125,1407.5,1412.300048828125,1390.0518798828125,17616451,HDFC Bank
2021-05-03,1393.0,1421.9000244140625,1377.300048828125,1414.449951171875,1392.1678466796875,11236850,HDFC Bank
2021-05-04,1409.949951171875,1423.0,1383.300048828125,1388.3499755859375,1366.47900390625,10743164,HDFC Bank
2021-05-05,1401.0,1409.5999755859375,1381.699951171875,1402.5999755859375,1380.5045166015625,7210806,HDFC Bank
2021-05-06,1407.5999755859375,1410.800048828125,1395.0,1400.9000244140625,1378.831298828125,5738522,HDFC Bank
2021-05-07,1412.949951171875,1424.949951171875,1410.25,1414.75,1392.463134765625,6024167,HDFC Bank
2021-05-10,1427.0,1430.0,1412.800048828125,1419.8499755859375,1397.4827880859375,5530025,HDFC Bank
2021-05-11,1396.0,1424.199951171875,1395.050048828125,1403.550048828125,1381.4395751953125,7259517,HDFC Bank
2021-05-12,1399.75,1408.5999755859375,1388.8499755859375,1399.5,1377.453369140625,6887463,HDFC Bank
2021-05-14,1394.3499755859375,1398.9000244140625,1382.3499755859375,1386.8499755859375,1365.002685546875,5302071,HDFC Bank
2021-05-17,1395.1500244140625,1442.5999755859375,1381.300048828125,1440.25,1417.5614013671875,7560346,HDFC Bank
2021-05-18,1458.949951171875,1482.75,1455.0,1476.699951171875,1453.4371337890625,11082640,HDFC Bank
2021-05-19,1470.199951171875,1478.8499755859375,1452.550048828125,1458.199951171875,1435.2286376953125,5065458,HDFC Bank
2021-05-20,1458.3499755859375,1465.9000244140625,1428.5,1432.800048828125,1410.228759765625,5342092,HDFC Bank
2021-05-21,1443.0,1501.9000244140625,1443.0,1497.300048828125,1473.712646484375,9670823,HDFC Bank
2021-05-24,1503.25,1520.449951171875,1498.5,1509.949951171875,1486.163330078125,11073051,HDFC Bank
2021-05-25,1510.5,1513.75,1470.5,1478.949951171875,1455.6517333984375,9618487,HDFC Bank
2021-05-26,1480.0,1487.0,1470.0,1477.050048828125,1453.78173828125,6141995,HDFC Bank
2021-05-27,1473.0999755859375,1489.0,1462.449951171875,1482.6500244140625,1459.2935791015625,10219748,HDFC Bank
2021-05-28,1490.9000244140625,1513.0,1478.75,1503.449951171875,1479.7657470703125,8875010,HDFC Bank
2021-05-31,1500.0,1519.5,1487.5,1515.8499755859375,1491.970458984375,7830527,HDFC Bank
2021-06-01,1520.300048828125,1527.0,1507.25,1511.699951171875,1487.8858642578125,5515081,HDFC Bank
2021-06-02,1510.0,1510.199951171875,1493.0,1504.0,1480.3072509765625,5312008,HDFC Bank
2021-06-03,1508.0,1524.949951171875,1487.75,1520.550048828125,1496.596435546875,5143630,HDFC Bank
2021-06-04,1516.0,1520.6500244140625,1499.199951171875,1500.949951171875,1477.30517578125,4712238,HDFC Bank
2021-06-07,1510.0,1514.0,1496.0,1499.8499755859375,1476.222412109375,4045834,HDFC Bank
2021-06-08,1496.550048828125,1501.300048828125,1481.5,1483.050048828125,1459.687255859375,4936270,HDFC Bank
2021-06-09,1483.9000244140625,1502.0,1472.050048828125,1480.300048828125,1456.9805908203125,5111721,HDFC Bank
2021-06-10,1482.0999755859375,1489.0,1473.6500244140625,1481.050048828125,1457.71875,5741770,HDFC Bank
2021-06-11,1491.0,1496.550048828125,1481.050048828125,1486.3499755859375,1462.9351806640625,3602987,HDFC Bank
2021-06-14,1478.25,1486.0,1462.550048828125,1479.449951171875,1456.143798828125,4440982,HDFC Bank
2021-06-15,1486.0,1496.0,1474.800048828125,1490.25,1466.773681640625,3784801,HDFC Bank
2021-06-16,1488.0,1494.0,1478.0999755859375,1484.5999755859375,1461.2127685546875,3851049,HDFC Bank
2021-06-17,1466.0,1478.75,1460.0,1466.0999755859375,1443.004150390625,4641901,HDFC Bank
2021-06-18,1469.5,1490.0,1455.0,1479.800048828125,1456.4884033203125,5969030,HDFC Bank
2021-06-21,1461.3499755859375,1491.800048828125,1459.0,1488.699951171875,1465.2481689453125,3630236,HDFC Bank
2021-06-22,1497.0,1508.0,1480.0,1483.800048828125,1460.425537109375,7183412,HDFC Bank
2021-06-23,1490.0,1497.800048828125,1478.5999755859375,1485.5,1462.0986328125,3922434,HDFC Bank
2021-06-24,1490.0,1513.449951171875,1488.0,1506.25,1482.521728515625,7392512,HDFC Bank
2021-06-25,1511.0999755859375,1522.0,1507.0,1515.0999755859375,1491.2322998046875,5191588,HDFC Bank
2021-06-28,1520.0,1523.0,1505.0,1508.3499755859375,1484.588623046875,4678393,HDFC Bank
2021-06-29,1507.0,1508.199951171875,1492.1500244140625,1502.050048828125,1484.786376953125,5485846,HDFC Bank
2021-06-30,1498.0,1509.0,1494.0999755859375,1497.9000244140625,1480.68408203125,4839511,HDFC Bank
2021-07-01,1502.0,1502.0,1483.0,1486.75,1469.6622314453125,8455721,HDFC Bank
2021-07-02,1485.0,1489.25,1477.0,1480.4000244140625,1463.38525390625,7413518,HDFC Bank
2021-07-05,1489.949951171875,1504.5,1484.550048828125,1495.449951171875,1478.26220703125,3686941,HDFC Bank
2021-07-06,1497.0,1540.0,1496.0,1534.699951171875,1517.06103515625,8834516,HDFC Bank
2021-07-07,1534.0,1545.3499755859375,1527.699951171875,1539.5,1521.805908203125,4814595,HDFC Bank
2021-07-08,1525.0,1537.699951171875,1513.449951171875,1520.449951171875,1502.974853515625,4210461,HDFC Bank
2021-07-09,1512.550048828125,1516.0,1497.5,1502.0,1484.7369384765625,5347921,HDFC Bank
2021-07-12,1502.0,1502.0,1484.0,1487.0,1469.9093017578125,7229489,HDFC Bank
2021-07-13,1496.0999755859375,1506.0999755859375,1484.0999755859375,1501.8499755859375,1484.588623046875,9089071,HDFC Bank
2021-07-14,1497.5,1507.3499755859375,1491.0999755859375,1499.1500244140625,1481.919677734375,4894247,HDFC Bank
2021-07-15,1505.0,1526.75,1499.6500244140625,1520.699951171875,1503.221923828125,5219401,HDFC Bank
2021-07-16,1527.949951171875,1529.949951171875,1518.800048828125,1522.3499755859375,1504.85302734375,2585314,HDFC Bank
2021-07-19,1487.0,1488.8499755859375,1466.0,1471.0,1454.09326171875,12555800,HDFC Bank
2021-07-20,1442.0,1454.0,1436.1500244140625,1443.1500244140625,1426.5633544921875,12087125,HDFC Bank
2021-07-22,1456.0999755859375,1468.5,1445.0,1448.699951171875,1432.0494384765625,6603557,HDFC Bank
2021-07-23,1451.5,1457.449951171875,1435.300048828125,1442.75,1426.16796875,6563342,HDFC Bank
2021-07-26,1430.0,1444.0,1428.0999755859375,1434.550048828125,1418.062255859375,6583583,HDFC Bank
2021-07-27,1436.0999755859375,1449.9000244140625,1436.0999755859375,1439.75,1423.202392578125,11200715,HDFC Bank
2021-07-28,1435.050048828125,1438.699951171875,1404.0,1417.300048828125,1401.010498046875,10335171,HDFC Bank
2021-07-29,1428.25,1429.949951171875,1413.300048828125,1418.25,1401.949462890625,6851115,HDFC Bank
2021-07-30,1419.0,1431.75,1407.949951171875,1426.449951171875,1410.05517578125,5827744,HDFC Bank
2021-08-02,1435.0,1435.0,1416.25,1422.6500244140625,1406.2989501953125,6629393,HDFC Bank
2021-08-03,1410.0,1439.9000244140625,1410.0,1434.699951171875,1418.21044921875,6016560,HDFC Bank
2021-08-04,1441.0,1474.5,1440.0,1465.300048828125,1448.458740234375,11026974,HDFC Bank
2021-08-05,1467.0999755859375,1507.050048828125,1457.4000244140625,1484.8499755859375,1467.7840576171875,9411204,HDFC Bank
2021-08-06,1483.550048828125,1500.0,1474.0,1492.6500244140625,1475.494384765625,6669635,HDFC Bank
2021-08-09,1492.0,1507.3499755859375,1476.0,1503.9000244140625,1486.6151123046875,5499024,HDFC Bank
2021-08-10,1489.0,1519.75,1489.0,1507.6500244140625,1490.322021484375,7419173,HDFC Bank
2021-08-11,1514.9000244140625,1518.8499755859375,1491.050048828125,1494.949951171875,1477.7679443359375,6292893,HDFC Bank
2021-08-12,1497.0,1507.5999755859375,1489.300048828125,1501.4000244140625,1484.143798828125,4298837,HDFC Bank
2021-08-13,1501.199951171875,1531.0,1501.0,1526.199951171875,1508.65869140625,8329214,HDFC Bank
2021-08-16,1526.1500244140625,1535.0,1521.449951171875,1530.5999755859375,1513.0081787109375,3126389,HDFC Bank
2021-08-17,1517.199951171875,1524.0,1505.300048828125,1514.6500244140625,1497.2415771484375,4141333,HDFC Bank
2021-08-18,1556.699951171875,1565.3499755859375,1508.3499755859375,1513.0,1495.6104736328125,11492966,HDFC Bank
2021-08-20,1486.050048828125,1519.800048828125,1486.050048828125,1514.75,1497.3404541015625,6575203,HDFC Bank
2021-08-23,1529.8499755859375,1533.1500244140625,1508.6500244140625,1524.5999755859375,1507.0771484375,5421527,HDFC Bank
2021-08-24,1530.0,1564.5,1527.449951171875,1558.8499755859375,1540.9334716796875,9190657,HDFC Bank
2021-08-25,1552.0999755859375,1564.800048828125,1548.0,1557.4000244140625,1539.500244140625,3863987,HDFC Bank
2021-08-26,1550.0,1571.0,1543.449951171875,1554.800048828125,1536.93017578125,5559501,HDFC Bank
2021-08-27,1552.0,1558.6500244140625,1545.25,1548.449951171875,1530.653076171875,3191069,HDFC Bank
2021-08-30,1555.5999755859375,1570.0,1551.5999755859375,1568.25,1550.2254638671875,4524583,HDFC Bank
2021-08-31,1563.5,1583.3499755859375,1562.199951171875,1581.4000244140625,1563.224365234375,6031288,HDFC Bank
2021-09-01,1575.0,1598.0,1574.5,1579.0999755859375,1560.9508056640625,6211279,HDFC Bank
2021-09-02,1574.0999755859375,1592.0,1571.25,1589.0,1570.737060546875,4809262,HDFC Bank
2021-09-03,1586.0999755859375,1598.0,1568.300048828125,1576.050048828125,1557.9359130859375,5367667,HDFC Bank
2021-09-06,1579.949951171875,1580.949951171875,1561.949951171875,1565.699951171875,1547.7047119140625,3938448,HDFC Bank
2021-09-07,1562.5,1582.0,1555.199951171875,1569.25,1551.2139892578125,3622748,HDFC Bank
2021-09-08,1571.949951171875,1580.5,1565.5999755859375,1576.4000244140625,1558.2818603515625,3362040,HDFC Bank
2021-09-09,1574.0,1579.449951171875,1561.0,1568.5999755859375,1550.5714111328125,4125474,HDFC Bank
2021-09-13,1562.0,1584.0,1553.6500244140625,1555.550048828125,1537.6715087890625,4479582,HDFC Bank
2021-09-14,1560.0,1564.5,1546.5999755859375,1548.550048828125,1530.751953125,4879253,HDFC Bank
2021-09-15,1535.0,1554.800048828125,1535.0,1546.800048828125,1529.0220947265625,7411499,HDFC Bank
2021-09-16,1537.75,1564.300048828125,1536.300048828125,1559.949951171875,1542.0208740234375,5130275,HDFC Bank
2021-09-17,1569.0,1589.0,1559.199951171875,1582.1500244140625,1563.9658203125,10249051,HDFC Bank
2021-09-20,1564.0,1581.699951171875,1558.0,1559.8499755859375,1541.9219970703125,4390805,HDFC Bank
2021-09-21,1562.0,1568.6500244140625,1528.949951171875,1551.949951171875,1534.11279296875,7387498,HDFC Bank
2021-09-22,1549.0,1550.1500244140625,1530.0,1533.699951171875,1516.072509765625,5291101,HDFC Bank
2021-09-23,1542.0,1572.0,1542.0,1570.0,1551.9554443359375,6832152,HDFC Bank
2021-09-24,1579.0,1607.949951171875,1575.0,1601.550048828125,1583.142822265625,10403351,HDFC Bank
2021-09-27,1615.699951171875,1635.5,1608.0,1625.0999755859375,1606.422119140625,8207731,HDFC Bank
2021-09-28,1632.0,1632.0,1582.0,1615.050048828125,1596.4876708984375,6386895,HDFC Bank
2021-09-29,1597.0,1606.5999755859375,1585.1500244140625,1593.8499755859375,1575.53125,8131518,HDFC Bank
2021-09-30,1586.0,1606.3499755859375,1583.0999755859375,1594.949951171875,1576.6185302734375,7987674,HDFC Bank
2021-10-01,1583.0,1589.0,1565.25,1582.699951171875,1564.5093994140625,5564298,HDFC Bank
2021-10-04,1589.0,1601.3499755859375,1583.5999755859375,1585.75,1567.5244140625,3525514,HDFC Bank
2021-10-05,1592.0,1597.5,1576.25,1595.449951171875,1577.11279296875,5128589,HDFC Bank
2021-10-06,1596.0,1626.8499755859375,1587.0,1614.9000244140625,1596.33935546875,9300415,HDFC Bank
2021-10-07,1626.5999755859375,1627.699951171875,1607.0,1610.5,1591.9898681640625,5632862,HDFC Bank
2021-10-08,1612.0,1622.0,1600.1500244140625,1602.6500244140625,1584.2301025390625,3622781,HDFC Bank
2021-10-11,1599.9000244140625,1645.0,1599.0,1633.800048828125,1615.022216796875,6540424,HDFC Bank
2021-10-12,1625.0,1641.550048828125,1625.0,1629.5999755859375,1610.870361328125,4088473,HDFC Bank
2021-10-13,1637.0,1648.0,1630.0,1639.4000244140625,1620.5577392578125,3112822,HDFC Bank
2021-10-14,1638.0,1690.0,1638.0,1687.4000244140625,1668.006103515625,7378644,HDFC Bank
2021-10-18,1705.0,1725.0,1667.050048828125,1670.300048828125,1651.1026611328125,14428228,HDFC Bank
2021-10-19,1675.449951171875,1692.449951171875,1671.0,1688.699951171875,1669.291015625,4493770,HDFC Bank
2021-10-20,1689.0999755859375,1698.75,1664.449951171875,1673.8499755859375,1654.61181640625,5454284,HDFC Bank
2021-10-21,1671.800048828125,1681.949951171875,1660.8499755859375,1676.300048828125,1657.03369140625,4869095,HDFC Bank
2021-10-22,1680.0999755859375,1708.0,1670.75,1680.75,1661.4324951171875,6087777,HDFC Bank
2021-10-25,1690.0,1690.0,1613.800048828125,1657.0,1637.9554443359375,8213383,HDFC Bank
2021-10-26,1650.0,1673.8499755859375,1646.3499755859375,1652.75,1633.7542724609375,6045328,HDFC Bank
2021-10-27,1652.75,1665.050048828125,1637.300048828125,1642.800048828125,1623.918701171875,6624821,HDFC Bank
2021-10-28,1650.0,1650.0,1587.1500244140625,1593.5999755859375,1575.2840576171875,8898875,HDFC Bank
2021-10-29,1590.0,1602.0,1560.0,1582.8499755859375,1564.65771484375,6203437,HDFC Bank
2021-11-01,1585.0,1611.0,1583.550048828125,1605.300048828125,1586.8497314453125,4061160,HDFC Bank
2021-11-02,1606.0,1622.0,1600.050048828125,1606.75,1588.282958984375,6618861,HDFC Bank
2021-11-03,1605.0999755859375,1609.9000244140625,1575.550048828125,1581.449951171875,1563.273681640625,5103669,HDFC Bank
2021-11-04,1595.0,1597.8499755859375,1590.0999755859375,1593.949951171875,1575.630126953125,548404,HDFC Bank
2021-11-08,1592.0999755859375,1604.699951171875,1570.449951171875,1600.25,1581.857666015625,9471790,HDFC Bank
2021-11-09,1594.5999755859375,1594.5999755859375,1569.050048828125,1572.25,1554.1795654296875,6347738,HDFC Bank
2021-11-10,1568.0,1569.0,1550.0,1555.25,1537.3748779296875,6857063,HDFC Bank
2021-11-11,1550.050048828125,1554.9000244140625,1535.5999755859375,1548.300048828125,1530.5048828125,3999702,HDFC Bank
2021-11-12,1550.0,1559.050048828125,1545.050048828125,1553.0,1535.1507568359375,7457046,HDFC Bank
2021-11-15,1562.0999755859375,1571.8499755859375,1554.4000244140625,1557.25,1539.3519287109375,4766797,HDFC Bank
2021-11-16,1555.0,1557.199951171875,1541.5999755859375,1548.0,1530.208251953125,4122703,HDFC Bank
2021-11-17,1536.9000244140625,1544.0,1528.5,1530.800048828125,1513.2059326171875,3799439,HDFC Bank
2021-11-18,1526.050048828125,1543.5,1525.25,1539.4000244140625,1521.7071533203125,4576437,HDFC Bank
2021-11-22,1546.0,1552.699951171875,1499.050048828125,1515.3499755859375,1497.9334716796875,7630636,HDFC Bank
2021-11-23,1502.0,1527.800048828125,1496.3499755859375,1515.550048828125,1498.1312255859375,5617607,HDFC Bank
2021-11-24,1524.0,1536.3499755859375,1514.050048828125,1518.050048828125,1500.6025390625,15401143,HDFC Bank
2021-11-25,1514.800048828125,1533.300048828125,1507.0,1525.949951171875,1508.41162109375,5125826,HDFC Bank
2021-11-26,1500.0,1506.699951171875,1485.0,1489.9000244140625,1472.7760009765625,9312468,HDFC Bank
2021-11-29,1494.800048828125,1507.6500244140625,1462.0,1501.25,1483.99560546875,6495498,HDFC Bank
2021-11-30,1495.0,1529.0,1486.550048828125,1493.550048828125,1476.3841552734375,12610771,HDFC Bank
2021-12-01,1495.0,1507.050048828125,1489.0999755859375,1504.6500244140625,1487.3564453125,4338817,HDFC Bank
2021-12-02,1504.5,1528.800048828125,1500.0,1525.75,1508.2139892578125,5601555,HDFC Bank
2021-12-03,1525.800048828125,1535.949951171875,1507.050048828125,1513.550048828125,1496.1541748046875,4062347,HDFC Bank
2021-12-06,1513.0,1518.800048828125,1497.3499755859375,1503.800048828125,1486.5162353515625,3514766,HDFC Bank
2021-12-07,1513.949951171875,1532.0,1509.9000244140625,1525.699951171875,1508.16455078125,6213767,HDFC Bank
2021-12-08,1536.0,1555.050048828125,1534.0,1553.800048828125,1535.941650390625,7647767,HDFC Bank
2021-12-09,1545.199951171875,1554.699951171875,1522.0,1526.8499755859375,1509.30126953125,5873872,HDFC Bank
2021-12-10,1524.9000244140625,1528.0,1508.449951171875,1522.550048828125,1505.05078125,3889692,HDFC Bank
2021-12-13,1526.0,1537.6500244140625,1507.199951171875,1511.1500244140625,1493.78173828125,5161071,HDFC Bank
2021-12-14,1502.5,1516.0,1497.050048828125,1502.449951171875,1485.1817626953125,4595550,HDFC Bank
2021-12-15,1503.0,1523.3499755859375,1495.6500244140625,1500.0,1482.7598876953125,5057574,HDFC Bank
2021-12-16,1512.800048828125,1517.0,1494.0,1500.0999755859375,1482.8587646484375,6605216,HDFC Bank
2021-12-17,1497.0,1506.0,1467.699951171875,1473.050048828125,1456.1197509765625,7497384,HDFC Bank
2021-12-20,1452.0,1458.0,1414.0999755859375,1425.6500244140625,1409.2645263671875,10578334,HDFC Bank
2021-12-21,1439.5,1450.75,1430.0,1441.800048828125,1425.2288818359375,4559375,HDFC Bank
2021-12-22,1452.300048828125,1456.0,1435.699951171875,1445.199951171875,1428.5897216796875,4288742,HDFC Bank
2021-12-23,1453.25,1457.800048828125,1436.8499755859375,1444.0999755859375,1427.5023193359375,4889583,HDFC Bank
2021-12-24,1445.5,1452.0,1428.0,1438.9000244140625,1422.3621826171875,2780512,HDFC Bank
2021-12-27,1428.9000244140625,1454.0,1422.1500244140625,1450.800048828125,1434.12548828125,2352549,HDFC Bank
2021-12-28,1460.699951171875,1466.9000244140625,1453.4000244140625,1460.800048828125,1444.010498046875,2725339,HDFC Bank
2021-12-29,1456.050048828125,1461.0,1447.4000244140625,1453.8499755859375,1437.1402587890625,3834351,HDFC Bank
2021-12-30,1458.5,1466.8499755859375,1445.0,1461.5,1444.702392578125,3607959,HDFC Bank
2021-12-31,1461.5,1484.800048828125,1461.5,1479.4000244140625,1462.396728515625,3162868,HDFC Bank
